class,path,name,rank,cves
exploits,exploits/example_linux_priv_esc,"Sample Linux Priv Esc",normal,
exploits,exploits/example_linux_persistence,"Sample Linux Persistence",excellent,
exploits,exploits/example_webapp,"Sample Webapp Exploit",normal,
exploits,exploits/example,"Sample Exploit",normal,
exploits,exploits/multi/handler,"Generic Payload Handler",manual,
exploits,exploits/aix/rpc_cmsd_opcode21,"AIX Calendar Manager Service Daemon (rpc.cmsd) Opcode 21 Buffer Overflow",great,
exploits,exploits/aix/rpc_ttdbserverd_realpath,"ToolTalk rpc.ttdbserverd _tt_internal_realpath Buffer Overflow (AIX)",great,
exploits,exploits/openbsd/local/dynamic_loader_chpass_privesc,"OpenBSD Dynamic Loader chpass Privilege Escalation",excellent,CVE-2019-19726
exploits,exploits/mainframe/ftp/ftp_jcl_creds,"FTP JCL Execution",normal,
exploits,exploits/multi/vnc/vnc_keyboard_exec,"VNC Keyboard Remote Code Execution",great,
exploits,exploits/multi/scada/inductive_ignition_rce,"Inductive Automation Ignition Remote Code Execution",excellent,
exploits,exploits/multi/wyse/hagent_untrusted_hsdata,"Wyse Rapport Hagent Fake Hserver Command Execution",excellent,
exploits,exploits/multi/upnp/libupnp_ssdp_overflow,"Portable UPnP SDK unique_service_name() Remote Code Execution",normal,
exploits,exploits/multi/postgres/postgres_createlang,"PostgreSQL CREATE LANGUAGE Execution",good,
exploits,exploits/multi/postgres/postgres_copy_from_program_cmd_exec,"PostgreSQL COPY FROM PROGRAM Command Execution",excellent,
exploits,exploits/multi/ftp/wuftpd_site_exec_format,"WU-FTPD SITE EXEC/INDEX Format String Vulnerability",great,
exploits,exploits/multi/ftp/pureftpd_bash_env_exec,"Pure-FTPd External Authentication Bash Environment Variable Code Injection (Shellshock)",excellent,
exploits,exploits/multi/gdb/gdb_server_exec,"GDB Server Remote Payload Execution",great,
exploits,exploits/multi/vpn/tincd_bof,"Tincd Post-Authentication Remote TCP Stack Buffer Overflow",average,
exploits,exploits/multi/php/jorani_path_trav,"Jorani unauthenticated Remote Code Execution",excellent,
exploits,exploits/multi/php/wp_duplicator_code_inject,"Snap Creek Duplicator WordPress plugin code injection",manual,
exploits,exploits/multi/php/php_unserialize_zval_cookie,"PHP 4 unserialize() ZVAL Reference Counter Overflow (Cookie)",average,
exploits,exploits/multi/php/ignition_laravel_debug_rce,"Unauthenticated remote code execution in Ignition",excellent,
exploits,exploits/multi/ssh/sshexec,"SSH User Code Execution",manual,
exploits,exploits/multi/script/web_delivery,"Script Web Delivery",manual,
exploits,exploits/multi/fileformat/swagger_param_inject,"JSON Swagger CodeGen Parameter Injector",excellent,CVE-2016-5641
exploits,exploits/multi/fileformat/js_unpacker_eval_injection,"Javascript Injection for Eval-based Unpackers",excellent,
exploits,exploits/multi/fileformat/evince_cbt_cmd_injection,"Evince CBT File Command Injection",excellent,CVE-2017-1000083
exploits,exploits/multi/fileformat/libreoffice_logo_exec,"LibreOffice Macro Python Code Execution",normal,CVE-2018-16858;CVE-2019-9848;CVE-2019-9851
exploits,exploits/multi/fileformat/archive_tar_arb_file_write,"PEAR Archive_Tar 1.4.10 Arbitrary File Write",excellent,
exploits,exploits/multi/fileformat/libreoffice_macro_exec,"LibreOffice Macro Code Execution",normal,CVE-2018-16858
exploits,exploits/multi/fileformat/ghostscript_format_string_cve_2024_29510,"Ghostscript Command Execution via Format String",excellent,CVE-2024-29510
exploits,exploits/multi/fileformat/xdg_desktop,"Malicious XDG Desktop File",great,
exploits,exploits/multi/fileformat/gitlens_local_config_exec,"GitLens Git Local Configuration Exec",excellent,
exploits,exploits/multi/fileformat/adobe_u3d_meshcont,"Adobe U3D CLODProgressiveMeshDeclaration Array Overrun",good,
exploits,exploits/multi/fileformat/nodejs_js_yaml_load_code_exec,"Nodejs js-yaml load() Code Execution",excellent,
exploits,exploits/multi/fileformat/office_word_macro,"office_word_macro",excellent,
exploits,exploits/multi/fileformat/peazip_command_injection,"PeaZip Zip Processing Command Injection",excellent,
exploits,exploits/multi/fileformat/ghostscript_failed_restore,"Ghostscript Failed Restore Command Execution",excellent,
exploits,exploits/multi/fileformat/maple_maplet,"Maple Maplet File Creation and Command Execution",excellent,
exploits,exploits/multi/fileformat/zip_slip,"Generic Zip Slip Traversal Vulnerability",manual,
exploits,exploits/multi/fileformat/visual_studio_vsix_exec,"Visual Studio vsix Extension Exec",excellent,
exploits,exploits/multi/kubernetes/exec,"Kubernetes authenticated code execution",manual,
exploits,exploits/multi/ids/snort_dce_rpc,"Snort 2 DCE/RPC Preprocessor Buffer Overflow",good,
exploits,exploits/multi/svn/svnserve_date,"Subversion Date Svnserve",average,
exploits,exploits/multi/veritas/beagent_sha_auth_rce,"Veritas Backup Exec Agent Remote Code Execution",excellent,
exploits,exploits/multi/browser/java_trusted_chain,"Java Statement.invoke() Trusted Method Chain Privilege Escalation",excellent,CVE-2010-0840
exploits,exploits/multi/browser/itms_overflow,"Apple OS X iTunes 8.1.1 ITMS Overflow",great,
exploits,exploits/multi/browser/java_calendar_deserialize,"Sun Java Calendar Deserialization Privilege Escalation",excellent,CVE-2008-5353
exploits,exploits/multi/browser/java_jre17_glassfish_averagerangestatisticimpl,"Java Applet AverageRangeStatisticImpl Remote Code Execution",excellent,CVE-2012-5076
exploits,exploits/multi/browser/firefox_xpi_bootstrapped_addon,"Mozilla Firefox Bootstrapped Addon Social Engineering Code Execution",excellent,
exploits,exploits/multi/browser/java_jre17_exec,"Java 7 Applet Remote Code Execution",excellent,CVE-2012-4681
exploits,exploits/multi/browser/mozilla_navigatorjava,"Mozilla Suite/Firefox Navigator Object Code Execution",normal,
exploits,exploits/multi/browser/adobe_flash_nellymoser_bof,"Adobe Flash Player Nellymoser Audio Decoding Buffer Overflow",great,CVE-2015-3043;CVE-2015-3113
exploits,exploits/multi/browser/mozilla_compareto,"Mozilla Suite/Firefox compareTo() Code Execution",normal,
exploits,exploits/multi/browser/java_jre17_method_handle,"Java Applet Method Handle Remote Code Execution",excellent,CVE-2012-5088
exploits,exploits/multi/browser/adobe_flash_uncompress_zlib_uaf,"Adobe Flash Player ByteArray UncompressViaZlibVariant Use After Free",great,CVE-2015-0311
exploits,exploits/multi/browser/java_jre17_jaxws,"Java Applet JAX-WS Remote Code Execution",excellent,CVE-2012-5067;CVE-2012-5076
exploits,exploits/multi/browser/firefox_pdfjs_privilege_escalation,"Firefox PDF.js Privileged Javascript Injection",manual,CVE-2015-0802
exploits,exploits/multi/browser/firefox_queryinterface,"Firefox location.QueryInterface() Code Execution",normal,
exploits,exploits/multi/browser/java_setdifficm_bof,"Sun Java JRE AWT setDiffICM Buffer Overflow",great,CVE-2009-3869
exploits,exploits/multi/browser/java_jre17_provider_skeleton,"Java Applet ProviderSkeleton Insecure Invoke Method",great,CVE-2013-2460
exploits,exploits/multi/browser/adobe_flash_shader_drawing_fill,"Adobe Flash Player Drawing Fill Shader Memory Corruption",great,CVE-2015-3105
exploits,exploits/multi/browser/opera_configoverwrite,"Opera 9 Configuration Overwrite",excellent,
exploits,exploits/multi/browser/chrome_object_create,"Google Chrome 67, 68 and 69 Object.create exploit",manual,CVE-2019-1458
exploits,exploits/multi/browser/adobe_flash_shader_job_overflow,"Adobe Flash Player ShaderJob Buffer Overflow",great,CVE-2015-3090
exploits,exploits/multi/browser/chrome_simplifiedlowering_overflow,"Google Chrome versions before 87.0.4280.88 integer overflow during SimplfiedLowering phase",manual,CVE-2020-16040
exploits,exploits/multi/browser/java_jre17_reflection_types,"Java Applet Reflection Type Confusion Remote Code Execution",excellent,
exploits,exploits/multi/browser/firefox_proxy_prototype,"Firefox Proxy Prototype Privileged Javascript Injection",manual,CVE-2014-8636
exploits,exploits/multi/browser/java_jre17_driver_manager,"Java Applet Driver Manager Privileged toString() Remote Code Execution",excellent,CVE-2013-1488
exploits,exploits/multi/browser/chrome_array_map,"Google Chrome 72 and 73 Array.map exploit",manual,CVE-2019-5825
exploits,exploits/multi/browser/java_rmi_connection_impl,"Java RMIConnectionImpl Deserialization Privilege Escalation",excellent,CVE-2010-0094
exploits,exploits/multi/browser/java_storeimagearray,"Java storeImageArray() Invalid Array Indexing Vulnerability",great,CVE-2013-2465
exploits,exploits/multi/browser/java_jre17_jmxbean_2,"Java Applet JMX Remote Code Execution",excellent,CVE-2013-0431
exploits,exploits/multi/browser/chrome_jscreate_sideeffect,"Google Chrome 80 JSCreate side-effect type confusion exploit",manual,CVE-2020-6418
exploits,exploits/multi/browser/java_getsoundbank_bof,"Sun Java JRE getSoundbank file:// URI Buffer Overflow",great,CVE-2009-3867
exploits,exploits/multi/browser/adobe_flash_opaque_background_uaf,"Adobe Flash opaqueBackground Use After Free",great,CVE-2015-5122
exploits,exploits/multi/browser/chrome_cve_2021_21220_v8_insufficient_validation,"Google Chrome versions before 89.0.4389.128 V8 XOR Typer Out-Of-Bounds Access RCE",manual,
exploits,exploits/multi/browser/firefox_escape_retval,"Firefox 3.5 escape() Return Value Memory Corruption",normal,
exploits,exploits/multi/browser/adobe_flash_pixel_bender_bof,"Adobe Flash Player Shader Buffer Overflow",great,CVE-2014-0515
exploits,exploits/multi/browser/opera_historysearch,"Opera historysearch XSS",excellent,
exploits,exploits/multi/browser/java_jre17_jmxbean,"Java Applet JMX Remote Code Execution",excellent,CVE-2013-0422
exploits,exploits/multi/browser/firefox_svg_plugin,"Firefox 17.0.1 Flash Privileged Code Injection",excellent,CVE-2013-0757;CVE-2013-0758
exploits,exploits/multi/browser/adobe_flash_hacking_team_uaf,"Adobe Flash Player ByteArray Use After Free",great,CVE-2015-5119
exploits,exploits/multi/browser/java_verifier_field_access,"Java Applet Field Bytecode Verifier Cache Remote Code Execution",excellent,CVE-2012-1723
exploits,exploits/multi/browser/msfd_rce_browser,"Metasploit msfd Remote Code Execution via Browser",normal,
exploits,exploits/multi/browser/java_rhino,"Java Applet Rhino Script Engine Remote Code Execution",excellent,CVE-2011-3544
exploits,exploits/multi/browser/firefox_webidl_injection,"Firefox WebIDL Privileged Javascript Injection",excellent,
exploits,exploits/multi/browser/firefox_proto_crmfrequest,"Firefox 5.0 - 15.0.1 __exposedProps__ XCS Code Execution",excellent,CVE-2012-3993;CVE-2013-1710
exploits,exploits/multi/browser/java_atomicreferencearray,"Java AtomicReferenceArray Type Violation Vulnerability",excellent,CVE-2012-0507
exploits,exploits/multi/browser/firefox_jit_use_after_free,"Firefox MCallGetProperty Write Side Effects Use After Free Exploit",manual,CVE-2020-26950
exploits,exploits/multi/browser/adobe_flash_net_connection_confusion,"Adobe Flash Player NetConnection Type Confusion",great,CVE-2015-0336
exploits,exploits/multi/browser/java_signed_applet,"Java Signed Applet Social Engineering Code Execution",excellent,
exploits,exploits/multi/browser/qtjava_pointer,"Apple QTJava toQTPointer() Arbitrary Memory Access",excellent,
exploits,exploits/multi/browser/firefox_tostring_console_injection,"Firefox toString console.time Privileged Javascript Injection",excellent,CVE-2013-1670;CVE-2013-1710
exploits,exploits/multi/mysql/mysql_udf_payload,"Oracle MySQL UDF Payload Execution",excellent,
exploits,exploits/multi/realserver/describe,"RealServer Describe Buffer Overflow",great,
exploits,exploits/multi/local/xorg_x11_suid_server,"Xorg X11 Server SUID logfile Privilege Escalation",good,CVE-2018-14665
exploits,exploits/multi/local/allwinner_backdoor,"Allwinner 3.4 Legacy Kernel Local Privilege Escalation",excellent,
exploits,exploits/multi/local/xorg_x11_suid_server_modulepath,"Xorg X11 Server SUID modulepath Privilege Escalation",good,CVE-2018-14665
exploits,exploits/multi/local/vagrant_synced_folder_vagrantfile_breakout,"Vagrant Synced Folder Vagrantfile Breakout",excellent,
exploits,exploits/multi/local/magnicomp_sysinfo_mcsiwrapper_priv_esc,"MagniComp SysInfo mcsiwrapper Privilege Escalation",excellent,CVE-2017-6516
exploits,exploits/multi/ntp/ntp_overflow,"NTP Daemon readvar Buffer Overflow",good,
exploits,exploits/multi/iiop/cve_2023_21839_weblogic_rce,"Oracle Weblogic PreAuth Remote Command Execution via ForeignOpaqueReference IIOP Deserialization",excellent,CVE-2023-21839
exploits,exploits/multi/samba/nttrans,"Samba 2.2.2 - 2.2.6 nttrans Buffer Overflow",average,
exploits,exploits/multi/samba/usermap_script,"Samba 'username map script' Command Execution",excellent,CVE-2007-2447
exploits,exploits/multi/elasticsearch/script_mvel_rce,"ElasticSearch Dynamic Script Arbitrary Java Execution",excellent,
exploits,exploits/multi/elasticsearch/search_groovy_script,"ElasticSearch Search Groovy Sandbox Bypass",excellent,CVE-2015-1427
exploits,exploits/multi/hams/steamed,"Steamed Hams",manual,
exploits,exploits/multi/persistence/ssh_key,"SSH Key Persistence",excellent,
exploits,exploits/multi/persistence/obsidian_plugin,"Obsidian Plugin Persistence",excellent,
exploits,exploits/multi/persistence/burp_extension,"Burp Extension Persistence",excellent,
exploits,exploits/multi/persistence/periodic_script,"Periodic Script Persistence",excellent,
exploits,exploits/multi/persistence/joplin_plugin,"Joplin Plugin Persistence",excellent,
exploits,exploits/multi/persistence/at,"at(1) Persistence",excellent,
exploits,exploits/multi/persistence/vscode_extension,"VS Code Extension Persistence",excellent,
exploits,exploits/multi/persistence/cron,"Cron Persistence",excellent,
exploits,exploits/multi/persistence/python_site_specific_hook,"Python Site-Specific Hook Persistence",excellent,
exploits,exploits/multi/http/wp_simple_file_list_rce,"WordPress Simple File List Unauthenticated Remote Code Execution",good,
exploits,exploits/multi/http/glassfish_deployer,"Sun/Oracle GlassFish Server Authenticated Code Execution",excellent,
exploits,exploits/multi/http/vbulletin_unserialize,"vBulletin 5.1.2 Unserialize Code Execution",excellent,
exploits,exploits/multi/http/tomcat_partial_put_deserialization,"Tomcat Partial PUT Java Deserialization",excellent,CVE-2025-24813
exploits,exploits/multi/http/wp_plugin_modern_events_calendar_rce,"Wordpress Plugin Modern Events Calendar - Authenticated Remote Code Execution",excellent,
exploits,exploits/multi/http/cisco_dcnm_upload_2019,"Cisco Data Center Network Manager Unauthenticated Remote Code Execution",excellent,CVE-2019-1619;CVE-2019-1622
exploits,exploits/multi/http/cacti_graph_template_rce,"Cacti Graph Template authenticated RCE versions prior to 1.2.29",excellent,CVE-2025-24367
exploits,exploits/multi/http/oracle_ebs_cve_2025_61882_exploit_rce,"Oracle E-Business Suite CVE-2025-61882 RCE",excellent,CVE-2025-61882
exploits,exploits/multi/http/spree_searchlogic_exec,"Spreecommerce Arbitrary Command Execution",excellent,
exploits,exploits/multi/http/git_client_command_exec,"Malicious Git and Mercurial HTTP Server For CVE-2014-9390",excellent,CVE-2014-9390
exploits,exploits/multi/http/wp_givewp_rce,"GiveWP Unauthenticated Donation Process Exploit",excellent,CVE-2024-5932;CVE-2024-8353
exploits,exploits/multi/http/wp_plugin_elementor_auth_upload_rce,"Wordpress Plugin Elementor Authenticated Upload Remote Code Execution",excellent,
exploits,exploits/multi/http/vvveb_auth_rce_cve_2025_8518,"Remote Code Execution Vulnerability in Vvveb",excellent,
exploits,exploits/multi/http/crushftp_rce_cve_2023_43177,"CrushFTP Unauthenticated RCE",excellent,CVE-2023-43177
exploits,exploits/multi/http/metasploit_webui_console_command_execution,"Metasploit Web UI Diagnostic Console Command Execution",excellent,
exploits,exploits/multi/http/git_submodule_url_exec,"Malicious Git HTTP Server For CVE-2018-17456",excellent,CVE-2018-17456
exploits,exploits/multi/http/apache_flink_jar_upload_exec,"Apache Flink JAR Upload Java Code Execution",excellent,
exploits,exploits/multi/http/bolt_file_upload,"CMS Bolt File Upload Vulnerability",excellent,
exploits,exploits/multi/http/spip_connect_exec,"SPIP connect Parameter PHP Injection",excellent,
exploits,exploits/multi/http/struts2_code_exec_showcase,"Apache Struts 2 Struts 1 Plugin Showcase OGNL Code Execution",excellent,
exploits,exploits/multi/http/rails_dynamic_render_code_exec,"Ruby on Rails Dynamic Render File Upload Remote Code Execution",excellent,CVE-2016-0752
exploits,exploits/multi/http/churchinfo_upload_exec,"ChurchInfo 1.2.13-1.3.0 Authenticated RCE",normal,
exploits,exploits/multi/http/pmwiki_pagelist,"PmWiki pagelist.php Remote PHP Code Injection Exploit",excellent,
exploits,exploits/multi/http/wp_plugin_sp_project_document_rce,"Wordpress Plugin SP Project and Document - Authenticated Remote Code Execution",excellent,
exploits,exploits/multi/http/xerte_unauthenticated_importlanguage,"Xerte Online Toolkits Arbitrary File Upload - Import Language",excellent,
exploits,exploits/multi/http/pgadmin_session_deserialization,"pgAdmin Session Deserialization RCE",excellent,
exploits,exploits/multi/http/wp_catch_themes_demo_import,"Wordpress Plugin Catch Themes Demo Import RCE",normal,CVE-2021-39352
exploits,exploits/multi/http/jetbrains_teamcity_rce_cve_2024_27198,"JetBrains TeamCity Unauthenticated Remote Code Execution",excellent,CVE-2024-27198;CVE-2024-27199
exploits,exploits/multi/http/manageengine_servicedesk_plus_saml_rce_cve_2022_47966,"ManageEngine ServiceDesk Plus Unauthenticated SAML RCE",excellent,CVE-2022-47966
exploits,exploits/multi/http/wso2_api_manager_file_upload_rce,"WSO2 API Manager Documentation File Upload Remote Code Execution",excellent,
exploits,exploits/multi/http/subrion_cms_file_upload_rce,"Intelliants Subrion CMS 4.2.1 - Authenticated File Upload Bypass to RCE",excellent,
exploits,exploits/multi/http/zemra_panel_rce,"Zemra Botnet CnC Web Panel Remote Code Execution",excellent,
exploits,exploits/multi/http/spring_framework_rce_spring4shell,"Spring Framework Class property RCE (Spring4Shell)",manual,CVE-2022-22965
exploits,exploits/multi/http/papercut_ng_auth_bypass,"PaperCut PaperCutNG Authentication Bypass",excellent,CVE-2023-27350
exploits,exploits/multi/http/solarwinds_webhelpdesk_rce,"SolarWinds Web Help Desk unauthenticated RCE",great,CVE-2025-40536;CVE-2025-40551
exploits,exploits/multi/http/testlink_upload_exec,"testlink_upload_exec",excellent,
exploits,exploits/multi/http/sit_file_upload,"Support Incident Tracker Remote Command Execution",excellent,CVE-2011-3829;CVE-2011-3833
exploits,exploits/multi/http/cuteflow_upload_exec,"cuteflow_upload_exec",excellent,
exploits,exploits/multi/http/php_cgi_arg_injection,"PHP CGI Argument Injection",excellent,CVE-2012-1823
exploits,exploits/multi/http/vbulletin_replace_ad_template_rce,"vBulletin replaceAdTemplate Remote Code Execution",excellent,
exploits,exploits/multi/http/freescout_htaccess_rce,"FreeScout Unauthenticated RCE via ZWSP .htaccess Bypass",excellent,CVE-2026-27636;CVE-2026-28289
exploits,exploits/multi/http/snortreport_exec,"Snortreport nmap.php/nbtscan.php Remote Command Execution",excellent,
exploits,exploits/multi/http/jenkins_metaprogramming,"Jenkins ACL Bypass and Metaprogramming RCE",excellent,CVE-2018-1000408;CVE-2019-1003000
exploits,exploits/multi/http/microfocus_obm_auth_rce,"Micro Focus Operations Bridge Manager Authenticated Remote Code Execution",excellent,
exploits,exploits/multi/http/mantisbt_manage_proj_page_rce,"Mantis manage_proj_page PHP Code Execution",excellent,
exploits,exploits/multi/http/langflow_unauth_rce_cve_2025_3248,"Langflow AI RCE",excellent,
exploits,exploits/multi/http/apache_apisix_api_default_token_rce,"APISIX Admin API default access token RCE",excellent,CVE-2022-24112
exploits,exploits/multi/http/splunk_upload_app_exec,"Splunk Custom App Remote Code Execution",good,
exploits,exploits/multi/http/wso2_file_upload_rce,"WSO2 Arbitrary File Upload to RCE",excellent,CVE-2022-29464
exploits,exploits/multi/http/wp_backup_migration_php_filter,"WordPress Backup Migration Plugin PHP Filter Chain RCE",excellent,CVE-2023-6553
exploits,exploits/multi/http/cmsms_object_injection_rce,"CMS Made Simple Authenticated RCE via object injection",normal,
exploits,exploits/multi/http/ubiquiti_unifi_log4shell,"UniFi Network Application Unauthenticated JNDI Injection RCE (via Log4Shell)",excellent,
exploits,exploits/multi/http/xerte_unauthenticated_mediaupload,"Xerte Online Toolkits Arbitrary File Upload - Unauthenticated Media Upload",excellent,
exploits,exploits/multi/http/magento_sessionreaper,"Magento SessionReaper",excellent,CVE-2025-54236
exploits,exploits/multi/http/jira_hipchat_template,"jira_hipchat_template",excellent,
exploits,exploits/multi/http/phpldapadmin_query_engine,"phpLDAPadmin query_engine Remote PHP Code Injection",excellent,
exploits,exploits/multi/http/phptax_exec,"phptax_exec",excellent,
exploits,exploits/multi/http/visual_mining_netcharts_upload,"Visual Mining NetCharts Server Remote Code Execution",excellent,
exploits,exploits/multi/http/vmware_vcenter_uploadova_rce,"VMware vCenter Server Unauthenticated OVA File Upload RCE",manual,
exploits,exploits/multi/http/horde_href_backdoor,"Horde 3.3.12 Backdoor Arbitrary PHP Code Execution",excellent,CVE-2012-0209
exploits,exploits/multi/http/pimcore_unserialize_rce,"pimcore_unserialize_rce",normal,
exploits,exploits/multi/http/flowise_custommcp_rce,"Flowise Custom MCP Remote Code Execution",excellent,
exploits,exploits/multi/http/struts_default_action_mapper,"Apache Struts 2 DefaultActionMapper Prefixes OGNL Code Execution",excellent,
exploits,exploits/multi/http/opmanager_sumpdu_deserialization,"ManageEngine OpManager SumPDU Java Deserialization",excellent,CVE-2020-28653;CVE-2021-3287
exploits,exploits/multi/http/apache_ofbiz_forgot_password_directory_traversal,"Apache OFBiz forgotPassword/ProgramExport RCE",excellent,CVE-2024-32113;CVE-2024-38856
exploits,exploits/multi/http/apache_couchdb_erlang_rce,"Apache Couchdb Erlang RCE",excellent,CVE-2022-24706
exploits,exploits/multi/http/spip_rce_form,"SPIP form PHP Injection",excellent,
exploits,exploits/multi/http/gogs_rebase_rce,"Gogs Git Rebase Argument Injection RCE",excellent,
exploits,exploits/multi/http/mediawiki_syntaxhighlight,"MediaWiki SyntaxHighlight extension option injection vulnerability",good,
exploits,exploits/multi/http/phpmyadmin_null_termination_exec,"phpMyAdmin Authenticated Remote Code Execution",excellent,
exploits,exploits/multi/http/moodle_admin_shell_upload,"Moodle Admin Shell Upload",excellent,
exploits,exploits/multi/http/rails_web_console_v2_code_exec,"Ruby on Rails Web Console (v2) Whitelist Bypass Code Execution",excellent,
exploits,exploits/multi/http/dotcms_file_upload_rce,"DotCMS RCE via Arbitrary File Upload.",excellent,
exploits,exploits/multi/http/apache_jetspeed_file_upload,"Apache Jetspeed Arbitrary File Upload",manual,CVE-2016-0709;CVE-2016-0710
exploits,exploits/multi/http/shiro_rememberme_v124_deserialize,"Apache Shiro v1.2.4 Cookie RememberME Deserial RCE",excellent,
exploits,exploits/multi/http/processmaker_exec,"processmaker_exec",excellent,
exploits,exploits/multi/http/mutiny_subnetmask_exec,"Mutiny Remote Command Execution",excellent,
exploits,exploits/multi/http/mybb_rce_cve_2022_24734,"MyBB Admin Control Code Injection RCE",excellent,CVE-2022-24734
exploits,exploits/multi/http/clinic_pms_sqli_to_rce,"Clinic's Patient Management System 1.0 - Unauthenticated RCE",excellent,CVE-2022-2297;CVE-2022-40471;CVE-2025-3096
exploits,exploits/multi/http/connectwise_screenconnect_rce_cve_2024_1709,"ConnectWise ScreenConnect Unauthenticated Remote Code Execution",excellent,CVE-2024-1708
exploits,exploits/multi/http/gitlab_file_read_rce,"GitLab File Read Remote Code Execution",excellent,
exploits,exploits/multi/http/metasploit_static_secret_key_base,"Metasploit Web UI Static secret_key_base Value",excellent,
exploits,exploits/multi/http/monstra_fileupload_exec,"Monstra CMS Authenticated Arbitrary File Upload",excellent,
exploits,exploits/multi/http/builderengine_upload_exec,"builderengine_upload_exec",excellent,
exploits,exploits/multi/http/gitlab_shell_exec,"Gitlab-shell Code Execution",excellent,
exploits,exploits/multi/http/mma_backdoor_upload,"Th3 MMA mma.php Backdoor Arbitrary File Upload",excellent,
exploits,exploits/multi/http/ajaxplorer_checkinstall_exec,"AjaXplorer checkInstall.php Remote Command Execution",excellent,
exploits,exploits/multi/http/stunshell_exec,"STUNSHELL Web Shell Remote Code Execution",great,
exploits,exploits/multi/http/atlassian_confluence_unauth_backup,"Atlassian Confluence Unauth JSON setup-restore Improper Authorization leading to RCE (CVE-2023-22518)",excellent,CVE-2023-22518
exploits,exploits/multi/http/taiga_tribe_gig_unserial,"Taiga tribe_gig authenticated unserialize remote code execution",excellent,
exploits,exploits/multi/http/shopware_createinstancefromnamedarguments_rce,"shopware_createinstancefromnamedarguments_rce",excellent,
exploits,exploits/multi/http/jenkins_script_console,"Jenkins-CI Script-Console Java Execution",good,
exploits,exploits/multi/http/lighthouse_studio_unauth_rce_cve_2025_34300,"lighthouse_studio_unauth_rce_cve_2025_34300",excellent,CVE-2025-34300
exploits,exploits/multi/http/phpscheduleit_start_date,"phpScheduleIt PHP reserve.php start_date Parameter Arbitrary Code Injection",excellent,
exploits,exploits/multi/http/cacti_package_import_rce,"Cacti Import Packages RCE",excellent,CVE-2024-25641
exploits,exploits/multi/http/wp_ai_engine_mcp_rce,"WordPress AI Engine Plugin MCP Unauthenticated Admin Creation to RCE",excellent,CVE-2025-11749
exploits,exploits/multi/http/op5_license,"OP5 license.php Remote Command Execution",excellent,
exploits,exploits/multi/http/gambio_unauth_rce_cve_2024_23759,"Gambio Online Webshop unauthenticated PHP Deserialization Vulnerability",excellent,CVE-2024-23759
exploits,exploits/multi/http/sysaid_auth_file_upload,"SysAid Help Desk Administrator Portal Arbitrary File Upload",excellent,
exploits,exploits/multi/http/openfire_auth_bypass,"Openfire Admin Console Authentication Bypass",excellent,
exploits,exploits/multi/http/bitbucket_env_var_rce,"Bitbucket Environment Variable RCE",excellent,CVE-2022-43781
exploits,exploits/multi/http/spip_bigup_unauth_rce,"SPIP BigUp Plugin Unauthenticated RCE",excellent,
exploits,exploits/multi/http/totaljs_cms_widget_exec,"Total.js CMS 12 Widget JavaScript Code Injection",excellent,
exploits,exploits/multi/http/atlassian_confluence_rce_cve_2023_22527,"Atlassian Confluence SSTI Injection",excellent,CVE-2023-22527
exploits,exploits/multi/http/wp_acf_extended_rce,"WordPress ACF Extended Unauthenticated RCE via prepare_form()",excellent,
exploits,exploits/multi/http/vtiger_php_exec,"vTigerCRM v5.4.0/v5.3.0 Authenticated Remote Code Execution",excellent,
exploits,exploits/multi/http/manageengine_search_sqli,"ManageEngine Security Manager Plus 5.5 Build 5505 SQL Injection",excellent,
exploits,exploits/multi/http/wp_dnd_mul_file_rce,"Wordpress Drag and Drop Multi File Uploader RCE",excellent,CVE-2020-12800
exploits,exploits/multi/http/agent_tesla_panel_rce,"Agent Tesla Panel Remote Code Execution",excellent,
exploits,exploits/multi/http/op5_welcome,"OP5 welcome Remote Command Execution",excellent,
exploits,exploits/multi/http/openx_backdoor_php,"OpenX Backdoor PHP Code Execution",excellent,
exploits,exploits/multi/http/nuuo_nvrmini_upgrade_rce,"NUUO NVRmini upgrade_handle.php Remote Command Execution",excellent,
exploits,exploits/multi/http/moodle_teacher_enrollment_priv_esc_to_rce,"Moodle Teacher Enrollment Privilege Escalation to RCE",good,CVE-2020-14321
exploits,exploits/multi/http/glossword_upload_exec,"glossword_upload_exec",excellent,
exploits,exploits/multi/http/atutor_upload_traversal,"ATutor 2.2.4 - Directory Traversal / Remote Code Execution,",excellent,
exploits,exploits/multi/http/hp_sitescope_uploadfileshandler,"HP SiteScope Remote Code Execution",good,
exploits,exploits/multi/http/apache_mod_cgi_bash_env_exec,"Apache mod_cgi Bash Environment Variable Code Injection (Shellshock)",excellent,CVE-2014-6271;CVE-2014-6278
exploits,exploits/multi/http/traq_plugin_exec,"Traq admincp/common.php Remote Code Execution",excellent,
exploits,exploits/multi/http/playsms_uploadcsv_exec,"PlaySMS import.php Authenticated CSV File Upload Code Execution",excellent,
exploits,exploits/multi/http/polarcms_upload_exec,"PolarBear CMS PHP File Upload Vulnerability",excellent,
exploits,exploits/multi/http/phpmoadmin_exec,"PHPMoAdmin 1.1.2 Remote Code Execution",excellent,
exploits,exploits/multi/http/geoserver_unauth_rce_cve_2024_36401,"Geoserver unauthenticated Remote Code Execution",excellent,CVE-2024-36401
exploits,exploits/multi/http/phpmyadmin_3522_backdoor,"phpMyAdmin 3.5.2.2 server_sync.php Backdoor",normal,
exploits,exploits/multi/http/wp_ninja_forms_unauthenticated_file_upload,"WordPress Ninja Forms Unauthenticated File Upload",excellent,
exploits,exploits/multi/http/microfocus_ucmdb_unauth_deser,"Micro Focus UCMDB Java Deserialization Unauthenticated Remote Code Execution",excellent,
exploits,exploits/multi/http/phpfilemanager_rce,"phpFileManager 0.9.8 Remote Code Execution",excellent,
exploits,exploits/multi/http/sonicwall_scrutinizer_methoddetail_sqli,"Dell SonicWALL Scrutinizer 11.01 methodDetail SQL Injection",excellent,
exploits,exploits/multi/http/roundcube_auth_rce_cve_2025_49113,"Roundcube Post-Auth RCE via PHP Object Deserialization",excellent,
exploits,exploits/multi/http/rudder_server_sqli_rce,"Rudder Server SQLI Remote Code Execution",excellent,CVE-2023-30625
exploits,exploits/multi/http/wp_crop_rce,"WordPress Crop-image Shell Upload",excellent,
exploits,exploits/multi/http/x7chat2_php_exec,"X7 Chat 2.0.5 lib/message.php preg_replace() PHP Code Execution",excellent,
exploits,exploits/multi/http/cleo_rce_cve_2024_55956,"Cleo LexiCom, VLTrader, and Harmony Unauthenticated Remote Code Execution",excellent,CVE-2024-50623;CVE-2024-55956
exploits,exploits/multi/http/manageengine_auth_upload,"ManageEngine Multiple Products Authenticated File Upload",excellent,
exploits,exploits/multi/http/flowise_js_rce,"Flowise JS Injection RCE",excellent,
exploits,exploits/multi/http/plone_popen2,"Plone and Zope XMLTools Remote Command Execution",excellent,
exploits,exploits/multi/http/manage_engine_dc_pmp_sqli,"ManageEngine Desktop Central / Password Manager LinkViewFetchServlet.dat SQL Injection",excellent,
exploits,exploits/multi/http/moodle_spelling_binary_rce,"Moodle Authenticated Spelling Binary RCE",excellent,CVE-2021-21809
exploits,exploits/multi/http/jboss_seam_upload_exec,"JBoss Seam 2 File Upload and Execute",normal,CVE-2010-1871
exploits,exploits/multi/http/mirth_connect_cve_2023_43208,"Mirth Connect Deserialization RCE",excellent,CVE-2023-37679;CVE-2023-43208
exploits,exploits/multi/http/vbulletin_getindexablecontent,"vBulletin /ajax/api/content_infraction/getIndexableContent nodeid Parameter SQL Injection",manual,
exploits,exploits/multi/http/openmrs_deserialization,"OpenMRS Java Deserialization RCE",normal,CVE-2018-19276
exploits,exploits/multi/http/struts_code_exec_exception_delegator,"Apache Struts Remote Command Execution",excellent,
exploits,exploits/multi/http/manageengine_sd_uploader,"ManageEngine ServiceDesk Plus Arbitrary File Upload",excellent,
exploits,exploits/multi/http/wp_time_capsule_file_upload_rce,"WordPress WP Time Capsule Arbitrary File Upload to RCE",excellent,CVE-2024-8856
exploits,exploits/multi/http/mantisbt_php_exec,"MantisBT XmlImportExport Plugin PHP Code Injection Vulnerability",great,
exploits,exploits/multi/http/zenworks_configuration_management_upload,"Novell ZENworks Configuration Management Arbitrary File Upload",excellent,
exploits,exploits/multi/http/sun_jsws_dav_options,"Sun Java System Web Server WebDAV OPTIONS Buffer Overflow",great,
exploits,exploits/multi/http/drupal_drupageddon,"Drupal HTTP Parameter Key/Value SQL Injection",excellent,CVE-2014-3704
exploits,exploits/multi/http/solarwinds_store_manager_auth_filter,"SolarWinds Storage Manager Authentication Bypass",excellent,
exploits,exploits/multi/http/oracle_weblogic_wsat_deserialization_rce,"Oracle WebLogic wls-wsat Component Deserialization RCE",excellent,CVE-2017-10271
exploits,exploits/multi/http/webnms_file_upload,"WebNMS Framework Server Arbitrary File Upload",excellent,
exploits,exploits/multi/http/caidao_php_backdoor_exec,"China Chopper Caidao PHP Backdoor Code Execution",excellent,
exploits,exploits/multi/http/rails_xml_yaml_code_exec,"Ruby on Rails XML Processor YAML Deserialization Code Execution",excellent,CVE-2013-0156
exploits,exploits/multi/http/pgadmin_query_tool_authenticated,"pgAdmin Query Tool authenticated RCE (CVE-2025-2945)",excellent,CVE-2025-2945
exploits,exploits/multi/http/coldfusion_ckeditor_file_upload,"Adobe ColdFusion CKEditor unrestricted file upload",excellent,
exploits,exploits/multi/http/wp_responsive_thumbnail_slider_upload,"wp_responsive_thumbnail_slider_upload",excellent,
exploits,exploits/multi/http/vbulletin_widget_template_rce,"vBulletin 5.x /ajax/render/widget_tabbedcontainer_tab_panel PHP remote code execution.",excellent,CVE-2019-16759
exploits,exploits/multi/http/sonicwall_gms_upload,"SonicWALL GMS 6 Arbitrary File Upload",excellent,
exploits,exploits/multi/http/wp_plugin_fma_shortcode_unauth_rce,"Wordpress File Manager Advanced Shortcode 2.3.2 - Unauthenticated Remote Code Execution through shortcode",excellent,CVE-2023-2068
exploits,exploits/multi/http/git_lfs_clone_command_exec,"Git LFS Clone Command Exec",excellent,
exploits,exploits/multi/http/phpmyadmin_preg_replace,"phpMyAdmin Authenticated Remote Code Execution via preg_replace()",excellent,
exploits,exploits/multi/http/oscommerce_installer_unauth_code_exec,"osCommerce Installer Unauthenticated Code Execution",excellent,
exploits,exploits/multi/http/mobilecartly_upload_exec,"MobileCartly 1.0 Arbitrary File Creation Vulnerability",excellent,
exploits,exploits/multi/http/gitea_git_fetch_rce,"Gitea Git Fetch Remote Code Execution",excellent,
exploits,exploits/multi/http/apache_normalize_path_rce,"Apache 2.4.49/2.4.50 Traversal RCE",excellent,CVE-2021-41773;CVE-2021-42013
exploits,exploits/multi/http/sysaid_rdslogs_file_upload,"sysaid_rdslogs_file_upload",excellent,
exploits,exploits/multi/http/struts_code_exec,"Apache Struts Remote Command Execution",good,
exploits,exploits/multi/http/wp_ait_csv_rce,"WordPress AIT CSV Import Export Unauthenticated Remote Code Execution",excellent,
exploits,exploits/multi/http/solr_velocity_rce,"Apache Solr Remote Code Execution via Velocity Template",excellent,
exploits,exploits/multi/http/nostromo_code_exec,"Nostromo Directory Traversal Remote Command Execution",good,CVE-2019-16278
exploits,exploits/multi/http/open_web_analytics_rce,"Open Web Analytics 1.7.3 - Remote Code Execution (RCE)",excellent,
exploits,exploits/multi/http/gitorious_graph,"Gitorious Arbitrary Command Execution",excellent,
exploits,exploits/multi/http/cve_2023_38836_boidcms,"BoidCMS Command Injection",excellent,CVE-2023-38836
exploits,exploits/multi/http/familycms_less_exec,"Family Connections less.php Remote Command Execution",excellent,
exploits,exploits/multi/http/tomcat_mgr_upload,"Apache Tomcat Manager Authenticated Upload Code Execution",excellent,
exploits,exploits/multi/http/lcms_php_exec,"LotusCMS 3.0 eval() Remote Command Execution",excellent,
exploits,exploits/multi/http/cups_bash_env_exec,"CUPS Filter Bash Environment Variable Code Injection (Shellshock)",excellent,CVE-2014-6271;CVE-2014-6278
exploits,exploits/multi/http/apache_activemq_upload_jsp,"ActiveMQ web shell upload",excellent,CVE-2016-3088
exploits,exploits/multi/http/sonicwall_shell_injection_cve_2023_34124,"Sonicwall",excellent,CVE-2023-34124;CVE-2023-34132;CVE-2023-34133
exploits,exploits/multi/http/cve_2021_35464_forgerock_openam,"ForgeRock / OpenAM Jato Java Deserialization",excellent,CVE-2021-35464
exploits,exploits/multi/http/wp_litespeed_cookie_theft,"Wordpress LiteSpeed Cache plugin cookie theft",excellent,
exploits,exploits/multi/http/orientdb_exec,"OrientDB 2.2.x Remote Code Execution",good,
exploits,exploits/multi/http/flowise_auth_rce_cve_2026_41264,"Flowise CSV Agent Prompt Injection RCE",excellent,CVE-2026-41264
exploits,exploits/multi/http/xerte_authenticated_rce_uploadimage,"Xerte Online Toolkits Arbitrary File Upload - Upload Image",excellent,
exploits,exploits/multi/http/playsms_template_injection,"PlaySMS index.php Unauthenticated Template Injection Code Execution",excellent,CVE-2020-8644
exploits,exploits/multi/http/novell_servicedesk_rce,"Novell ServiceDesk Authenticated File Upload",excellent,
exploits,exploits/multi/http/torchserver_cve_2023_43654,"PyTorch Model Server Registration and Deserialization RCE",excellent,CVE-2022-1471;CVE-2023-43654
exploits,exploits/multi/http/avideo_wwbnindex_unauth_rce,"AVideo WWBNIndex Plugin Unauthenticated RCE",excellent,CVE-2024-31819
exploits,exploits/multi/http/october_upload_bypass_exec,"October CMS Upload Protection Bypass Code Execution",excellent,
exploits,exploits/multi/http/gestioip_exec,"GestioIP Remote Command Execution",excellent,
exploits,exploits/multi/http/apache_activemq_jolokia_rce,"Apache ActiveMQ RCE via Jolokia addNetworkConnector",excellent,CVE-2026-34197
exploits,exploits/multi/http/ivanti_epmm_rce_cve_2025_4427_4428,"Ivanti EPMM Authentication Bypass for Expression Language Remote Code Execution",excellent,CVE-2025-4427;CVE-2025-4428
exploits,exploits/multi/http/qdpm_upload_exec,"qdPM v7 Arbitrary PHP File Upload Vulnerability",excellent,
exploits,exploits/multi/http/dompdf_rce_cve_2022_28368,"Dompdf RCE via Malicious Font Caching (CVE-2022-28368)",excellent,CVE-2022-28368
exploits,exploits/multi/http/rocket_servergraph_file_requestor_rce,"Rocket Servergraph Admin Center fileRequestor Remote Code Execution",great,
exploits,exploits/multi/http/bassmaster_js_injection,"Bassmaster Batch Arbitrary JavaScript Injection Remote Code Execution",excellent,
exploits,exploits/multi/http/horde_form_file_upload,"Horde Form File Upload Vulnerability",excellent,
exploits,exploits/multi/http/hp_sitescope_issuesiebelcmd,"HP SiteScope issueSiebelCmd Remote Code Execution",great,
exploits,exploits/multi/http/vbseo_proc_deutf,"vBSEO proc_deutf() Remote PHP Code Injection",excellent,
exploits,exploits/multi/http/phpmailer_arg_injection,"PHPMailer Sendmail Argument Injection",manual,CVE-2016-10033
exploits,exploits/multi/http/spree_search_exec,"Spreecommerce 0.60.1 Arbitrary Command Execution",excellent,
exploits,exploits/multi/http/netwin_surgeftp_exec,"Netwin SurgeFTP Remote Command Execution",good,
exploits,exploits/multi/http/wp_king_addons_privilege_escalation,"WordPress King Addons for Elementor Unauthenticated Privilege Escalation to RCE",excellent,
exploits,exploits/multi/http/dexter_casinoloader_exec,"dexter_casinoloader_exec",excellent,
exploits,exploits/multi/http/atlassian_confluence_namespace_ognl_injection,"Atlassian Confluence Namespace OGNL Injection",excellent,CVE-2022-26134
exploits,exploits/multi/http/fortra_goanywhere_rce_cve_2023_0669,"Fortra GoAnywhere MFT Unsafe Deserialization RCE",excellent,CVE-2023-0669
exploits,exploits/multi/http/horizontcms_upload_exec,"HorizontCMS Arbitrary PHP File Upload",excellent,
exploits,exploits/multi/http/webdav_upload_php,"WebDAV PHP Upload",excellent,
exploits,exploits/multi/http/struts2_namespace_ognl,"Apache Struts 2 Namespace Redirect OGNL Injection",excellent,CVE-2018-11776
exploits,exploits/multi/http/wp_file_manager_rce,"WordPress File Manager Unauthenticated Remote Code Execution",normal,CVE-2020-25213
exploits,exploits/multi/http/splunk_mappy_exec,"Splunk Search Remote Code Execution",excellent,
exploits,exploits/multi/http/splunk_auth_rce_cve_2022_43571,"Authenticated RCE in Splunk (SimpleXML dashboard PDF generation)",excellent,
exploits,exploits/multi/http/hyperic_hq_script_console,"VMware Hyperic HQ Groovy Script-Console Java Execution",excellent,
exploits,exploits/multi/http/splunk_privilege_escalation_cve_2023_32707,"Splunk 'edit_user' Capability Privilege Escalation",excellent,CVE-2023-32707
exploits,exploits/multi/http/apprain_upload_exec,"apprain_upload_exec",excellent,
exploits,exploits/multi/http/jenkins_xstream_deserialize,"Jenkins XStream Groovy classpath Deserialization Vulnerability",excellent,CVE-2016-0792
exploits,exploits/multi/http/cockpit_cms_rce,"Cockpit CMS NoSQLi to RCE",normal,CVE-2020-35846;CVE-2020-35847
exploits,exploits/multi/http/atlassian_confluence_webwork_ognl_injection,"Atlassian Confluence WebWork OGNL Injection",excellent,CVE-2021-26084
exploits,exploits/multi/http/weblogic_admin_handle_rce,"Oracle WebLogic Server Administration Console Handle RCE",excellent,CVE-2020-14882
exploits,exploits/multi/http/wp_plugin_supsystic_contact_form_rce,"Supsystic Contact Form Wordpress Plugin SSTI RCE",excellent,CVE-2026-4257
exploits,exploits/multi/http/atutor_sqli,"ATutor 2.2.1 SQL Injection / Remote Code Execution",excellent,
exploits,exploits/multi/http/react2shell_unauth_rce_cve_2025_55182,"Unauthenticated RCE in React Server Components (React2Shell)",excellent,
exploits,exploits/multi/http/spip_porte_plume_previsu_rce,"SPIP Unauthenticated RCE via porte_plume Plugin",excellent,
exploits,exploits/multi/http/processmaker_plugin_upload,"ProcessMaker Plugin Upload",excellent,
exploits,exploits/multi/http/wp_suretriggers_auth_bypass,"WordPress SureTriggers (aka OttoKit) Combined Auth Bypass (CVE-2025-3102, CVE-2025-27007)",excellent,CVE-2025-27007;CVE-2025-3102
exploits,exploits/multi/http/monsta_ftp_downloadfile_rce,"Monsta FTP downloadFile Remote Code Execution",excellent,CVE-2025-34299
exploits,exploits/multi/http/tomcat_jsp_upload_bypass,"Tomcat RCE via JSP Upload Bypass",excellent,
exploits,exploits/multi/http/jboss_invoke_deploy,"JBoss DeploymentFileRepository WAR Deployment (via JMXInvokerServlet)",excellent,
exploits,exploits/multi/http/xwiki_unauth_rce_cve_2025_24893,"Remote Code Execution Vulnerability in XWiki Platform (CVE-2025-24893)",excellent,CVE-2025-24893
exploits,exploits/multi/http/trendmicro_threat_discovery_admin_sys_time_cmdi,"Trend Micro Threat Discovery Appliance admin_sys_time.cgi Remote Command Execution",excellent,CVE-2016-7547;CVE-2016-7552
exploits,exploits/multi/http/invision_customcss_rce,"Invision Community 5.0.6 customCss RCE",excellent,
exploits,exploits/multi/http/eaton_nsm_code_exec,"Network Shutdown Module (sort_values) Remote PHP Code Injection",excellent,
exploits,exploits/multi/http/wingftp_null_byte_rce,"Wing FTP Server NULL-byte Authentication Bypass (CVE-2025-47812)",excellent,CVE-2025-47812
exploits,exploits/multi/http/pandora_upload_exec,"pandora_upload_exec",excellent,
exploits,exploits/multi/http/wp_user_registration_membership_escalation,"WP User Registration and Membership Unauthenticated Privilege Escalation (CVE-2025-2563)",excellent,CVE-2025-2563
exploits,exploits/multi/http/cmsms_file_manager_auth_rce,"CmsMadeSimple Authenticated File Manager RCE",excellent,
exploits,exploits/multi/http/atlassian_confluence_rce_cve_2024_21683,"Atlassian Confluence Administrator Code Macro Remote Code Execution",excellent,CVE-2024-21683
exploits,exploits/multi/http/struts2_content_type_ognl,"Apache Struts Jakarta Multipart Parser OGNL Injection",excellent,
exploits,exploits/multi/http/cmsms_showtime2_rce,"cmsms_showtime2_rce",normal,
exploits,exploits/multi/http/wikka_spam_exec,"wikka_spam_exec",excellent,
exploits,exploits/multi/http/primefaces_weak_encryption_rce,"Primefaces Remote Code Execution Exploit",excellent,CVE-2017-1000486
exploits,exploits/multi/http/adobe_coldfusion_rce_cve_2023_26360,"Adobe ColdFusion Unauthenticated Remote Code Execution",excellent,CVE-2023-26360
exploits,exploits/multi/http/web_check_screenshot_rce,"Web-Check Screenshot API Command Injection RCE",excellent,
exploits,exploits/multi/http/churchcrm_db_restore_rce,"ChurchCRM Database Restore RCE 6.2.0",normal,
exploits,exploits/multi/http/langflow_rce_cve_2026_27966,"Langflow RCE",excellent,CVE-2026-27966
exploits,exploits/multi/http/wp_popular_posts_rce,"Wordpress Popular Posts Authenticated RCE",normal,
exploits,exploits/multi/http/hp_sys_mgmt_exec,"HP System Management Homepage JustGetSNMPQueue Command Injection",excellent,
exploits,exploits/multi/http/pentaho_business_server_authbypass_and_ssti,"Pentaho Business Server Auth Bypass and Server Side Template Injection RCE",excellent,CVE-2022-43769;CVE-2022-43939
exploits,exploits/multi/http/cmsms_upload_rename_rce,"CMS Made Simple Authenticated RCE via File Upload/Copy",excellent,
exploits,exploits/multi/http/majordomo_supply_chain_rce,"MajorDoMo Supply Chain RCE via Update Poisoning",excellent,
exploits,exploits/multi/http/wp_royal_elementor_addons_rce,"WordPress Royal Elementor Addons RCE",excellent,CVE-2023-5360
exploits,exploits/multi/http/spring_cloud_function_spel_injection,"Spring Cloud Function SpEL Injection",excellent,CVE-2022-22963
exploits,exploits/multi/http/avideo_notify_ffmpeg_unauth_rce,"AVideo notify.ffmpeg.json.php Unauthenticated RCE via Salt Discovery",excellent,
exploits,exploits/multi/http/log4shell_header_injection,"Log4Shell HTTP Header Injection",excellent,CVE-2021-44228
exploits,exploits/multi/http/wp_tatsu_rce,"Tatsu Wordpress Plugin RCE",excellent,CVE-2021-25094
exploits,exploits/multi/http/php_utility_belt_rce,"PHP Utility Belt Remote Code Execution",excellent,
exploits,exploits/multi/http/monitorr_webshell_rce_cve_2020_28871,"Monitorr unauthenticated Remote Code Execution (RCE)",excellent,CVE-2020-28871
exploits,exploits/multi/http/rails_json_yaml_code_exec,"Ruby on Rails JSON Processor YAML Deserialization Code Execution",excellent,CVE-2013-0156
exploits,exploits/multi/http/apache_rocketmq_update_config,"Apache RocketMQ update config RCE",excellent,
exploits,exploits/multi/http/getsimplecms_unauth_code_exec,"getsimplecms_unauth_code_exec",excellent,
exploits,exploits/multi/http/gitlab_exif_rce,"GitLab Unauthenticated Remote ExifTool Command Injection",excellent,CVE-2021-22204;CVE-2021-22205
exploits,exploits/multi/http/stunshell_eval,"STUNSHELL Web Shell Remote PHP Code Execution",great,
exploits,exploits/multi/http/apache_nifi_processor_rce,"Apache NiFi API Remote Code Execution",excellent,
exploits,exploits/multi/http/v0pcr3w_exec,"v0pCr3w Web Shell Remote Code Execution",great,
exploits,exploits/multi/http/os_cmd_exec,"Generic HTTP Command Execution",manual,
exploits,exploits/multi/http/gitea_git_hooks_rce,"Gitea Git Hooks Remote Code Execution",excellent,CVE-2020-14144
exploits,exploits/multi/http/grav_admin_direct_install_rce_cve_2025_50286,"Grav CMS Admin Direct Install Authenticated Plugin Upload RCE",excellent,
exploits,exploits/multi/http/php_volunteer_upload_exec,"php_volunteer_upload_exec",excellent,
exploits,exploits/multi/http/werkzeug_debug_rce,"Pallete Projects Werkzeug Debugger Remote Code Execution",good,
exploits,exploits/multi/http/vbulletin_widgetconfig_rce,"vBulletin widgetConfig RCE",excellent,
exploits,exploits/multi/http/clinic_pms_fileupload_rce,"Clinic's Patient Management System 1.0 - Unauthenticated RCE",excellent,CVE-2022-40471
exploits,exploits/multi/http/wondercms_rce,"WonderCMS Remote Code Execution",excellent,CVE-2023-41425
exploits,exploits/multi/http/atlassian_crowd_pdkinstall_plugin_upload_rce,"Atlassian Crowd pdkinstall Unauthenticated Plugin Upload RCE",excellent,
exploits,exploits/multi/http/kong_gateway_admin_api_rce,"Kong Gateway Admin API Remote Code Execution",excellent,
exploits,exploits/multi/http/sugarcrm_webshell_cve_2023_22952,"SugarCRM unauthenticated Remote Code Execution (RCE)",good,CVE-2023-22952
exploits,exploits/multi/http/auxilium_upload_exec,"Auxilium RateMyPet Arbitrary File Upload Vulnerability",excellent,
exploits,exploits/multi/http/axis2_deployer,"Axis2 / SAP BusinessObjects Authenticated Code Execution (via SOAP)",excellent,
exploits,exploits/multi/http/glpi_install_rce,"GLPI install.php Remote Command Execution",manual,CVE-2013-5696
exploits,exploits/multi/http/eventlog_file_upload,"ManageEngine Eventlog Analyzer Arbitrary File Upload",excellent,
exploits,exploits/multi/http/wp_hash_form_rce,"WordPress Hash Form Plugin RCE",excellent,
exploits,exploits/multi/http/acronis_cyber_protect_unauth_rce_cve_2022_3405,"Acronis Cyber Protect/Backup remote code execution",excellent,CVE-2022-3405
exploits,exploits/multi/http/jboss_bshdeployer,"JBoss JMX Console Beanshell Deployer WAR Upload and Deployment",excellent,
exploits,exploits/multi/http/vtiger_logo_upload_exec,"Vtiger CRM - Authenticated Logo Upload RCE",excellent,
exploits,exploits/multi/http/clipbucket_fileupload_exec,"clipbucket_fileupload_exec",excellent,
exploits,exploits/multi/http/gitlist_arg_injection,"gitlist_arg_injection",excellent,
exploits,exploits/multi/http/rails_double_tap,"Ruby On Rails DoubleTap Development Mode secret_key_base Vulnerability",excellent,CVE-2019-5420
exploits,exploits/multi/http/git_submodule_command_exec,"Malicious Git HTTP Server For CVE-2017-1000117",excellent,CVE-2017-1000117
exploits,exploits/multi/http/joomla_http_header_rce,"Joomla HTTP Header Unauthenticated Remote Code Execution",excellent,CVE-2015-6835
exploits,exploits/multi/http/extplorer_upload_exec,"extplorer_upload_exec",excellent,
exploits,exploits/multi/http/xerte_unauthenticated_template_import_rce,"Xerte Online Toolkits Arbitrary File Upload - Unauthenticated Template Import",excellent,
exploits,exploits/multi/http/grav_twig_ssti_sandbox_bypass_rce,"Grav CMS Twig SSTI Authenticated Sandbox Bypass RCE",excellent,CVE-2025-66294;CVE-2025-66301
exploits,exploits/multi/http/rails_actionpack_inline_exec,"Ruby on Rails ActionPack Inline ERB Code Execution",excellent,
exploits,exploits/multi/http/phpstudy_backdoor_rce,"PHPStudy Backdoor Remote Code execution",excellent,
exploits,exploits/multi/http/apache_commons_text4shell,"Apache Commons Text RCE",excellent,CVE-2022-42889
exploits,exploits/multi/http/oracle_reports_rce,"Oracle Forms and Reports Remote Code Execution",great,CVE-2012-3152;CVE-2012-3153
exploits,exploits/multi/http/spip_saisies_rce,"SPIP Saisies Plugin Unauthenticated RCE",excellent,CVE-2025-71243
exploits,exploits/multi/http/openfire_auth_bypass_rce_cve_2023_32315,"Openfire authentication bypass with RCE plugin",excellent,CVE-2023-32315
exploits,exploits/multi/http/jetbrains_teamcity_rce_cve_2023_42793,"JetBrains TeamCity Unauthenticated Remote Code Execution",excellent,CVE-2023-42793
exploits,exploits/multi/http/simple_backdoors_exec,"Simple Backdoor Shell Remote Code Execution",excellent,
exploits,exploits/multi/http/struts_include_params,"Apache Struts includeParams Remote Code Execution",great,
exploits,exploits/multi/http/wp_plugin_story_chef_file_upload,"WordPress StoryChief Plugin Unauthenticated RCE",excellent,
exploits,exploits/multi/http/rails_secret_deserialization,"Ruby on Rails Known Secret Session Cookie Remote Code Execution",excellent,
exploits,exploits/multi/http/struts2_multi_eval_ognl,"Apache Struts 2 Forced Multi OGNL Evaluation",excellent,CVE-2019-0230;CVE-2020-17530
exploits,exploits/multi/http/struts2_rest_xstream,"Apache Struts 2 REST Plugin XStream RCE",excellent,
exploits,exploits/multi/http/cacti_pollers_sqli_rce,"Cacti RCE via SQLi in pollers.php",excellent,CVE-2023-49084;CVE-2023-49085
exploits,exploits/multi/http/maracms_upload_exec,"MaraCMS Arbitrary PHP File Upload",excellent,
exploits,exploits/multi/http/zpanel_information_disclosure_rce,"Zpanel Remote Unauthenticated RCE",excellent,
exploits,exploits/multi/http/mediawiki_thumb,"MediaWiki Thumb.php Remote Command Execution",excellent,CVE-2014-1610
exploits,exploits/multi/http/smartermail_guid_file_upload,"SmarterTools SmarterMail GUID File Upload Vulnerability",excellent,CVE-2025-52691
exploits,exploits/multi/http/vtiger_install_rce,"Vtiger Install Unauthenticated Remote Command Execution",manual,CVE-2014-2268;CVE-2014-2269
exploits,exploits/multi/http/moodle_spelling_path_rce,"Moodle SpellChecker Path Authenticated Remote Command Execution",excellent,CVE-2013-3630
exploits,exploits/multi/http/magento_unserialize,"Magento 2.0.6 Unserialize Remote Code Execution",excellent,
exploits,exploits/multi/http/horde_csv_rce,"Horde CSV import arbitrary PHP code execution",excellent,
exploits,exploits/multi/http/phpwiki_ploticus_exec,"Phpwiki Ploticus Remote Code Execution",excellent,
exploits,exploits/multi/http/wp_reallysimplessl_2fa_bypass_rce,"WordPress Really Simple SSL Plugin Authentication Bypass to RCE",excellent,CVE-2024-10924
exploits,exploits/multi/http/apache_roller_ognl_injection,"Apache Roller OGNL Injection",excellent,
exploits,exploits/multi/http/vmware_vcenter_log4shell,"VMware vCenter Server Unauthenticated JNDI Injection RCE (via Log4Shell)",excellent,CVE-2021-44228
exploits,exploits/multi/http/confluence_widget_connector,"Atlassian Confluence Widget Connector Macro Velocity Template Injection",excellent,
exploits,exploits/multi/http/manageengine_adselfservice_plus_saml_rce_cve_2022_47966,"ManageEngine ADSelfService Plus Unauthenticated SAML RCE",excellent,CVE-2022-47966
exploits,exploits/multi/http/jboss_deploymentfilerepository,"JBoss Java Class DeploymentFileRepository WAR Deployment",excellent,
exploits,exploits/multi/http/gibbon_auth_rce_cve_2024_24725,"Gibbon School Platform Authenticated PHP Deserialization Vulnerability",excellent,CVE-2024-24725
exploits,exploits/multi/http/cpanel_whm_auth_bypass_rce,"cPanel/WHM CRLF Injection Authentication Bypass RCE",excellent,CVE-2026-41940
exploits,exploits/multi/http/makoserver_cmd_exec,"Mako Server v2.5, 2.6 OS Command Injection RCE",excellent,
exploits,exploits/multi/http/wp_automatic_sqli_to_rce,"WordPress wp-automatic Plugin SQLi Admin Creation",excellent,
exploits,exploits/multi/http/apache_druid_cve_2023_25194,"Apache Druid JNDI Injection RCE",excellent,
exploits,exploits/multi/http/majordomo_console_eval_rce,"MajorDoMo Console Eval Unauthenticated RCE",excellent,
exploits,exploits/multi/http/movabletype_upgrade_exec,"Movable Type 4.2x, 4.3x Web Upgrade Remote Code Execution",excellent,CVE-2013-0209
exploits,exploits/multi/http/struts_code_exec_classloader,"Apache Struts ClassLoader Manipulation Remote Code Execution",manual,
exploits,exploits/multi/http/gestioip_rce,"GestioIP 3.5.7 Remote Command Execution",excellent,CVE-2024-48760
exploits,exploits/multi/http/opmanager_socialit_file_upload,"ManageEngine OpManager and Social IT Arbitrary File Upload",excellent,
exploits,exploits/multi/http/oracle_access_manager_rce_cve_2021_35587,"Oracle Access Manager unauthenticated Remote Code Execution",excellent,CVE-2020-2883;CVE-2021-35587
exploits,exploits/multi/http/fortra_goanywhere_mft_rce_cve_2024_0204,"Fortra GoAnywhere MFT Unauthenticated Remote Code Execution",excellent,CVE-2024-0204
exploits,exploits/multi/http/atlassian_confluence_rce_cve_2023_22515,"Atlassian Confluence Unauthenticated Remote Code Execution",excellent,CVE-2023-22515
exploits,exploits/multi/http/gogs_git_hooks_rce,"Gogs Git Hooks Remote Code Execution",excellent,CVE-2020-14144
exploits,exploits/multi/http/nibbleblog_file_upload,"Nibbleblog File Upload Vulnerability",excellent,
exploits,exploits/multi/http/uptime_file_upload_1,"Idera Up.Time Monitoring Station 7.0 post2file.php Arbitrary File Upload",excellent,
exploits,exploits/multi/http/freenas_exec_raw,"FreeNAS exec_raw.php Arbitrary Command Execution",great,
exploits,exploits/multi/http/coldfusion_rds_auth_bypass,"Adobe ColdFusion RDS Authentication Bypass",great,
exploits,exploits/multi/http/liferay_java_unmarshalling,"Liferay Portal Java Unmarshalling via JSONWS RCE",excellent,CVE-2020-7961
exploits,exploits/multi/http/phoenix_exec,"Phoenix Exploit Kit Remote Code Execution",excellent,
exploits,exploits/multi/http/lucee_scheduled_job,"Lucee Authenticated Scheduled Job Code Execution",excellent,
exploits,exploits/multi/http/kordil_edms_upload_exec,"kordil_edms_upload_exec",excellent,
exploits,exploits/multi/http/struts_dev_mode,"Apache Struts 2 Developer Mode OGNL Execution",excellent,
exploits,exploits/multi/http/n8n_workflow_expression_rce,"n8n Workflow Expression Remote Code Execution",excellent,CVE-2025-68613
exploits,exploits/multi/http/sflog_upload_exec,"Sflog! CMS 1.0 Arbitrary File Upload Vulnerability",excellent,
exploits,exploits/multi/http/struts_dmi_exec,"Apache Struts Dynamic Method Invocation Remote Code Execution",excellent,
exploits,exploits/multi/http/activecollab_chat,"Active Collab 'chat module' Remote PHP Code Injection Exploit",excellent,
exploits,exploits/multi/http/php_fpm_rce,"PHP-FPM Underflow RCE",normal,
exploits,exploits/multi/http/churchcrm_install_unauth_rce,"ChurchCRM Unauthenticated RCE via Setup Page",excellent,
exploits,exploits/multi/http/jira_plugin_upload,"Atlassian Jira Authenticated Upload Code Execution",excellent,
exploits,exploits/multi/http/navigate_cms_rce,"Navigate CMS Unauthenticated Remote Code Execution",excellent,
exploits,exploits/multi/http/struts_dmi_rest_exec,"Apache Struts REST Plugin With Dynamic Method Invocation Remote Code Execution",excellent,
exploits,exploits/multi/http/oracle_ats_file_upload,"Oracle ATS Arbitrary File Upload",excellent,
exploits,exploits/multi/http/qdpm_authenticated_rce,"qdPM 9.1 Authenticated Arbitrary PHP File Upload (RCE)",excellent,CVE-2015-3884
exploits,exploits/multi/http/wp_bricks_builder_rce,"Unauthenticated RCE in Bricks Builder Theme",excellent,CVE-2024-25600
exploits,exploits/multi/http/zabbix_script_exec,"Zabbix Authenticated Remote Command Execution",excellent,
exploits,exploits/multi/http/struts_code_exec_parameters,"Apache Struts ParametersInterceptor Remote Code Execution",excellent,CVE-2011-3923
exploits,exploits/multi/http/uptime_file_upload_2,"Idera Up.Time Monitoring Station 7.4 post2file.php Arbitrary File Upload",excellent,
exploits,exploits/multi/http/wp_plugin_backup_guard_rce,"Wordpress Plugin Backup Guard - Authenticated Remote Code Execution",excellent,
exploits,exploits/multi/http/wp_db_backup_rce,"WP Database Backup RCE",excellent,
exploits,exploits/multi/http/carrental_fileupload_rce,"Car Rental System 1.0 File Upload RCE (Authenticated)",normal,CVE-2024-57487
exploits,exploits/multi/http/playsms_filename_exec,"PlaySMS sendfromfile.php Authenticated 'Filename' Field Code Execution",excellent,
exploits,exploits/multi/http/baldr_upload_exec,"Baldr Botnet Panel Shell Upload Exploit",excellent,
exploits,exploits/multi/http/phpmyadmin_lfi_rce,"phpMyAdmin Authenticated Remote Code Execution",good,
exploits,exploits/multi/http/cisco_dcnm_upload,"Cisco Prime Data Center Network Manager Arbitrary File Upload",excellent,
exploits,exploits/multi/http/tomcat_mgr_deploy,"Apache Tomcat Manager Application Deployer Authenticated Code Execution",excellent,
exploits,exploits/multi/http/webpagetest_upload_exec,"webpagetest_upload_exec",excellent,
exploits,exploits/multi/http/zenworks_control_center_upload,"Novell ZENworks Configuration Management Remote Execution",great,
exploits,exploits/multi/http/jboss_maindeployer,"JBoss JMX Console Deployer Upload and Execute",excellent,CVE-2010-0738
exploits,exploits/multi/http/ibm_openadmin_tool_soap_welcomeserver_exec,"IBM OpenAdmin Tool SOAP welcomeServer PHP Code Execution",excellent,
exploits,exploits/multi/http/nas4free_php_exec,"NAS4Free Arbitrary Remote Code Execution",great,
exploits,exploits/multi/http/majordomo_cmd_injection_rce,"MajorDoMo Remote Command Injection via cycle_execs Race Condition",excellent,
exploits,exploits/multi/http/vtiger_soap_upload,"vTiger CRM SOAP AddEmailAttachment Arbitrary File Upload",excellent,
exploits,exploits/multi/http/ispconfig_php_exec,"ISPConfig Authenticated Arbitrary PHP Code Execution",excellent,
exploits,exploits/multi/http/gitlab_github_import_rce_cve_2022_2992,"GitLab GitHub Repo Import Deserialization RCE",excellent,CVE-2022-2992
exploits,exploits/multi/http/log1cms_ajax_create_folder,"log1cms_ajax_create_folder",excellent,
exploits,exploits/multi/sap/sap_soap_rfc_sxpg_command_exec,"SAP SOAP RFC SXPG_COMMAND_EXECUTE Remote Command Execution",great,
exploits,exploits/multi/sap/sap_mgmt_con_osexec_payload,"SAP Management Console OSExecute Payload Execution",excellent,
exploits,exploits/multi/sap/cve_2020_6207_solman_rs,"SAP Solution Manager remote unauthorized OS commands execution",normal,CVE-2020-6207
exploits,exploits/multi/sap/sap_soap_rfc_sxpg_call_system_exec,"SAP SOAP RFC SXPG_CALL_SYSTEM Remote Command Execution",great,
exploits,exploits/multi/misc/cups_ipp_remote_code_execution,"CUPS IPP Attributes LAN Remote Code Execution",normal,
exploits,exploits/multi/misc/xdh_x_exec,"Xdh / LinuxNet Perlbot / fBot IRC Bot Remote Code Execution",excellent,
exploits,exploits/multi/misc/batik_svg_java,"Squiggle 1.7 SVG Browser Java Code Execution",excellent,
exploits,exploits/multi/misc/msfd_rce_remote,"Metasploit msfd Remote Code Execution",excellent,
exploits,exploits/multi/misc/bmc_patrol_cmd_exec,"BMC Patrol Agent Privilege Escalation Cmd Execution",excellent,
exploits,exploits/multi/misc/jboss_remoting_unified_invoker_rce,"JBOSS EAP/AS Remoting Unified Invoker RCE",excellent,
exploits,exploits/multi/misc/freeswitch_event_socket_cmd_exec,"FreeSWITCH Event Socket Command Execution",excellent,
exploits,exploits/multi/misc/hp_data_protector_exec_integutil,"HP Data Protector EXEC_INTEGUTIL Remote Code Execution",great,
exploits,exploits/multi/misc/java_jmx_server,"Java JMX Server Insecure Configuration Java Code Execution",excellent,
exploits,exploits/multi/misc/legend_bot_exec,"Legend Perl IRC Bot Remote Code Execution",excellent,
exploits,exploits/multi/misc/ibm_tm1_unauth_rce,"IBM TM1 / Planning Analytics Unauthenticated Remote Code Execution",excellent,
exploits,exploits/multi/misc/wireshark_lwres_getaddrbyname_loop,"Wireshark LWRES Dissector getaddrsbyname_request Buffer Overflow (loop)",great,
exploits,exploits/multi/misc/persistent_hpca_radexec_exec,"HP Client Automation Command Injection",great,
exploits,exploits/multi/misc/clickfix_server,"ClickFix Server",excellent,
exploits,exploits/multi/misc/osgi_console_exec,"Eclipse Equinox OSGi Console Command Execution",normal,
exploits,exploits/multi/misc/veritas_netbackup_cmdexec,"VERITAS NetBackup Remote Command Execution",excellent,
exploits,exploits/multi/misc/weblogic_deserialize_badattrval,"WebLogic Server Deserialization RCE - BadAttributeValueExpException",normal,CVE-2020-2555
exploits,exploits/multi/misc/weblogic_deserialize,"Oracle Weblogic Server Deserialization RCE",manual,
exploits,exploits/multi/misc/weblogic_deserialize_unicastref,"Oracle Weblogic Server Deserialization RCE - RMI UnicastRef",excellent,
exploits,exploits/multi/misc/consul_rexec_exec,"consul_rexec_exec",excellent,
exploits,exploits/multi/misc/w3tw0rk_exec,"w3tw0rk / Pitbul IRC Bot  Remote Code Execution",excellent,
exploits,exploits/multi/misc/weblogic_deserialize_asyncresponseservice,"Oracle Weblogic Server Deserialization RCE - AsyncResponseService",excellent,CVE-2019-2725
exploits,exploits/multi/misc/erlang_cookie_rce,"Erlang Port Mapper Daemon Cookie RCE",great,
exploits,exploits/multi/misc/java_rmi_server,"Java RMI Server Insecure Default Configuration Java Code Execution",excellent,
exploits,exploits/multi/misc/weblogic_deserialize_rawobject,"Oracle Weblogic Server Deserialization RCE - Raw Object",excellent,
exploits,exploits/multi/misc/arkeia_agent_exec,"Western Digital Arkeia Remote Code Execution",great,
exploits,exploits/multi/misc/wireshark_lwres_getaddrbyname,"Wireshark LWRES Dissector getaddrsbyname_request Buffer Overflow",great,
exploits,exploits/multi/misc/nomad_exec,"HashiCorp Nomad Remote Command Execution",excellent,
exploits,exploits/multi/misc/java_jdwp_debugger,"Java Debug Wire Protocol Remote Code Execution",good,
exploits,exploits/multi/misc/pbot_exec,"PHP IRC Bot pbot eval() Remote Code Execution",excellent,
exploits,exploits/multi/misc/openoffice_document_macro,"openoffice_document_macro",excellent,
exploits,exploits/multi/misc/msf_rpc_console,"Metasploit RPC Console Command Execution",excellent,
exploits,exploits/multi/misc/claymore_dual_miner_remote_manager_rce,"Nanopool Claymore Dual Miner APIs RCE",excellent,
exploits,exploits/multi/misc/ra1nx_pubcall_exec,"Ra1NX PHP Bot PubCall Authentication Bypass Remote Code Execution",great,
exploits,exploits/multi/misc/vscode_ipynb_remote_dev_exec,"VSCode ipynb Remote Development RCE",excellent,CVE-2022-41034
exploits,exploits/multi/misc/consul_service_exec,"Hashicorp Consul Remote Command Execution via Services API",excellent,
exploits,exploits/multi/misc/hp_vsa_exec,"hp_vsa_exec",excellent,
exploits,exploits/multi/misc/openview_omniback_exec,"HP OpenView OmniBack II Command Execution",excellent,
exploits,exploits/multi/misc/bmc_server_automation_rscd_nsh_rce,"BMC Server Automation RSCD Agent NSH Remote ",excellent,CVE-2016-1542;CVE-2016-1543
exploits,exploits/multi/misc/weblogic_deserialize_badattr_extcomp,"WebLogic Server Deserialization RCE BadAttributeValueExpException ExtComp",normal,
exploits,exploits/multi/misc/qemu_monitor_hmp_migrate_cmd_exec,"qemu_monitor_hmp_migrate_cmd_exec",excellent,
exploits,exploits/multi/misc/indesign_server_soap,"Adobe IndesignServer 5.5 SOAP Server Arbitrary Script Execution",excellent,
exploits,exploits/multi/misc/calibre_exec,"Calibre Python Code Injection (CVE-2024-6782)",excellent,CVE-2024-6782
exploits,exploits/multi/misc/apache_activemq_rce_cve_2023_46604,"Apache ActiveMQ Unauthenticated Remote Code Execution",excellent,CVE-2023-46604
exploits,exploits/multi/misc/nodejs_v8_debugger,"nodejs_v8_debugger",excellent,
exploits,exploits/multi/misc/zend_java_bridge,"Zend Server Java Bridge Arbitrary Java Code Execution",great,
exploits,exploits/multi/misc/teamcity_agent_xmlrpc_exec,"TeamCity Agent XML-RPC Command Execution",excellent,
exploits,exploits/multi/misc/weblogic_deserialize_marshalledobject,"Oracle Weblogic Server Deserialization RCE - MarshalledObject",manual,
exploits,exploits/solaris/dtspcd/heap_noir,"Solaris dtspcd Heap Overflow",great,
exploits,exploits/solaris/lpd/sendmail_exec,"Solaris LPD Command Execution",excellent,
exploits,exploits/solaris/ssh/pam_username_bof,"Oracle Solaris SunSSH PAM parse_user_name() Buffer Overflow",normal,CVE-2020-18471
exploits,exploits/solaris/dialup/manyargs,"System V Derived /bin/login Extraneous Arguments Buffer Overflow",good,
exploits,exploits/solaris/local/libnspr_nspr_log_file_priv_esc,"Solaris libnspr NSPR_LOG_FILE Privilege Escalation",excellent,
exploits,exploits/solaris/local/rsh_stack_clash_priv_esc,"Solaris RSH Stack Clash Privilege Escalation",good,CVE-2017-3629;CVE-2017-3630;CVE-2017-3631
exploits,exploits/solaris/local/xscreensaver_log_priv_esc,"Solaris xscreensaver log Privilege Escalation",excellent,
exploits,exploits/solaris/local/extremeparr_dtappgather_priv_esc,"extremeparr_dtappgather_priv_esc",excellent,
exploits,exploits/solaris/samba/trans2open,"Samba trans2open Overflow (Solaris SPARC)",great,
exploits,exploits/solaris/samba/lsa_transnames_heap,"Samba lsa_io_trans_names Heap Overflow",average,
exploits,exploits/solaris/telnet/ttyprompt,"Solaris in.telnetd TTYPROMPT Buffer Overflow",excellent,
exploits,exploits/solaris/telnet/fuser,"Sun Solaris Telnet Remote Authentication Bypass Vulnerability",excellent,
exploits,exploits/solaris/sunrpc/sadmind_adm_build_path,"Sun Solaris sadmind adm_build_path() Buffer Overflow",great,
exploits,exploits/solaris/sunrpc/sadmind_exec,"Solaris sadmind Command Execution",excellent,
exploits,exploits/solaris/sunrpc/ypupdated_exec,"Solaris ypupdated Command Execution",excellent,
exploits,exploits/android/adb/adb_server_exec,"Android ADB Debug Server Remote Payload Execution",excellent,
exploits,exploits/android/fileformat/adobe_reader_pdf_js_interface,"Adobe Reader for Android addJavascriptInterface Exploit",good,
exploits,exploits/android/browser/samsung_knox_smdm_url,"Samsung Galaxy KNOX Android Browser RCE",excellent,
exploits,exploits/android/browser/webview_addjavascriptinterface,"Android Browser and WebView addJavascriptInterface Code Execution",excellent,
exploits,exploits/android/browser/stagefright_mp4_tx3g_64bit,"Android Stagefright MP4 tx3g Integer Overflow",normal,
exploits,exploits/android/local/janus,"Android Janus APK Signature bypass",manual,CVE-2017-13156
exploits,exploits/android/local/su_exec,"su_exec",manual,
exploits,exploits/android/local/put_user_vroot,"Android get_user/put_user Exploit",excellent,CVE-2013-6282
exploits,exploits/android/local/futex_requeue,"futex_requeue",excellent,CVE-2014-3153
exploits,exploits/android/local/binder_uaf,"Android Binder Use-After-Free Exploit",excellent,CVE-2019-2215
exploits,exploits/netware/sunrpc/pkernel_callit,"NetWare 6.5 SunRPC Portmapper CALLIT Stack Buffer Overflow",good,
exploits,exploits/netware/smb/lsass_cifs,"Novell NetWare LSASS CIFS.NLM Driver Stack Buffer Overflow",average,
exploits,exploits/qnx/local/ifwatchd_priv_esc,"ifwatchd Privilege Escalation",excellent,
exploits,exploits/qnx/qconn/qconn_exec,"QNX qconn Command Execution",excellent,
exploits,exploits/hpux/lpd/cleanup_exec,"HP-UX LPD Command Execution",excellent,
exploits,exploits/irix/lpd/tagprinter_exec,"Irix LPD tagprinter Command Execution",excellent,
exploits,exploits/osx/rtsp/quicktime_rtsp_content_type,"MacOS X QuickTime RTSP Content-Type Overflow",average,
exploits,exploits/osx/ftp/webstar_ftp_user,"WebSTAR FTP Server USER Overflow",average,
exploits,exploits/osx/mdns/upnp_location,"Mac OS X mDNSResponder UPnP Location Overflow",average,
exploits,exploits/osx/browser/osx_gatekeeper_bypass,"macOS Gatekeeper check bypass",manual,CVE-2021-30657;CVE-2022-22616
exploits,exploits/osx/browser/safari_in_operator_side_effect,"Safari in Operator Side Effect Exploit",manual,CVE-2020-9801;CVE-2020-9850;CVE-2020-9856
exploits,exploits/osx/browser/safari_user_assisted_download_launch,"Safari User-Assisted Download and Run Attack",manual,
exploits,exploits/osx/browser/safari_proxy_object_type_confusion,"Safari Proxy Object Type Confusion",manual,CVE-2018-4233;CVE-2018-4404
exploits,exploits/osx/browser/safari_file_policy,"safari_file_policy",normal,CVE-2011-3230
exploits,exploits/osx/browser/mozilla_mchannel,"Mozilla Firefox 3.6.16 mChannel Use-After-Free",normal,
exploits,exploits/osx/browser/adobe_flash_delete_range_tl_op,"Adobe Flash Player DeleteRangeTimelineOperation Type-Confusion",great,CVE-2016-4117
exploits,exploits/osx/browser/safari_user_assisted_applescript_exec,"Safari User-Assisted Applescript Exec Attack",manual,
exploits,exploits/osx/browser/software_update,"Apple OS X Software Update Command Execution",excellent,
exploits,exploits/osx/browser/safari_metadata_archive,"Safari Archive Metadata Command Execution",excellent,
exploits,exploits/osx/local/vmware_bash_function_root,"OS X VMWare Fusion Privilege Escalation via Bash Environment Code Injection (Shellshock)",normal,
exploits,exploits/osx/local/nfs_mount_root,"Mac OS X NFS Mount Privilege Escalation Exploit",normal,
exploits,exploits/osx/local/rootpipe_entitlements,"Apple OS X Entitlements Rootpipe Privilege Escalation",great,CVE-2015-3673
exploits,exploits/osx/local/setuid_tunnelblick,"Setuid Tunnelblick Privilege Escalation",excellent,
exploits,exploits/osx/local/cfprefsd_race_condition,"macOS cfprefsd Arbitrary File Write Local Privilege Escalation",excellent,CVE-2020-9839
exploits,exploits/osx/local/acronis_trueimage_xpc_privesc,"Acronis TrueImage XPC Privilege Escalation",excellent,CVE-2020-25736
exploits,exploits/osx/local/rootpipe,"Apple OS X Rootpipe Privilege Escalation",great,CVE-2015-1130
exploits,exploits/osx/local/root_no_password,"Mac OS X Root Privilege Escalation",excellent,
exploits,exploits/osx/local/vmware_fusion_lpe,"VMware Fusion USB Arbitrator Setuid Privilege Escalation",excellent,
exploits,exploits/osx/local/feedback_assistant_root,"Mac OS X Feedback Assistant Race Condition",excellent,CVE-2019-8565
exploits,exploits/osx/local/iokit_keyboard_root,"Mac OS X IOKit Keyboard Driver Root Privilege Escalation",manual,CVE-2014-4404
exploits,exploits/osx/local/sudo_password_bypass,"Mac OS X Sudo Password Bypass",normal,CVE-2013-1775
exploits,exploits/osx/local/mac_dirty_cow,"macOS Dirty Cow Arbitrary File Write Local Privilege Escalation",excellent,CVE-2022-46689
exploits,exploits/osx/local/dyld_print_to_file_root,"Apple OS X DYLD_PRINT_TO_FILE Privilege Escalation",great,
exploits,exploits/osx/local/timemachine_cmd_injection,"Mac OS X TimeMachine (tmdiagnose) Command Injection Privilege Escalation",excellent,CVE-2019-8513
exploits,exploits/osx/local/packagekit_zshenv_privesc,"macOS PackageKit ZSH Environment Privilege Escalation",manual,CVE-2024-27822
exploits,exploits/osx/local/rsh_libmalloc,"Mac OS X 10.9.5 / 10.10.5 - rsh/libmalloc Privilege Escalation",normal,
exploits,exploits/osx/local/setuid_viscosity,"Viscosity setuid-set ViscosityHelper Privilege Escalation",excellent,
exploits,exploits/osx/local/tpwn,"Mac OS X 'tpwn' Privilege Escalation",normal,
exploits,exploits/osx/local/libxpc_mitm_ssudo,"Mac OS X libxpc MITM Privilege Escalation",excellent,CVE-2018-4237
exploits,exploits/osx/email/mailapp_image_exec,"Mail.app Image Attachment Command Execution",manual,
exploits,exploits/osx/afp/loginext,"AppleFileServer LoginExt PathName Overflow",average,
exploits,exploits/osx/samba/trans2open,"Samba trans2open Overflow (Mac OS X PPC)",great,
exploits,exploits/osx/samba/lsa_transnames_heap,"Samba lsa_io_trans_names Heap Overflow",average,
exploits,exploits/osx/arkeia/type77,"Arkeia Backup Client Type 77 Overflow (Mac OS X)",average,
exploits,exploits/osx/persistence/launch_plist,"Mac OS X Persistent Payload Installer",excellent,
exploits,exploits/osx/http/remote_for_mac_rce,"Remote for Mac Unauthenticated RCE",normal,
exploits,exploits/osx/http/evocam_webserver,"MacOS X EvoCam HTTP GET Buffer Overflow",average,
exploits,exploits/osx/misc/ufo_ai,"UFO: Alien Invasion IRC Client Buffer Overflow",average,
exploits,exploits/osx/misc/remote_for_mac_udp_rce,"Remote for Mac 2025.6 Unauthenticated UDP Keyboard RCE",excellent,
exploits,exploits/unix/smtp/clamav_milter_blackhole,"ClamAV Milter Blackhole-Mode Remote Code Execution",excellent,
exploits,exploits/unix/smtp/exim4_string_format,"Exim4 string_format Function Heap Buffer Overflow",excellent,CVE-2010-4345
exploits,exploits/unix/smtp/morris_sendmail_debug,"Morris Worm sendmail Debug Mode Shell Escape",average,
exploits,exploits/unix/smtp/opensmtpd_mail_from_rce,"OpenSMTPD MAIL FROM Remote Code Execution",excellent,
exploits,exploits/unix/smtp/qmail_bash_env_exec,"Qmail SMTP Bash Environment Variable Injection (Shellshock)",normal,
exploits,exploits/unix/dhcp/rhel_dhcp_client_command_injection,"DHCP Client Command Injection (DynoRoot)",excellent,CVE-2018-1111
exploits,exploits/unix/dhcp/bash_environment,"Dhclient Bash Environment Variable Injection (Shellshock)",excellent,
exploits,exploits/unix/ftp/proftpd_modcopy_exec,"ProFTPD 1.3.5 Mod_Copy Command Execution",excellent,
exploits,exploits/unix/ftp/proftpd_133c_backdoor,"ProFTPD 1.3.3c Backdoor Command Execution",excellent,
exploits,exploits/unix/ftp/vsftpd_234_backdoor,"VSFTPD 2.3.4 Backdoor Command Execution",excellent,
exploits,exploits/unix/ssh/array_vxag_vapv_privkey_privesc,"Array Networks vAPV and vxAG Private Key Privilege Escalation Code Execution",excellent,
exploits,exploits/unix/ssh/arista_tacplus_shell,"Arista restricted shell escape (with privesc)",great,CVE-2020-9015
exploits,exploits/unix/ssh/tectia_passwd_changereq,"tectia_passwd_changereq",excellent,
exploits,exploits/unix/fileformat/exiftool_djvu_ant_perl_injection,"ExifTool DjVu ANT Perl injection",excellent,CVE-2021-22204
exploits,exploits/unix/fileformat/imagemagick_delegate,"ImageMagick Delegate Arbitrary Command Execution",excellent,
exploits,exploits/unix/fileformat/metasploit_libnotify_cmd_injection,"Metasploit Libnotify Plugin Arbitrary Command Execution",excellent,
exploits,exploits/unix/fileformat/ghostscript_type_confusion,"Ghostscript Type Confusion Arbitrary Command Execution",excellent,CVE-2017-8291
exploits,exploits/unix/fileformat/metasploit_msfvenom_apk_template_cmd_injection,"Rapid7 Metasploit Framework msfvenom APK Template Command Injection",excellent,
exploits,exploits/unix/webapp/openx_banner_edit,"OpenX banner-edit.php File Upload PHP Code Execution",excellent,
exploits,exploits/unix/webapp/wp_infinitewp_auth_bypass,"WordPress InfiniteWP Client Authentication Bypass",manual,
exploits,exploits/unix/webapp/squirrelmail_pgp_plugin,"SquirrelMail PGP Plugin Command Execution (SMTP)",manual,
exploits,exploits/unix/webapp/squash_yaml_exec,"Squash YAML Code Execution",excellent,
exploits,exploits/unix/webapp/wp_wpshop_ecommerce_file_upload,"WordPress WPshop eCommerce Arbitrary File Upload Vulnerability",excellent,
exploits,exploits/unix/webapp/wp_property_upload_exec,"WordPress WP-Property PHP File Upload Vulnerability",excellent,
exploits,exploits/unix/webapp/flashchat_upload_exec,"flashchat_upload_exec",excellent,
exploits,exploits/unix/webapp/google_proxystylesheet_exec,"Google Appliance ProxyStyleSheet Command Execution",excellent,
exploits,exploits/unix/webapp/joomla_media_upload_exec,"joomla_media_upload_exec",excellent,
exploits,exploits/unix/webapp/drupal_restws_exec,"Drupal RESTWS Module Remote PHP Code Execution",excellent,
exploits,exploits/unix/webapp/thinkphp_rce,"ThinkPHP Multiple PHP Injection RCEs",excellent,
exploits,exploits/unix/webapp/awstatstotals_multisort,"AWStats Totals multisort Remote Command Execution",excellent,
exploits,exploits/unix/webapp/barracuda_img_exec,"Barracuda IMG.PL Remote Command Execution",excellent,
exploits,exploits/unix/webapp/mitel_awc_exec,"Mitel Audio and Web Conferencing Command Injection",excellent,
exploits,exploits/unix/webapp/instantcms_exec,"InstantCMS 1.6 Remote PHP Code Execution",excellent,
exploits,exploits/unix/webapp/wp_pixabay_images_upload,"WordPress Pixabay Images PHP Code Upload",excellent,
exploits,exploits/unix/webapp/wp_downloadmanager_upload,"Wordpress Download Manager (download-manager) Unauthenticated File Upload",excellent,
exploits,exploits/unix/webapp/opensis_chain_exec,"openSIS Unauthenticated PHP Code Execution",excellent,
exploits,exploits/unix/webapp/drupal_drupalgeddon2,"Drupal Drupalgeddon 2 Forms API Property Injection",excellent,CVE-2018-7600
exploits,exploits/unix/webapp/cakephp_cache_corruption,"CakePHP Cache Corruption Code Execution",excellent,
exploits,exploits/unix/webapp/php_include,"Generic PHP Remote File Include",normal,
exploits,exploits/unix/webapp/wp_total_cache_exec,"WordPress W3 Total Cache PHP Code Execution",excellent,
exploits,exploits/unix/webapp/zeroshell_exec,"zeroshell_exec",excellent,
exploits,exploits/unix/webapp/horde_unserialize_exec,"Horde Framework Unserialize PHP Code Execution",excellent,CVE-2014-1691
exploits,exploits/unix/webapp/mambo_cache_lite,"Mambo Cache_Lite Class mosConfig_absolute_path Remote File Include",excellent,
exploits,exploits/unix/webapp/freepbx_config_exec,"freepbx_config_exec",excellent,
exploits,exploits/unix/webapp/tikiwiki_upload_exec,"Tiki Wiki Unauthenticated File Upload Vulnerability",excellent,
exploits,exploits/unix/webapp/moinmoin_twikidraw,"MoinMoin twikidraw Action Traversal File Upload",manual,
exploits,exploits/unix/webapp/drupal_restws_unserialize,"Drupal RESTful Web Services unserialize() RCE",normal,
exploits,exploits/unix/webapp/joomla_contenthistory_sqli_rce,"joomla_contenthistory_sqli_rce",excellent,
exploits,exploits/unix/webapp/qtss_parse_xml_exec,"QuickTime Streaming Server parse_xml.cgi Remote Execution",excellent,
exploits,exploits/unix/webapp/wp_platform_exec,"WordPress Platform Theme File Upload Vulnerability",excellent,
exploits,exploits/unix/webapp/wp_lastpost_exec,"WordPress cache_lastpostdate Arbitrary Code Execution",excellent,
exploits,exploits/unix/webapp/wp_inboundio_marketing_file_upload,"Wordpress InBoundio Marketing PHP Upload Vulnerability",excellent,
exploits,exploits/unix/webapp/zpanel_username_exec,"zpanel_username_exec",excellent,
exploits,exploits/unix/webapp/wp_holding_pattern_file_upload,"WordPress Holding Pattern Theme Arbitrary File Upload",excellent,
exploits,exploits/unix/webapp/vicidial_manager_send_cmd_exec,"VICIdial Manager Send OS Command Injection",excellent,
exploits,exploits/unix/webapp/sphpblog_file_upload,"Simple PHP Blog Remote Command Execution",excellent,
exploits,exploits/unix/webapp/twiki_search,"TWiki Search Function Arbitrary Command Execution",excellent,
exploits,exploits/unix/webapp/twiki_history,"TWiki History Function Arbitrary Command Execution",excellent,
exploits,exploits/unix/webapp/sugarcrm_unserialize_exec,"SugarCRM unserialize() PHP Code Execution",excellent,
exploits,exploits/unix/webapp/graphite_pickle_exec,"Graphite Web Unsafe Pickle Handling",excellent,
exploits,exploits/unix/webapp/phpcollab_upload_exec,"phpCollab 2.5.1 Unauthenticated File Upload",excellent,CVE-2017-6090
exploits,exploits/unix/webapp/jquery_file_upload,"jquery_file_upload",excellent,CVE-2018-9206
exploits,exploits/unix/webapp/egallery_upload_exec,"egallery_upload_exec",excellent,
exploits,exploits/unix/webapp/php_xmlrpc_eval,"PHP XML-RPC Arbitrary Code Execution",excellent,
exploits,exploits/unix/webapp/fusionpbx_operator_panel_exec_cmd_exec,"FusionPBX Operator Panel exec.php Command Execution",excellent,
exploits,exploits/unix/webapp/wp_plainview_activity_monitor_rce,"Wordpress Plainview Activity Monitor RCE",excellent,
exploits,exploits/unix/webapp/oscommerce_filemanager,"osCommerce 2.2 Arbitrary PHP Code Execution",excellent,
exploits,exploits/unix/webapp/actualanalyzer_ant_cookie_exec,"actualanalyzer_ant_cookie_exec",excellent,
exploits,exploits/unix/webapp/piwik_superuser_plugin_upload,"Piwik Superuser Plugin Upload",excellent,
exploits,exploits/unix/webapp/tuleap_unserialize_exec,"Tuleap PHP Unserialize Code Execution",excellent,
exploits,exploits/unix/webapp/drupal_coder_exec,"Drupal CODER Module Remote Command Execution",excellent,
exploits,exploits/unix/webapp/oracle_vm_agent_utl,"Oracle VM Server Virtual Server Agent Command Injection",excellent,CVE-2010-3585
exploits,exploits/unix/webapp/projectpier_upload_exec,"Project Pier Arbitrary File Upload Vulnerability",excellent,
exploits,exploits/unix/webapp/wp_easycart_unrestricted_file_upload,"WordPress WP EasyCart Unrestricted File Upload",excellent,
exploits,exploits/unix/webapp/wp_creativecontactform_file_upload,"Wordpress Creative Contact Form Upload Vulnerability",excellent,
exploits,exploits/unix/webapp/xymon_useradm_cmd_exec,"Xymon useradm Command Execution",excellent,
exploits,exploits/unix/webapp/simple_e_document_upload_exec,"simple_e_document_upload_exec",excellent,
exploits,exploits/unix/webapp/aerohive_netconfig_lfi_log_poison_rce,"Aerohive NetConfig 10.0r8a LFI and log poisoning to RCE",excellent,CVE-2020-16152
exploits,exploits/unix/webapp/php_eval,"Generic PHP Code Evaluation",manual,
exploits,exploits/unix/webapp/nagios3_statuswml_ping,"Nagios3 statuswml.cgi Ping Command Execution",excellent,
exploits,exploits/unix/webapp/get_simple_cms_upload_exec,"GetSimpleCMS PHP File Upload Vulnerability",excellent,
exploits,exploits/unix/webapp/joomla_comjce_imgmanager,"Joomla Component JCE File Upload Remote Code Execution",excellent,
exploits,exploits/unix/webapp/openmediavault_rpc_rce,"OpenMediaVault rpc.php Authenticated PHP Code Injection",excellent,
exploits,exploits/unix/webapp/openemr_sqli_privesc_upload,"openemr_sqli_privesc_upload",excellent,
exploits,exploits/unix/webapp/wp_advanced_custom_fields_exec,"WordPress Plugin Advanced Custom Fields Remote File Inclusion",excellent,
exploits,exploits/unix/webapp/havalite_upload_exec,"Havalite CMS Arbitary File Upload Vulnerability",excellent,
exploits,exploits/unix/webapp/vicidial_agent_authenticated_rce,"VICIdial Authenticated Remote Code Execution",excellent,CVE-2024-8503
exploits,exploits/unix/webapp/wp_google_document_embedder_exec,"WordPress Plugin Google Document Embedder Arbitrary File Disclosure",normal,
exploits,exploits/unix/webapp/phpmyadmin_config,"phpMyAdmin Config File Code Injection",excellent,CVE-2009-1151;CVE-2009-1285
exploits,exploits/unix/webapp/sixapart_movabletype_storable_exec,"SixApart MovableType Storable Perl Code Execution",good,
exploits,exploits/unix/webapp/fusionpbx_exec_cmd_exec,"FusionPBX Command exec.php Command Execution",excellent,
exploits,exploits/unix/webapp/cacti_graphimage_exec,"Cacti graph_view.php Remote Command Execution",excellent,
exploits,exploits/unix/webapp/tikiwiki_graph_formula_exec,"TikiWiki tiki-graph_formula Remote PHP Code Execution",excellent,
exploits,exploits/unix/webapp/php_charts_exec,"php_charts_exec",excellent,
exploits,exploits/unix/webapp/wp_symposium_shell_upload,"WordPress WP Symposium 14.11 Shell Upload",excellent,
exploits,exploits/unix/webapp/foswiki_maketext,"Foswiki MAKETEXT Remote Command Execution",excellent,CVE-2012-6330
exploits,exploits/unix/webapp/rconfig_install_cmd_exec,"rConfig install Command Execution",excellent,CVE-2019-16662;CVE-2019-16663
exploits,exploits/unix/webapp/dogfood_spell_exec,"Dogfood CRM spell.php Remote Command Execution",excellent,
exploits,exploits/unix/webapp/seportal_sqli_exec,"seportal_sqli_exec",excellent,
exploits,exploits/unix/webapp/webtester_exec,"webtester_exec",excellent,
exploits,exploits/unix/webapp/pajax_remote_exec,"PAJAX Remote Command Execution",excellent,
exploits,exploits/unix/webapp/datalife_preview_exec,"DataLife Engine preview.php PHP Code Injection",excellent,
exploits,exploits/unix/webapp/phpbb_highlight,"phpBB viewtopic.php Arbitrary Code Execution",excellent,
exploits,exploits/unix/webapp/wp_frontend_editor_file_upload,"Wordpress Front-end Editor File Upload",excellent,
exploits,exploits/unix/webapp/twiki_maketext,"TWiki MAKETEXT Remote Command Execution",excellent,CVE-2012-6329
exploits,exploits/unix/webapp/tikiwiki_unserialize_exec,"Tiki Wiki unserialize() PHP Code Execution",excellent,
exploits,exploits/unix/webapp/sugarcrm_rest_unserialize_exec,"SugarCRM REST Unserialize PHP Code Execution",excellent,
exploits,exploits/unix/webapp/wp_wpdiscuz_unauthenticated_file_upload,"WordPress wpDiscuz Unauthenticated File Upload Vulnerability",excellent,
exploits,exploits/unix/webapp/mybb_backdoor,"myBB 1.6.4 Backdoor Arbitrary Command Execution",excellent,
exploits,exploits/unix/webapp/wp_foxypress_upload,"WordPress Plugin Foxypress uploadify.php Arbitrary Code Execution",excellent,
exploits,exploits/unix/webapp/trixbox_ce_endpoint_devicemap_rce,"TrixBox CE endpoint_devicemap.php Authenticated Command Execution",excellent,
exploits,exploits/unix/webapp/nagios3_history_cgi,"Nagios3 history.cgi Host Command Execution",great,
exploits,exploits/unix/webapp/wp_asset_manager_upload_exec,"WordPress Asset-Manager PHP File Upload Vulnerability",excellent,
exploits,exploits/unix/webapp/webmin_upload_exec,"Webmin Upload Authenticated RCE",excellent,
exploits,exploits/unix/webapp/joomla_comfields_sqli_rce,"Joomla Component Fields SQLi Remote Code Execution",excellent,
exploits,exploits/unix/webapp/elfinder_php_connector_exiftran_cmd_injection,"elFinder PHP Connector exiftran Command Injection",excellent,CVE-2019-9194
exploits,exploits/unix/webapp/cyberpanel_preauth_rce_multi_cve,"CyberPanel Multi CVE Pre-auth RCE",excellent,CVE-2024-51378;CVE-2024-51567;CVE-2024-51568
exploits,exploits/unix/webapp/carberp_backdoor_exec,"Carberp Web Panel C2 Backdoor Remote PHP Code Execution",great,
exploits,exploits/unix/webapp/basilic_diff_exec,"Basilic 1.5.14 diff.php Arbitrary Command Execution",excellent,
exploits,exploits/unix/webapp/vicidial_user_authorization_unauth_cmd_exec,"VICIdial user_authorization Unauthenticated Command Execution",excellent,
exploits,exploits/unix/webapp/skybluecanvas_exec,"SkyBlueCanvas CMS Remote Code Execution",excellent,
exploits,exploits/unix/webapp/zoneminder_lang_exec,"ZoneMinder Language Settings Remote Code Execution",excellent,
exploits,exploits/unix/webapp/wp_optimizepress_upload,"WordPress OptimizePress Theme File Upload Vulnerability",excellent,
exploits,exploits/unix/webapp/xoda_file_upload,"xoda_file_upload",excellent,
exploits,exploits/unix/webapp/opennetadmin_ping_cmd_injection,"OpenNetAdmin Ping Command Injection",excellent,
exploits,exploits/unix/webapp/ajenti_auth_username_cmd_injection,"Ajenti auth username Command Injection",excellent,
exploits,exploits/unix/webapp/invision_pboard_unserialize_exec,"Invision IP.Board unserialize() PHP Code Execution",excellent,
exploits,exploits/unix/webapp/base_qry_common,"BASE base_qry_common Remote File Include",excellent,
exploits,exploits/unix/webapp/awstats_configdir_exec,"AWStats configdir Remote Command Execution",excellent,
exploits,exploits/unix/webapp/wp_mobile_detector_upload_execute,"WordPress WP Mobile Detector 3.5 Shell Upload",excellent,
exploits,exploits/unix/webapp/wp_worktheflow_upload,"Wordpress Work The Flow Upload Vulnerability",excellent,
exploits,exploits/unix/webapp/tikiwiki_jhot_exec,"TikiWiki jhot Remote Command Execution",excellent,
exploits,exploits/unix/webapp/clipbucket_upload_exec,"clipbucket_upload_exec",excellent,
exploits,exploits/unix/webapp/wp_pie_register_bypass_rce,"WordPress Plugin Pie Register Auth Bypass to RCE",excellent,
exploits,exploits/unix/webapp/maarch_letterbox_file_upload,"Maarch LetterBox Unrestricted File Upload",excellent,
exploits,exploits/unix/webapp/wp_phpmailer_host_header,"WordPress PHPMailer Host Header Command Injection",average,CVE-2016-10033
exploits,exploits/unix/webapp/nextcloud_workflows_rce,"Nextcloud Workflows Remote Code Execution",excellent,
exploits,exploits/unix/webapp/webmin_show_cgi_exec,"Webmin /file/show.cgi Remote Command Execution",excellent,
exploits,exploits/unix/webapp/wp_admin_shell_upload,"WordPress Admin Shell Upload",excellent,
exploits,exploits/unix/webapp/hybridauth_install_php_exec,"HybridAuth install.php PHP Code Execution",manual,
exploits,exploits/unix/webapp/joomla_akeeba_unserialize,"joomla_akeeba_unserialize",excellent,CVE-2014-7228
exploits,exploits/unix/webapp/nagios_graph_explorer,"nagios_graph_explorer",excellent,
exploits,exploits/unix/webapp/citrix_access_gateway_exec,"Citrix Access Gateway Command Execution",excellent,
exploits,exploits/unix/webapp/joomla_tinybrowser,"Joomla 1.5.12 TinyBrowser File Upload Code Execution",excellent,
exploits,exploits/unix/webapp/zimbra_lfi,"Zimbra Collaboration Server LFI",excellent,
exploits,exploits/unix/webapp/zoneminder_packagecontrol_exec,"ZoneMinder Video Server packageControl Command Execution",excellent,
exploits,exploits/unix/webapp/openemr_upload_exec,"openemr_upload_exec",excellent,
exploits,exploits/unix/webapp/trixbox_langchoice,"Trixbox langChoice PHP Local File Inclusion",manual,
exploits,exploits/unix/webapp/kimai_sqli,"kimai_sqli",average,
exploits,exploits/unix/webapp/openview_connectednodes_exec,"HP Openview connectedNodes.ovpl Remote Command Execution",excellent,
exploits,exploits/unix/webapp/awstats_migrate_exec,"AWStats migrate Remote Command Execution",excellent,
exploits,exploits/unix/webapp/projectsend_upload_exec,"ProjectSend Arbitrary File Upload",excellent,
exploits,exploits/unix/webapp/vbulletin_vote_sqli_exec,"vBulletin index.php/ajax/api/reputation/vote nodeid Parameter SQL Injection",excellent,
exploits,exploits/unix/webapp/wp_ajax_load_more_file_upload,"Wordpress Ajax Load More PHP Upload Vulnerability",excellent,
exploits,exploits/unix/webapp/libretto_upload_exec,"LibrettoCMS File Manager Arbitary File Upload Vulnerability",excellent,
exploits,exploits/unix/webapp/wp_wptouch_file_upload,"WordPress WPTouch Authenticated File Upload",excellent,
exploits,exploits/unix/webapp/wp_infusionsoft_upload,"Wordpress InfusionSoft Upload Vulnerability",excellent,CVE-2014-6446
exploits,exploits/unix/webapp/openmediavault_auth_cron_rce,"OpenMediaVault rpc.php Authenticated Cron Remote Code Execution",excellent,CVE-2013-3632
exploits,exploits/unix/webapp/narcissus_backend_exec,"narcissus_backend_exec",excellent,
exploits,exploits/unix/webapp/wp_slideshowgallery_upload,"Wordpress SlideShow Gallery Authenticated File Upload",excellent,
exploits,exploits/unix/webapp/wp_photo_gallery_unrestricted_file_upload,"WordPress Photo Gallery Unrestricted File Upload",excellent,
exploits,exploits/unix/webapp/bolt_authenticated_rce,"Bolt CMS 3.7.0 - Authenticated Remote Code Execution",great,
exploits,exploits/unix/webapp/wp_nmediawebsite_file_upload,"Wordpress N-Media Website Contact Form Upload Vulnerability",excellent,
exploits,exploits/unix/webapp/zoneminder_snapshots,"ZoneMinder Snapshots Command Injection",excellent,
exploits,exploits/unix/webapp/guestbook_ssi_exec,"Matt Wright guestbook.pl Arbitrary Command Execution",excellent,
exploits,exploits/unix/webapp/tuleap_rest_unserialize_exec,"Tuleap 9.6 Second-Order PHP Object Injection",excellent,
exploits,exploits/unix/webapp/wp_revslider_upload_execute,"WordPress RevSlider File Upload and Execute Vulnerability",excellent,
exploits,exploits/unix/webapp/hastymail_exec,"hastymail_exec",excellent,
exploits,exploits/unix/webapp/opensis_modname_exec,"opensis_modname_exec",excellent,
exploits,exploits/unix/webapp/byob_unauth_rce,"BYOB Unauthenticated RCE via Arbitrary File Write and Command Injection (CVE-2024-45256, CVE-2024-45257)",excellent,CVE-2024-45256;CVE-2024-45257
exploits,exploits/unix/webapp/wp_wysija_newsletters_upload,"Wordpress MailPoet Newsletters (wysija-newsletters) Unauthenticated File Upload",excellent,
exploits,exploits/unix/webapp/wp_reflexgallery_file_upload,"Wordpress Reflex Gallery Upload Vulnerability",excellent,
exploits,exploits/unix/webapp/arkeia_upload_exec,"arkeia_upload_exec",excellent,
exploits,exploits/unix/webapp/redmine_scm_exec,"Redmine SCM Repository Arbitrary Command Execution",excellent,
exploits,exploits/unix/webapp/coppermine_piceditor,"Coppermine Photo Gallery picEditor.php Command Execution",excellent,
exploits,exploits/unix/webapp/generic_exec,"Generic Web Application Unix Command Execution",excellent,
exploits,exploits/unix/webapp/php_vbulletin_template,"vBulletin misc.php Template Name Arbitrary Code Execution",excellent,
exploits,exploits/unix/webapp/open_flash_chart_upload_exec,"open_flash_chart_upload_exec",great,
exploits,exploits/unix/local/setuid_nmap,"Setuid Nmap Exploit",excellent,
exploits,exploits/unix/local/netbsd_mail_local,"NetBSD mail.local Privilege Escalation",great,
exploits,exploits/unix/local/exim_perl_startup,"Exim 'perl_startup' Privilege Escalation",excellent,CVE-2016-1531
exploits,exploits/unix/local/chkrootkit,"Chkrootkit Local Privilege Escalation",manual,
exploits,exploits/unix/local/emacs_movemail,"Emacs movemail Privilege Escalation",excellent,
exploits,exploits/unix/local/opensmtpd_oob_read_lpe,"OpenSMTPD OOB Read Local Privilege Escalation",average,CVE-2020-8794
exploits,exploits/unix/sonicwall/sonicwall_xmlrpc_rce,"sonicwall_xmlrpc_rce",excellent,
exploits,exploits/unix/x11/x11_keyboard_exec,"X11 Keyboard Command Injection",excellent,
exploits,exploits/unix/http/syncovery_linux_rce_2022_36534,"Syncovery For Linux Web-GUI Authenticated Remote Command Execution",excellent,
exploits,exploits/unix/http/tnftp_savefile,"tnftp 'savefile' Arbitrary Command Execution",excellent,
exploits,exploits/unix/http/xdebug_unauth_exec,"xdebug Unauthenticated OS Command Execution",excellent,
exploits,exploits/unix/http/freepbx_callmenum,"FreePBX 2.10.0 / 2.9.0 callmenum Remote Code Execution",manual,
exploits,exploits/unix/http/epmp1000_get_chart_cmd_shell,"epmp1000_get_chart_cmd_shell",excellent,
exploits,exploits/unix/http/cacti_filter_sqli_rce,"Cacti color filter authenticated SQLi to RCE",excellent,
exploits,exploits/unix/http/twiki_debug_plugins,"TWiki Debugenableplugins Remote Code Execution",excellent,CVE-2014-7236
exploits,exploits/unix/http/laravel_token_unserialize_exec,"PHP Laravel Framework token Unserialize Remote Command Execution",excellent,CVE-2017-16894;CVE-2018-15133
exploits,exploits/unix/http/pfsense_group_member_exec,"pfSense authenticated group member RCE",excellent,
exploits,exploits/unix/http/contentkeeperweb_mimencode,"ContentKeeper Web Remote Command Execution",excellent,
exploits,exploits/unix/http/quest_kace_systems_management_rce,"Quest KACE Systems Management Command Injection",excellent,
exploits,exploits/unix/http/pfsense_diag_routes_webshell,"pfSense Diag Routes Web Shell Upload",excellent,CVE-2021-41282
exploits,exploits/unix/http/freepbx_custom_extension_rce,"FreePBX endpoint SQLi to RCE",excellent,CVE-2025-61675;CVE-2025-66039
exploits,exploits/unix/http/epmp1000_ping_cmd_shell,"epmp1000_ping_cmd_shell",excellent,
exploits,exploits/unix/http/freepbx_unauth_sqli_to_rce,"FreePBX ajax.php unauthenticated SQLi to RCE",excellent,CVE-2025-57819
exploits,exploits/unix/http/splunk_xslt_authenticated_rce,"Splunk Authenticated XSLT Upload RCE",excellent,CVE-2023-46214
exploits,exploits/unix/http/lifesize_room,"LifeSize Room Command Injection",excellent,
exploits,exploits/unix/http/maltrail_rce,"Maltrail Unauthenticated Command Injection",excellent,
exploits,exploits/unix/http/dolibarr_cms_rce_cve_2023_30253,"Dolibarr ERP/CRM Authenticated Code Injection",excellent,CVE-2023-30253
exploits,exploits/unix/http/dell_kace_k1000_upload,"Dell KACE K1000 File Upload",excellent,
exploits,exploits/unix/http/pihole_dhcp_mac_exec,"Pi-Hole DHCP MAC OS Command Execution",good,CVE-2020-8816
exploits,exploits/unix/http/pfsense_pfblockerng_webshell,"pfSense plugin pfBlockerNG unauthenticated RCE as root",great,
exploits,exploits/unix/http/freepbx_filestore_cmd_injection,"FreePBX filestore authenticated command injection",excellent,CVE-2025-64328
exploits,exploits/unix/http/pihole_whitelist_exec,"Pi-Hole Whitelist OS Command Execution",excellent,
exploits,exploits/unix/http/pfsense_config_data_exec,"pfSense Restore RRD Data Command Injection",excellent,
exploits,exploits/unix/http/vmturbo_vmtadmin_exec_noauth,"VMTurbo Operations Manager vmtadmin.cgi Remote Command Execution",excellent,
exploits,exploits/unix/http/pihole_blocklist_exec,"Pi-Hole heisenbergCompensator Blocklist OS Command Execution",excellent,CVE-2020-11108
exploits,exploits/unix/http/schneider_electric_net55xx_encoder,"Schneider Electric Pelco Endura NET55XX Encoder",excellent,
exploits,exploits/unix/http/ctek_skyrouter,"CTEK SkyRouter 4200 and 4300 Command Execution",average,
exploits,exploits/unix/http/pfsense_graph_injection_exec,"pfSense authenticated graph status RCE",excellent,
exploits,exploits/unix/http/pfsense_clickjacking,"Clickjacking Vulnerability In CSRF Error Page pfSense",normal,
exploits,exploits/unix/http/zivif_ipcheck_exec,"Zivif Camera iptest.cgi Blind Remote Command Execution",excellent,CVE-2017-17105
exploits,exploits/unix/http/raspap_rce,"RaspAP Unauthenticated Command Injection",excellent,
exploits,exploits/unix/http/freepbx_firmware_file_upload,"FreePBX firmware file upload",excellent,CVE-2025-61678;CVE-2025-66039
exploits,exploits/unix/misc/xerox_mfp,"Xerox Multifunction Printers (MFP) 'Patch' DLM Vulnerability",good,
exploits,exploits/unix/misc/spamassassin_exec,"SpamAssassin spamd Remote Command Execution",excellent,CVE-2006-2447
exploits,exploits/unix/misc/polycom_hdx_traceroute_exec,"Polycom Shell HDX Series Traceroute Command Execution",excellent,
exploits,exploits/unix/misc/polycom_hdx_auth_bypass,"Polycom Command Shell Authorization Bypass",normal,
exploits,exploits/unix/misc/zabbix_agent_exec,"Zabbix Agent net.tcp.listen Command Injection",excellent,
exploits,exploits/unix/misc/distcc_exec,"DistCC Daemon Command Execution",excellent,
exploits,exploits/unix/irc/unreal_ircd_3281_backdoor,"UnrealIRCD 3.2.8.1 Backdoor Command Execution",excellent,
exploits,exploits/freebsd/ftp/proftp_telnet_iac,"ProFTPD 1.3.2rc3 - 1.3.3b Telnet IAC Buffer Overflow (FreeBSD)",great,
exploits,exploits/freebsd/webapp/spamtitan_unauth_rce,"SpamTitan Unauthenticated RCE",normal,
exploits,exploits/freebsd/tacacs/xtacacsd_report,"XTACACSD report() Buffer Overflow",average,
exploits,exploits/freebsd/local/watchguard_fix_corrupt_mail,"Watchguard XCS FixCorruptMail Local Privilege Escalation",manual,
exploits,exploits/freebsd/local/intel_sysret_priv_esc,"FreeBSD Intel SYSRET Privilege Escalation",great,CVE-2012-0217
exploits,exploits/freebsd/local/ip6_setpktopt_uaf_priv_esc,"FreeBSD ip6_setpktopt Use-After-Free Privilege Escalation",great,CVE-2020-7457
exploits,exploits/freebsd/local/rtld_execl_priv_esc,"FreeBSD rtld execl() Privilege Escalation",excellent,
exploits,exploits/freebsd/local/mmap,"FreeBSD 9 Address Space Manipulation Privilege Escalation",great,CVE-2013-2171
exploits,exploits/freebsd/samba/trans2open,"Samba trans2open Overflow (*BSD x86)",great,
exploits,exploits/freebsd/telnet/telnet_encrypt_keyid,"FreeBSD Telnet Service Encryption Key ID Buffer Overflow",great,
exploits,exploits/freebsd/http/citrix_dir_traversal_rce,"Citrix ADC (NetScaler) Directory Traversal RCE",excellent,CVE-2019-19781
exploits,exploits/freebsd/http/watchguard_cmd_exec,"Watchguard XCS Remote Command Execution",excellent,
exploits,exploits/freebsd/http/junos_phprc_auto_prepend_file,"Junos OS PHPRC Environment Variable Manipulation RCE",excellent,CVE-2023-36844;CVE-2023-36845
exploits,exploits/freebsd/http/citrix_formssso_target_rce,"Citrix ADC (NetScaler) Forms SSO Target RCE",normal,CVE-2023-3519
exploits,exploits/freebsd/misc/rtsold_dnssl_cmdinject,"FreeBSD rtsold/rtsol DNSSL Command Injection",excellent,CVE-2025-14558
exploits,exploits/freebsd/misc/citrix_netscaler_soap_bof,"Citrix NetScaler SOAP Handler Remote Code Execution",normal,
exploits,exploits/firefox/local/exec_shellcode,"Firefox Exec Shellcode from Privileged Javascript Shell",excellent,
exploits,exploits/bsdi/softcart/mercantec_softcart,"Mercantec SoftCart CGI Overflow",great,
exploits,exploits/bsd/finger/morris_fingerd_bof,"Morris Worm fingerd Stack Buffer Overflow",normal,
exploits,exploits/linux/pop3/cyrus_pop3d_popsubfolders,"Cyrus IMAPD pop3d popsubfolders USER Buffer Overflow",normal,
exploits,exploits/linux/proxy/squid_ntlm_authenticate,"Squid NTLM Authenticate Overflow",great,
exploits,exploits/linux/redis/redis_replication_cmd_exec,"Redis Replication Code Execution",good,
exploits,exploits/linux/redis/redis_debian_sandbox_escape,"Redis Lua Sandbox Escape",excellent,CVE-2022-0543
exploits,exploits/linux/upnp/dlink_dir859_subscribe_exec,"D-Link DIR-859 Unauthenticated Remote Command Execution",excellent,
exploits,exploits/linux/upnp/miniupnpd_soap_bof,"MiniUPnPd 1.0 Stack Buffer Overflow Remote Code Execution",normal,
exploits,exploits/linux/upnp/dlink_upnp_msearch_exec,"D-Link Unauthenticated Remote Command Execution using UPnP via a special crafted M-SEARCH packet.",excellent,CVE-2019-20215;CVE-2023-33625
exploits,exploits/linux/upnp/belkin_wemo_upnp_exec,"Belkin Wemo UPnP Remote Code Execution",excellent,
exploits,exploits/linux/upnp/dlink_dir859_exec_ssdpcgi,"D-Link Devices Unauthenticated Remote Command Execution in ssdpcgi",excellent,
exploits,exploits/linux/smtp/barracuda_esg_tarfile_rce,"Barracuda ESG TAR Filename Command Injection",excellent,CVE-2023-2868
exploits,exploits/linux/smtp/exim_gethostbyname_bof,"Exim GHOST (glibc gethostbyname) Buffer Overflow",great,CVE-2015-0235
exploits,exploits/linux/smtp/exim4_dovecot_exec,"Exim and Dovecot Insecure Configuration Command Injection",excellent,
exploits,exploits/linux/smtp/barracuda_esg_spreadsheet_rce,"Barracuda ESG Spreadsheet::ParseExcel Arbitrary Code Execution",excellent,CVE-2023-7101;CVE-2023-7102
exploits,exploits/linux/smtp/apache_james_exec,"apache_james_exec",normal,
exploits,exploits/linux/postgres/postgres_payload,"PostgreSQL for Linux Payload Execution",excellent,
exploits,exploits/linux/games/ut2004_secure,"Unreal Tournament 2004 'secure' Overflow (Linux)",good,
exploits,exploits/linux/ftp/proftp_sreplace,"ProFTPD 1.2 - 1.3.0 sreplace Buffer Overflow (Linux)",great,
exploits,exploits/linux/ftp/proftp_telnet_iac,"ProFTPD 1.3.2rc3 - 1.3.3b Telnet IAC Buffer Overflow (Linux)",great,
exploits,exploits/linux/ssh/solarwinds_lem_exec,"SolarWinds LEM Default SSH Password Remote Code Execution",excellent,
exploits,exploits/linux/ssh/quantum_dxi_known_privkey,"Quantum DXi V1000 SSH Private Key Exposure",excellent,
exploits,exploits/linux/ssh/f5_bigip_known_privkey,"F5 BIG-IP SSH Private Key Exposure",excellent,
exploits,exploits/linux/ssh/quantum_vmpro_backdoor,"Quantum vmPRO Backdoor Command",excellent,
exploits,exploits/linux/ssh/ssh_erlangotp_rce,"Erlang OTP Pre-Auth RCE Scanner and Exploit",excellent,CVE-2025-32433
exploits,exploits/linux/ssh/vyos_restricted_shell_privesc,"VyOS restricted-shell Escape and Privilege Escalation",great,CVE-2018-18556
exploits,exploits/linux/ssh/microfocus_obr_shrboadmin,"Micro Focus Operations Bridge Reporter shrboadmin default password",excellent,
exploits,exploits/linux/ssh/symantec_smg_ssh,"Symantec Messaging Gateway 9.5 Default SSH Password Vulnerability",excellent,
exploits,exploits/linux/ssh/vmware_vrni_known_privkey,"VMWare Aria Operations for Networks (vRealize Network Insight) SSH Private Key Exposure",excellent,CVE-2023-34039
exploits,exploits/linux/ssh/ceragon_fibeair_known_privkey,"Ceragon FibeAir IP-10 SSH Private Key Exposure",excellent,
exploits,exploits/linux/ssh/ibm_drm_a3user,"IBM Data Risk Manager a3user Default Password",excellent,CVE-2020-4427;CVE-2020-4428;CVE-2020-4429;CVE-2020-4430
exploits,exploits/linux/ssh/loadbalancerorg_enterprise_known_privkey,"Loadbalancer.org Enterprise VA SSH Private Key Exposure",excellent,
exploits,exploits/linux/ssh/cisco_ucs_scpuser,"Cisco UCS Director default scpuser password",excellent,
exploits,exploits/linux/ssh/mercurial_ssh_exec,"Mercurial Custom hg-ssh Wrapper Remote Code Exec",excellent,
exploits,exploits/linux/ssh/vmware_vdp_known_privkey,"VMware VDP Known SSH Key",excellent,
exploits,exploits/linux/ssh/exagrid_known_privkey,"ExaGrid Known SSH Key and Default Password",excellent,
exploits,exploits/linux/fileformat/unrar_cve_2022_30333,"UnRAR Path Traversal (CVE-2022-30333)",excellent,CVE-2022-30333
exploits,exploits/linux/antivirus/escan_password_exec,"eScan Web Management Console Command Injection",excellent,
exploits,exploits/linux/imap/imap_uw_lsub,"UoW IMAP Server LSUB Buffer Overflow",good,
exploits,exploits/linux/ids/snortbopre,"Snort Back Orifice Pre-Preprocessor Buffer Overflow",good,
exploits,exploits/linux/ids/alienvault_centerd_soap_exec,"AlienVault OSSIM av-centerd Command Injection",excellent,
exploits,exploits/linux/browser/adobe_flashplayer_aslaunch,"Adobe Flash Player ActionScript Launch Command Execution Vulnerability",good,CVE-2008-5499
exploits,exploits/linux/mysql/mysql_yassl_getname,"MySQL yaSSL CertDecoder::GetName Buffer Overflow",good,
exploits,exploits/linux/mysql/mysql_yassl_hello,"MySQL yaSSL SSL Hello Message Buffer Overflow",good,
exploits,exploits/linux/snmp/net_snmpd_rw_access,"Net-SNMPd Write Access SNMP-EXTEND-MIB arbitrary code execution",normal,
exploits,exploits/linux/snmp/awind_snmp_exec,"AwindInc SNMP Service Command Injection",excellent,
exploits,exploits/linux/pptp/poptop_negative_read,"Poptop Negative Read Overflow",great,
exploits,exploits/linux/local/sophos_wpa_clear_keys,"Sophos Web Protection Appliance clear_keys.pl Local Privilege Escalation",excellent,
exploits,exploits/linux/local/ubuntu_enlightenment_mount_priv_esc,"Ubuntu Enlightenment Mount Priv Esc",great,CVE-2022-37706
exploits,exploits/linux/local/netfilter_nft_set_elem_init_privesc,"Netfilter nft_set_elem_init Heap Overflow Privilege Escalation",average,CVE-2022-34918
exploits,exploits/linux/local/abrt_sosreport_priv_esc,"ABRT sosreport Privilege Escalation",excellent,CVE-2015-5287
exploits,exploits/linux/local/ptrace_sudo_token_priv_esc,"ptrace Sudo Token Privilege Escalation",excellent,
exploits,exploits/linux/local/sudo_baron_samedit,"Sudo Heap-Based Buffer Overflow",excellent,CVE-2021-3156
exploits,exploits/linux/local/zimbra_slapper_priv_esc,"Zimbra zmslapd arbitrary module load",excellent,CVE-2022-37393
exploits,exploits/linux/local/kloxo_lxsuexec,"Kloxo Local Privilege Escalation",excellent,
exploits,exploits/linux/local/cve_2021_38648_omigod,"Microsoft OMI Management Interface Authentication Bypass",excellent,CVE-2021-38647;CVE-2021-38648
exploits,exploits/linux/local/vcenter_sudo_lpe,"vCenter Sudo Privilege Escalation",great,CVE-2024-37081
exploits,exploits/linux/local/vmware_workspace_one_access_cve_2022_22960,"VMware Workspace ONE Access CVE-2022-22960",good,CVE-2022-22960
exploits,exploits/linux/local/f5_create_user,"F5 Big-IP Create Admin User",,CVE-2022-41622;CVE-2022-41800
exploits,exploits/linux/local/ubuntu_needrestart_lpe,"Ubuntu needrestart Privilege Escalation",great,CVE-2024-48990
exploits,exploits/linux/local/tomcat_rhel_based_temp_priv_esc,"Apache Tomcat on RedHat Based Systems Insecure Temp Config Privilege Escalation",manual,CVE-2016-5425
exploits,exploits/linux/local/overlayfs_priv_esc,"Overlayfs Privilege Escalation",good,CVE-2015-1328;CVE-2015-8660
exploits,exploits/linux/local/cve_2021_3490_ebpf_alu32_bounds_check_lpe,"Linux eBPF ALU32 32-bit Invalid Bounds Tracking LPE",great,CVE-2020-8835;CVE-2021-3490
exploits,exploits/linux/local/hp_xglance_priv_esc,"HP Performance Monitoring xglance Priv Esc",great,CVE-2014-2630
exploits,exploits/linux/local/progress_flowmon_sudo_privesc_2024,"Progress Flowmon Local sudo privilege escalation",excellent,CVE-2024-2389
exploits,exploits/linux/local/docker_runc_escape,"Docker Container Escape Via runC Overwrite",manual,CVE-2018-5736;CVE-2019-5736
exploits,exploits/linux/local/udev_netlink,"Linux udev Netlink Local Privilege Escalation",great,
exploits,exploits/linux/local/cve_2022_0995_watch_queue,"Watch Queue Out of Bounds Write",great,CVE-2022-0995
exploits,exploits/linux/local/zimbra_postfix_priv_esc,"Zimbra sudo + postfix privilege escalation",excellent,
exploits,exploits/linux/local/abrt_raceabrt_priv_esc,"ABRT raceabrt Privilege Escalation",excellent,CVE-2015-1862;CVE-2015-3315
exploits,exploits/linux/local/zpanel_zsudo,"ZPanel zsudo Local Privilege Escalation Exploit",excellent,
exploits,exploits/linux/local/docker_cgroup_escape,"Docker cgroups Container Escape",excellent,CVE-2022-0492
exploits,exploits/linux/local/ktsuss_suid_priv_esc,"ktsuss suid Privilege Escalation",excellent,CVE-2011-2921
exploits,exploits/linux/local/cve_2021_3493_overlayfs,"2021 Ubuntu Overlayfs LPE",great,CVE-2021-3493
exploits,exploits/linux/local/glibc_origin_expansion_priv_esc,"glibc_origin_expansion_priv_esc",excellent,CVE-2010-3847
exploits,exploits/linux/local/reptile_rootkit_reptile_cmd_priv_esc,"Reptile Rootkit reptile_cmd Privilege Escalation",excellent,
exploits,exploits/linux/local/vmware_alsa_config,"VMware Workstation ALSA Config File Local Privilege Escalation",excellent,
exploits,exploits/linux/local/igel_network_priv_esc,"IGEL OS Privilege Escalation (via systemd service)",,
exploits,exploits/linux/local/af_packet_chocobo_root_priv_esc,"AF_PACKET chocobo_root Privilege Escalation",good,CVE-2016-8655
exploits,exploits/linux/local/docker_privileged_container_escape,"Docker Privileged Container Escape",normal,
exploits,exploits/linux/local/recvmmsg_priv_esc,"Linux Kernel recvmmsg Privilege Escalation",good,CVE-2014-0038
exploits,exploits/linux/local/docker_daemon_privilege_escalation,"Docker Daemon Privilege Escalation",excellent,
exploits,exploits/linux/local/vmwgfx_fd_priv_esc,"vmwgfx Driver File Descriptor Handling Priv Esc",good,CVE-2022-22942
exploits,exploits/linux/local/lastore_daemon_dbus_priv_esc,"lastore-daemon D-Bus Privilege Escalation",excellent,
exploits,exploits/linux/local/cve_2026_43500_dirty_frag,"rxkad Page-Cache Write via CVE-2026-43500",good,CVE-2026-43500
exploits,exploits/linux/local/ueb_bpserverd_privesc,"Unitrends Enterprise Backup bpserverd Privilege Escalation",excellent,
exploits,exploits/linux/local/omniresolve_suid_priv_esc,"Micro Focus (HPE) Data Protector SUID Privilege Escalation",excellent,
exploits,exploits/linux/local/gameoverlay_privesc,"GameOver(lay) Privilege Escalation and Container Escape",,CVE-2021-3493;CVE-2023-2640;CVE-2023-32629
exploits,exploits/linux/local/network_manager_vpnc_username_priv_esc,"Network Manager VPNC Username Privilege Escalation",excellent,CVE-2018-10900
exploits,exploits/linux/local/asan_suid_executable_priv_esc,"AddressSanitizer (ASan) SUID Executable Privilege Escalation",excellent,
exploits,exploits/linux/local/sudoedit_bypass_priv_esc,"Sudoedit Extra Arguments Priv Esc",excellent,CVE-2023-22809
exploits,exploits/linux/local/glibc_realpath_priv_esc,"glibc_realpath_priv_esc",normal,CVE-2018-1000001
exploits,exploits/linux/local/rds_rds_page_copy_user_priv_esc,"Reliable Datagram Sockets (RDS) rds_page_copy_user Privilege Escalation",great,CVE-2010-3904
exploits,exploits/linux/local/hp_smhstart,"HP System Management Homepage Local Privilege Escalation",normal,
exploits,exploits/linux/local/exim4_deliver_message_priv_esc,"Exim 4.87 - 4.91 Local Privilege Escalation",excellent,CVE-2019-10149
exploits,exploits/linux/local/rds_atomic_free_op_null_pointer_deref_priv_esc,"Reliable Datagram Sockets (RDS) rds_atomic_free_op NULL pointer dereference Privilege Escalation",good,CVE-2018-5333;CVE-2019-9213
exploits,exploits/linux/local/sock_sendpage,"Linux Kernel Sendpage Local Privilege Escalation",great,
exploits,exploits/linux/local/ufo_privilege_escalation,"Linux Kernel UDP Fragmentation Offset (UFO) Privilege Escalation",good,CVE-2017-1000112
exploits,exploits/linux/local/juju_run_agent_priv_esc,"Juju-run Agent Privilege Escalation",excellent,
exploits,exploits/linux/local/af_packet_packet_set_ring_priv_esc,"AF_PACKET packet_set_ring Privilege Escalation",good,CVE-2017-7308
exploits,exploits/linux/local/nested_namespace_idmap_limit_priv_esc,"Linux Nested User Namespace idmap Limit Local Privilege Escalation",great,CVE-2018-18955
exploits,exploits/linux/local/ptrace_traceme_pkexec_helper,"Linux Polkit pkexec helper PTRACE_TRACEME local root exploit",excellent,CVE-2019-13272
exploits,exploits/linux/local/cve_2021_4034_pwnkit_lpe_pkexec,"Local Privilege Escalation in polkits pkexec",excellent,CVE-2021-4034
exploits,exploits/linux/local/pihole_remove_commands_lpe,"Pi-Hole Remove Commands Linux Priv Esc",great,
exploits,exploits/linux/local/desktop_privilege_escalation,"Desktop Linux Password Stealer and Privilege Escalation",excellent,
exploits,exploits/linux/local/cve_2026_31431_copy_fail,"Copy Fail AF_ALG + authencesn Page-Cache Write",excellent,CVE-2026-31431
exploits,exploits/linux/local/vmware_workspace_one_access_certproxy_lpe,"VMware Workspace ONE Access CVE-2022-31660",great,CVE-2022-31660
exploits,exploits/linux/local/runc_cwd_priv_esc,"runc (docker) File Descriptor Leak Privilege Escalation",excellent,CVE-2024-21626
exploits,exploits/linux/local/rootkit_privesc_signal_hunter,"Rootkit Privilege Escalation Signal Hunter",great,
exploits,exploits/linux/local/zyxel_suid_cp_lpe,"Zyxel Firewall SUID Binary Privilege Escalation",excellent,CVE-2022-30525;CVE-2022-30526
exploits,exploits/linux/local/ansible_node_deployer,"Ansible Agent Payload Deployer",good,
exploits,exploits/linux/local/cpi_runrshell_priv_esc,"Cisco Prime Infrastructure Runrshell Privilege Escalation",excellent,
exploits,exploits/linux/local/apport_abrt_chroot_priv_esc,"Apport / ABRT chroot Privilege Escalation",excellent,CVE-2015-1318
exploits,exploits/linux/local/tomcat_ubuntu_log_init_priv_esc,"Apache Tomcat on Ubuntu Log Init Privilege Escalation",manual,CVE-2016-1240
exploits,exploits/linux/local/blueman_set_dhcp_handler_dbus_priv_esc,"blueman set_dhcp_handler D-Bus Privilege Escalation",excellent,
exploits,exploits/linux/local/netfilter_priv_esc_ipv4,"Linux Kernel 4.6.3 Netfilter Privilege Escalation",good,CVE-2016-4997
exploits,exploits/linux/local/pkexec,"Linux PolicyKit Race Condition Privilege Escalation",great,CVE-2011-1485
exploits,exploits/linux/local/ndsudo_cve_2024_32019,"Netdata ndsudo privilege escalation",normal,
exploits,exploits/linux/local/progress_kemp_loadmaster_sudo_privesc_2024,"Kemp LoadMaster Local sudo privilege escalation",excellent,
exploits,exploits/linux/local/polkit_dbus_auth_bypass,"Polkit D-Bus Authentication Bypass",excellent,
exploits,exploits/linux/local/cve_2026_43284_dirty_frag,"xfrm-ESP Page-Cache Write via CVE-2026-43284",good,CVE-2026-43284
exploits,exploits/linux/local/saltstack_salt_minion_deployer,"Saltstack Minion Payload Deployer",good,
exploits,exploits/linux/local/netfilter_xtables_heap_oob_write_priv_esc,"Netfilter x_tables Heap OOB Write Privilege Escalation",great,CVE-2021-22555
exploits,exploits/linux/local/sudo_chroot_cve_2025_32463,"Sudo Chroot 1.9.17 Privilege Escalation",normal,CVE-2025-32462;CVE-2025-32463
exploits,exploits/linux/local/cve_2022_1043_io_uring_priv_esc,"io_uring Same Type Object Reuse Priv Esc",great,CVE-2022-1043
exploits,exploits/linux/local/bpf_sign_extension_priv_esc,"Linux BPF Sign Extension Local Privilege Escalation",great,CVE-2017-16995
exploits,exploits/linux/local/glibc_tunables_priv_esc,"Glibc Tunables Privilege Escalation CVE-2023-4911 (aka Looney Tunables)",excellent,CVE-2023-4911
exploits,exploits/linux/local/vcenter_java_wrapper_vmon_priv_esc,"VMware vCenter vScalation Priv Esc",manual,CVE-2021-22015
exploits,exploits/linux/local/libuser_roothelper_priv_esc,"Libuser roothelper Privilege Escalation",great,
exploits,exploits/linux/local/su_login,"Login to Another User with Su on Linux / Unix Systems",normal,
exploits,exploits/linux/local/vmware_mount,"VMWare Setuid vmware-mount Unsafe popen(3)",excellent,CVE-2013-1662
exploits,exploits/linux/local/systemtap_modprobe_options_priv_esc,"SystemTap MODPROBE_OPTIONS Privilege Escalation",excellent,CVE-2010-4170
exploits,exploits/linux/local/ntfs3g_priv_esc,"Debian/Ubuntu ntfs-3g Local Privilege Escalation",good,CVE-2017-0358
exploits,exploits/linux/local/servu_ftp_server_prepareinstallation_priv_esc,"Serv-U FTP Server prepareinstallation Privilege Escalation",excellent,CVE-2019-12181
exploits,exploits/linux/local/cve_2022_0847_dirtypipe,"Dirty Pipe Local Privilege Escalation via CVE-2022-0847",excellent,CVE-2022-0847
exploits,exploits/linux/local/glibc_ld_audit_dso_load_priv_esc,"glibc LD_AUDIT Arbitrary DSO Load Privilege Escalation",excellent,CVE-2010-3847;CVE-2010-3856
exploits,exploits/linux/local/docker_privileged_container_kernel_escape,"Docker Privileged Container Kernel Escape",normal,
exploits,exploits/linux/local/bpf_priv_esc,"Linux BPF doubleput UAF Privilege Escalation",good,CVE-2016-4557
exploits,exploits/linux/local/cve_2023_0386_overlayfs_priv_esc,"Local Privilege Escalation via CVE-2023-0386",excellent,CVE-2023-0386
exploits,exploits/linux/samba/chain_reply,"Samba chain_reply Memory Corruption (Linux x86)",good,
exploits,exploits/linux/samba/setinfopolicy_heap,"Samba SetInformationPolicy AuditEventsInfo Heap Overflow",normal,
exploits,exploits/linux/samba/is_known_pipename,"Samba is_known_pipename() Arbitrary Module Load",excellent,CVE-2017-7494
exploits,exploits/linux/samba/trans2open,"Samba trans2open Overflow (Linux x86)",great,
exploits,exploits/linux/samba/lsa_transnames_heap,"Samba lsa_io_trans_names Heap Overflow",good,
exploits,exploits/linux/telnet/gnu_inetutils_auth_bypass,"GNU Inetutils Telnet Authentication Bypass Exploit CVE-2026-24061",great,CVE-2026-24061
exploits,exploits/linux/telnet/telnet_encrypt_keyid,"Linux BSD-derived Telnet Service Encryption Key ID Buffer Overflow",great,
exploits,exploits/linux/telnet/netgear_telnetenable,"NETGEAR TelnetEnable",excellent,
exploits,exploits/linux/persistence/init_upstart,"Service Upstart Persistence",excellent,
exploits,exploits/linux/persistence/docker_image,"Docker Image Persistence",excellent,
exploits,exploits/linux/persistence/autostart,"Autostart Desktop Item Persistence",excellent,
exploits,exploits/linux/persistence/udev,"udev Persistence",great,
exploits,exploits/linux/persistence/init_sysvinit,"Service System V Persistence",excellent,
exploits,exploits/linux/persistence/bash_profile,"Bash Profile Persistence",excellent,
exploits,exploits/linux/persistence/emacs_extension,"Emacs Extension Persistence",excellent,
exploits,exploits/linux/persistence/yum_package_manager,"Yum Package Manager Persistence",excellent,
exploits,exploits/linux/persistence/apt_package_manager,"APT Package Manager Persistence",excellent,
exploits,exploits/linux/persistence/vim_plugin,"VIM Plugin Persistence",excellent,
exploits,exploits/linux/persistence/init_systemd_override,"Service SystemD override.conf Persistence",excellent,
exploits,exploits/linux/persistence/init_openrc,"Init OpenRC Persistence",excellent,
exploits,exploits/linux/persistence/igel_persistence,"IGEL OS Persistent Payload",,
exploits,exploits/linux/persistence/init_systemd,"Service SystemD Persistence",excellent,
exploits,exploits/linux/persistence/apache_htaccess,"Apache .htaccess Persistence",excellent,
exploits,exploits/linux/persistence/rc_local,"rc.local Persistence",excellent,
exploits,exploits/linux/persistence/motd,"update-motd.d Persistence",excellent,
exploits,exploits/linux/http/dlink_upnp_exec_noauth,"D-Link Devices UPnP SOAP Command Execution",normal,
exploits,exploits/linux/http/vestacp_exec,"Vesta Control Panel Authenticated Remote Code Execution",excellent,
exploits,exploits/linux/http/pandora_itsm_auth_rce_cve_2025_4653,"Pandora ITSM authenticated command injection leading to RCE via the backup function",excellent,CVE-2025-4653
exploits,exploits/linux/http/froxlor_log_path_rce,"Froxlor Log Path RCE",excellent,
exploits,exploits/linux/http/dlink_dir300_exec_telnet,"D-Link Devices Unauthenticated Remote Command Execution",excellent,
exploits,exploits/linux/http/dlink_hnap_login_bof,"Dlink DIR Routers Unauthenticated HNAP Login Stack Buffer Overflow",excellent,
exploits,exploits/linux/http/netis_unauth_rce_cve_2024_22729,"Netis router MW5360 unauthenticated RCE.",excellent,CVE-2024-22729
exploits,exploits/linux/http/geutebruck_testaction_exec,"Geutebruck testaction.cgi Remote Command Execution",excellent,
exploits,exploits/linux/http/netgear_dgn2200b_pppoe_exec,"Netgear DGN2200B pppoe.cgi Remote Command Execution",manual,
exploits,exploits/linux/http/pineapp_ldapsyncnow_exec,"PineApp Mail-SeCure ldapsyncnow.php Arbitrary Command Execution",excellent,
exploits,exploits/linux/http/apache_solr_backup_restore,"Apache Solr Backup/Restore APIs RCE",excellent,CVE-2023-50386
exploits,exploits/linux/http/eyesofnetwork_autodiscovery_rce,"EyesOfNetwork 5.1-5.3 AutoDiscovery Target Command Execution",excellent,CVE-2020-8656;CVE-2020-8657;CVE-2020-9465
exploits,exploits/linux/http/eramba_rce,"Eramba (up to 3.19.1) Authenticated Remote Code Execution Module",excellent,
exploits,exploits/linux/http/empire_skywalker,"PowerShellEmpire Arbitrary File Upload (Skywalker)",excellent,CVE-2024-6127
exploits,exploits/linux/http/invokeai_rce_cve_2024_12029,"InvokeAI RCE",excellent,
exploits,exploits/linux/http/astium_sqli_upload,"astium_sqli_upload",manual,
exploits,exploits/linux/http/peercast_url,"PeerCast URL Handling Buffer Overflow",average,
exploits,exploits/linux/http/dtale_rce_cve_2025_0655,"D-Tale RCE",excellent,CVE-2024-3408
exploits,exploits/linux/http/ipfire_proxy_exec,"IPFire proxy.cgi RCE",excellent,
exploits,exploits/linux/http/pineapple_preconfig_cmdinject,"Hak5 WiFi Pineapple Preconfiguration Command Injection",excellent,
exploits,exploits/linux/http/nexus_repo_manager_el_injection,"Nexus Repository Manager Java EL Injection RCE",excellent,CVE-2020-10199
exploits,exploits/linux/http/terramaster_unauth_rce_cve_2021_45837,"TerraMaster TOS 4.2.15 or lower - RCE chain from unauthenticated to root via session crafting.",excellent,CVE-2021-45837;CVE-2021-45839;CVE-2021-45841;CVE-2021-458439
exploits,exploits/linux/http/github_enterprise_secret,"github_enterprise_secret",excellent,
exploits,exploits/linux/http/progress_flowmon_unauth_cmd_injection,"Flowmon Unauthenticated Command Injection",excellent,CVE-2024-2389
exploits,exploits/linux/http/cisco_ucs_cloupia_script_rce,"Cisco UCS Director Cloupia Script RCE",excellent,
exploits,exploits/linux/http/trendmicro_websecurity_exec,"Trend Micro Web Security (Virtual Appliance) Remote Code Execution",excellent,
exploits,exploits/linux/http/lifesize_uvc_ping_rce,"lifesize_uvc_ping_rce",excellent,
exploits,exploits/linux/http/ipfire_pakfire_exec,"IPFire 2.25 Core Update 156 and Prior pakfire.cgi Authenticated RCE",excellent,
exploits,exploits/linux/http/linksys_themoon_exec,"Linksys E-Series TheMoon Remote Command Injection",excellent,
exploits,exploits/linux/http/invoiceshelf_unauth_rce_cve_2024_55556,"InvoiceShelf unauthenticated PHP Deserialization Vulnerability",excellent,CVE-2024-55556
exploits,exploits/linux/http/dalfox_server_rce_cve_2026_45087,"Dalfox Found-Action Deserialization RCE",excellent,
exploits,exploits/linux/http/nagios_xi_magpie_debug,"Nagios XI Magpie_debug.php Root Remote Code Execution",excellent,CVE-2018-15708;CVE-2018-15710
exploits,exploits/linux/http/ivanti_connect_secure_stack_overflow_rce_cve_2025_22457,"Ivanti Connect Secure Unauthenticated Remote Code Execution via Stack-based Buffer Overflow",great,CVE-2025-0282;CVE-2025-22457
exploits,exploits/linux/http/artica_proxy_auth_bypass_service_cmds_peform_command_injection,"Artica proxy 4.30.000000 Auth Bypass service-cmds-peform Command Injection",excellent,CVE-2020-17505;CVE-2020-17506
exploits,exploits/linux/http/crypttech_cryptolog_login_exec,"crypttech_cryptolog_login_exec",excellent,
exploits,exploits/linux/http/zenoss_showdaemonxmlconfig_exec,"Zenoss 3 showDaemonXMLConfig Command Execution",good,
exploits,exploits/linux/http/rconfig_vendors_auth_file_upload_rce,"rConfig Vendors Auth File Upload RCE",excellent,
exploits,exploits/linux/http/gravcms_exec,"GravCMS Remote Command Execution",normal,
exploits,exploits/linux/http/hustoj_problem_import_rce,"HUSTOJ Admin users can zip-slip problem_import_qduoj.php, planting PHP files in webroot for RCE",great,CVE-2026-24479
exploits,exploits/linux/http/php_imap_open_rce,"php imap_open Remote Code Execution",good,
exploits,exploits/linux/http/dlink_command_php_exec_noauth,"D-Link Devices Unauthenticated Remote Command Execution",excellent,
exploits,exploits/linux/http/bentoml_runner_server_rce_cve_2025_32375,"BentoML's runner server RCE",excellent,
exploits,exploits/linux/http/mobileiron_core_log4shell,"MobileIron Core Unauthenticated JNDI Injection RCE (via Log4Shell)",excellent,CVE-2021-44228
exploits,exploits/linux/http/opendcim_install_sqli_rce,"openDCIM install.php SQL Injection to RCE",excellent,CVE-2026-28515
exploits,exploits/linux/http/grandstream_gxv31xx_settimezone_unauth_cmd_exec,"grandstream_gxv31xx_settimezone_unauth_cmd_exec",great,
exploits,exploits/linux/http/optergy_bms_backdoor_rce_cve_2019_7276,"Optergy Proton and Enterprise BMS Command Injection using a backdoor",excellent,CVE-2019-7276
exploits,exploits/linux/http/symantec_web_gateway_restore,"symantec_web_gateway_restore",excellent,
exploits,exploits/linux/http/spark_unauth_rce,"Apache Spark Unauthenticated Command Execution",excellent,
exploits,exploits/linux/http/apache_hugegraph_gremlin_rce,"Apache HugeGraph Gremlin RCE",excellent,CVE-2024-27348
exploits,exploits/linux/http/qnap_qcenter_change_passwd_exec,"qnap_qcenter_change_passwd_exec",excellent,
exploits,exploits/linux/http/klog_server_authenticate_user_unauth_command_injection,"Klog Server authenticate.php user Unauthenticated Command Injection",excellent,
exploits,exploits/linux/http/centreon_auth_rce_cve_2025_5946,"Centreon authenticated command injection leading to RCE via broker engine 'reload' parameter",excellent,CVE-2025-5946
exploits,exploits/linux/http/pandora_ping_cmd_exec,"Pandora FMS Ping Authenticated Remote Code Execution",excellent,
exploits,exploits/linux/http/kaltura_unserialize_rce,"Kaltura Remote PHP Code Execution",excellent,
exploits,exploits/linux/http/dcos_marathon,"DC/OS Marathon UI Docker Exploit",excellent,
exploits,exploits/linux/http/netalertx_rce_cve_2024_46506,"Unauthenticated RCE in NetAlertX",excellent,CVE-2024-46506
exploits,exploits/linux/http/dolibarr_cmd_exec,"dolibarr_cmd_exec",excellent,
exploits,exploits/linux/http/zimbra_mboximport_cve_2022_27925,"Zip Path Traversal in Zimbra (mboximport) (CVE-2022-27925)",excellent,CVE-2022-27925
exploits,exploits/linux/http/jenkins_cli_deserialization,"Jenkins CLI Deserialization",excellent,
exploits,exploits/linux/http/pandora_fms_events_exec,"Pandora FMS Events Remote Command Execution",excellent,CVE-2020-13851
exploits,exploits/linux/http/netgear_readynas_exec,"NETGEAR ReadyNAS Perl Code Evaluation",manual,
exploits,exploits/linux/http/aitemi_m300_time_rce,"Shenzhen Aitemi M300 Wi-Fi Repeater Unauthenticated RCE (time param)",good,
exploits,exploits/linux/http/netgear_r7000_cgibin_exec,"netgear_r7000_cgibin_exec",excellent,CVE-2016-582384
exploits,exploits/linux/http/vmware_vrli_rce,"VMware vRealize Log Insight Unauthenticated RCE",excellent,
exploits,exploits/linux/http/vmware_vcenter_vsan_health_rce,"VMware vCenter Server Virtual SAN Health Check Plugin RCE",excellent,CVE-2021-2021;CVE-2021-21985
exploits,exploits/linux/http/linksys_wrt54gl_apply_exec,"Linksys WRT54GL apply.cgi Command Execution",manual,
exploits,exploits/linux/http/alcatel_omnipcx_mastercgi_exec,"Alcatel-Lucent OmniPCX Enterprise masterCGI Arbitrary Command Execution",manual,
exploits,exploits/linux/http/webcalendar_settings_exec,"webcalendar_settings_exec",excellent,
exploits,exploits/linux/http/cisco_prime_inf_rce,"Cisco Prime Infrastructure Unauthenticated Remote Code Execution",excellent,
exploits,exploits/linux/http/bludit_upload_images_exec,"bludit_upload_images_exec",excellent,
exploits,exploits/linux/http/vmware_workspace_one_access_vmsa_2022_0011_chain,"VMware Workspace ONE Access VMSA-2022-0011 exploit chain",excellent,CVE-2022-22956;CVE-2022-22957;CVE-2022-22960
exploits,exploits/linux/http/apache_couchdb_cmd_exec,"Apache CouchDB Arbitrary Command Execution",excellent,CVE-2017-12635;CVE-2017-12636
exploits,exploits/linux/http/trendmicro_sps_exec,"trendmicro_sps_exec",excellent,
exploits,exploits/linux/http/vmware_workspace_one_access_cve_2022_22954,"VMware Workspace ONE Access CVE-2022-22954",excellent,CVE-2022-22954
exploits,exploits/linux/http/nagios_xi_plugins_check_plugin_authenticated_rce,"Nagios XI Prior to 5.6.6 getprofile.sh Authenticated Remote Command Execution",excellent,
exploits,exploits/linux/http/pandora_fms_exec,"pandora_fms_exec",excellent,
exploits,exploits/linux/http/pulse_secure_gzip_rce,"Pulse Secure VPN gzip RCE",excellent,CVE-2020-8260
exploits,exploits/linux/http/apache_nifi_h2_rce,"Apache NiFi H2 Connection String Remote Code Execution",excellent,
exploits,exploits/linux/http/raspberrymatic_unauth_rce_cve_2024_24578,"RaspberryMatic unauthenticated Remote Code Execution vulnerability through HMServer File Upload.",excellent,CVE-2024-24578
exploits,exploits/linux/http/kloxo_sqli,"Kloxo SQL Injection and Remote Code Execution",manual,
exploits,exploits/linux/http/qnap_qts_rce_cve_2023_47218,"QNAP QTS and QuTS Hero Unauthenticated Remote Code Execution in quick.cgi",excellent,CVE-2023-47218
exploits,exploits/linux/http/pineapp_livelog_exec,"PineApp Mail-SeCure livelog.html Arbitrary Command Execution",excellent,
exploits,exploits/linux/http/bitbucket_git_cmd_injection,"Bitbucket Git Command Injection",excellent,CVE-2022-36804
exploits,exploits/linux/http/control_web_panel_api_cmd_exec,"Control Web Panel /admin/index.php Unauthenticated RCE",excellent,CVE-2025-67888
exploits,exploits/linux/http/apache_ofbiz_deserialization_soap,"Apache OFBiz SOAP Java Deserialization",excellent,CVE-2021-26295
exploits,exploits/linux/http/synology_dsm_sliceupload_exec_noauth,"synology_dsm_sliceupload_exec_noauth",excellent,
exploits,exploits/linux/http/efw_chpasswd_exec,"Endian Firewall Proxy Password Change Command Injection",excellent,
exploits,exploits/linux/http/traccar_rce_upload,"Traccar v5 Remote Code Execution (CVE-2024-31214 and CVE-2024-24809)",excellent,CVE-2024-24809;CVE-2024-31214
exploits,exploits/linux/http/ddwrt_cgibin_exec,"DD-WRT HTTP Daemon Arbitrary Command Execution",excellent,
exploits,exploits/linux/http/apache_continuum_cmd_exec,"Apache Continuum Arbitrary Command Execution",excellent,
exploits,exploits/linux/http/ipfire_bashbug_exec,"IPFire Bash Environment Variable Injection (Shellshock)",excellent,CVE-2014-6271
exploits,exploits/linux/http/dlink_diagnostic_exec_noauth,"D-Link DIR-645 / DIR-815 diagnostic.php Command Execution",excellent,
exploits,exploits/linux/http/ictbroadcast_unauth_cookie,"ICTBroadcast Unauthenticated Remote Code Execution",excellent,
exploits,exploits/linux/http/netsweeper_webadmin_unixlogin,"Netsweeper WebAdmin unixlogin.php Python Code Injection",excellent,
exploits,exploits/linux/http/sophos_wpa_iface_exec,"Sophos Web Protection Appliance Interface Authenticated Arbitrary Command Execution",excellent,
exploits,exploits/linux/http/cisco_ucs_rce,"Cisco UCS Director Unauthenticated Remote Code Execution",excellent,CVE-2019-1936;CVE-2019-1937
exploits,exploits/linux/http/axis_srv_parhand_rce,"Axis Network Camera .srv-to-parhand RCE",excellent,
exploits,exploits/linux/http/tiki_calendar_exec,"Tiki-Wiki CMS Calendar Command Execution",excellent,
exploits,exploits/linux/http/cacti_unauthenticated_cmd_injection,"Cacti 1.2.22 unauthenticated command injection",excellent,CVE-2022-46169
exploits,exploits/linux/http/vap2500_tools_command_exec,"Arris VAP2500 tools_command.php Command Execution",normal,
exploits,exploits/linux/http/gpsd_format_string,"Berlios GPSD Format String Vulnerability",average,
exploits,exploits/linux/http/craftcms_unauth_rce_cve_2023_41892,"Craft CMS unauthenticated Remote Code Execution (RCE)",excellent,CVE-2023-41892
exploits,exploits/linux/http/cfme_manageiq_evm_upload_exec,"Red Hat CloudForms Management Engine 5.1 agent/linuxpkgs Path Traversal",excellent,
exploits,exploits/linux/http/atutor_filemanager_traversal,"ATutor 2.2.1 Directory Traversal / Remote Code Execution",excellent,
exploits,exploits/linux/http/f5_icontrol_exec,"f5_icontrol_exec",excellent,
exploits,exploits/linux/http/vinchin_backup_recovery_cmd_inject,"Vinchin Backup and Recovery Command Injection",excellent,
exploits,exploits/linux/http/majordomo_cmd_inject_cve_2023_50917,"MajorDoMo Command Injection",excellent,CVE-2023-50917
exploits,exploits/linux/http/bentoml_rce_cve_2025_27520,"BentoML RCE",excellent,
exploits,exploits/linux/http/ivanti_connect_secure_rce_cve_2023_46805,"Ivanti Connect Secure Unauthenticated Remote Code Execution",excellent,CVE-2023-46805;CVE-2024-21887
exploits,exploits/linux/http/tacticalrmm_ssti_rce_cve_2025_69516,"Tactical RMM Jinja2 SSTI Remote Code Execution",excellent,CVE-2025-69516
exploits,exploits/linux/http/hikvision_cve_2021_36260_blind,"Hikvision IP Camera Unauthenticated Command Injection",excellent,CVE-2021-36260
exploits,exploits/linux/http/wd_mycloud_multiupload_upload,"Western Digital MyCloud multi_uploadify File Upload Vulnerability",excellent,
exploits,exploits/linux/http/pivotx_index_php_overwrite,"PivotX Remote Code Execution",excellent,CVE-2025-52367
exploits,exploits/linux/http/terramaster_unauth_rce_cve_2022_24990,"TerraMaster TOS 4.2.29 or lower - Unauthenticated RCE chaining CVE-2022-24990 and CVE-2022-24989",excellent,CVE-2022-24989;CVE-2022-24990
exploits,exploits/linux/http/huawei_hg532n_cmdinject,"Huawei HG532n Command Injection",excellent,
exploits,exploits/linux/http/goautodial_3_rce_command_injection,"GoAutoDial 3.3 Authentication Bypass / Command Injection",excellent,
exploits,exploits/linux/http/tp_link_sc2020n_authenticated_telnet_injection,"TP-Link SC2020n Authenticated Telnet Injection",excellent,
exploits,exploits/linux/http/gitlist_exec,"Gitlist Unauthenticated Remote Command Execution",excellent,
exploits,exploits/linux/http/zimbra_cpio_cve_2022_41352,"TAR Path Traversal in Zimbra (CVE-2022-41352)",excellent,CVE-2015-1197;CVE-2022-41352
exploits,exploits/linux/http/trueonline_billion_5200w_rce,"TrueOnline / Billion 5200W-T Router Unauthenticated Command Injection",excellent,
exploits,exploits/linux/http/zyxel_ztp_rce,"Zyxel Firewall ZTP Unauthenticated Command Injection",excellent,CVE-2022-30525
exploits,exploits/linux/http/selenium_greed_rce,"Selenium Grid/Selenoid Unauthenticated RCE",excellent,
exploits,exploits/linux/http/docker_daemon_tcp,"Docker Daemon - Unprotected TCP Socket Exploit",excellent,
exploits,exploits/linux/http/pineapp_test_li_conn_exec,"PineApp Mail-SeCure test_li_connection.php Arbitrary Command Execution",excellent,
exploits,exploits/linux/http/apache_spark_rce_cve_2022_33891,"Apache Spark Unauthenticated Command Injection RCE",excellent,CVE-2022-33891
exploits,exploits/linux/http/netgear_dnslookup_cmd_exec,"netgear_dnslookup_cmd_exec",excellent,
exploits,exploits/linux/http/symantec_web_gateway_lfi,"symantec_web_gateway_lfi",excellent,
exploits,exploits/linux/http/linear_emerge_unauth_rce_cve_2019_7256,"Linear eMerge E3-Series Access Controller Command Injection",excellent,CVE-2019-7256
exploits,exploits/linux/http/fritzbox_echo_exec,"Fritz!Box Webcm Unauthenticated Command Injection",excellent,
exploits,exploits/linux/http/linksys_e1500_apply_exec,"Linksys E1500/E2500 apply.cgi Remote Command Injection",excellent,
exploits,exploits/linux/http/opentsdb_yrange_cmd_injection,"OpenTSDB 2.4.0 unauthenticated command injection",excellent,CVE-2020-35476
exploits,exploits/linux/http/apache_druid_js_rce,"Apache Druid 0.20.0 Remote Command Execution",excellent,CVE-2021-25646
exploits,exploits/linux/http/solarview_unauth_rce_cve_2023_23333,"SolarView Compact unauthenticated remote command execution vulnerability.",excellent,CVE-2023-23333
exploits,exploits/linux/http/linksys_wvbr0_user_agent_exec_noauth,"Linksys WVBR0-25 User-Agent Command Execution",excellent,
exploits,exploits/linux/http/wepresent_cmd_injection,"Barco WePresent file_transfer.cgi Command Injection",excellent,
exploits,exploits/linux/http/pineapple_bypass_cmdinject,"Hak5 WiFi Pineapple Preconfiguration Command Injection",excellent,
exploits,exploits/linux/http/cisco_rv340_lan,"Cisco RV Series Authentication Bypass and Command Injection",excellent,CVE-2022-20705;CVE-2022-20707
exploits,exploits/linux/http/dlink_dir605l_captcha_bof,"D-Link DIR-605L Captcha Handling Buffer Overflow",manual,
exploits,exploits/linux/http/moodle_rce,"Moodle Remote Code Execution (CVE-2024-43425)",excellent,CVE-2024-43425
exploits,exploits/linux/http/splunk_auth_rce_cve_2024_36985,"Authenticated RCE in Splunk (splunk_archiver app)",excellent,
exploits,exploits/linux/http/chamilo_bigupload_webshell,"Chamilo v1.11.24 Unrestricted File Upload PHP Webshell",excellent,CVE-2023-4220;CVE-2024-4220
exploits,exploits/linux/http/librenms_addhost_cmd_inject,"LibreNMS addhost Command Injection",excellent,CVE-2018-20434
exploits,exploits/linux/http/linksys_wrt160nv2_apply_exec,"Linksys WRT160nv2 apply.cgi Remote Command Injection",excellent,
exploits,exploits/linux/http/netis_unauth_rce_cve_2024_48456_and_48457,"Netis Router Exploit Chain Reactor (CVE-2024-48455, CVE-2024-48456 and CVE-2024-48457).",excellent,CVE-2024-48455;CVE-2024-48456;CVE-2024-48457
exploits,exploits/linux/http/nagios_xi_chained_rce_2_electric_boogaloo,"Nagios XI Chained Remote Code Execution",manual,
exploits,exploits/linux/http/panos_readsessionvars,"Palo Alto Networks readSessionVarsFromFile() Session Corruption",excellent,
exploits,exploits/linux/http/glinet_unauth_rce_cve_2023_50445,"GL.iNet Unauthenticated Remote Command Execution via the logread module.",excellent,CVE-2023-50445;CVE-2023-50919
exploits,exploits/linux/http/netgear_wnr2000_rce,"NETGEAR WNR2000v5 (Un)authenticated hidden_lang_avi Stack Buffer Overflow",excellent,
exploits,exploits/linux/http/wanem_exec,"WAN Emulator v2.3 Command Execution",excellent,
exploits,exploits/linux/http/cisco_hyperflex_file_upload_rce,"Cisco HyperFlex HX Data Platform unauthenticated file upload to RCE (CVE-2021-1499)",excellent,CVE-2021-1499
exploits,exploits/linux/http/cpi_tararchive_upload,"Cisco Prime Infrastructure Health Monitor TarArchive Directory Traversal Vulnerability",excellent,
exploits,exploits/linux/http/supervisor_xmlrpc_exec,"supervisor_xmlrpc_exec",excellent,CVE-2017-11610
exploits,exploits/linux/http/ibm_drm_rce,"IBM Data Risk Manager Unauthenticated Remote Code Execution",excellent,CVE-2020-4427;CVE-2020-4428;CVE-2020-4429;CVE-2020-4430
exploits,exploits/linux/http/goahead_ldpreload,"GoAhead Web Server LD_PRELOAD Arbitrary Module Load",excellent,CVE-2017-17562
exploits,exploits/linux/http/trendmicro_imsva_widget_exec,"trendmicro_imsva_widget_exec",excellent,
exploits,exploits/linux/http/mida_solutions_eframework_ajaxreq_rce,"Mida Solutions eFramework ajaxreq.php Command Injection",excellent,
exploits,exploits/linux/http/railo_cfml_rfi,"Railo Remote File Include",excellent,
exploits,exploits/linux/http/ivanti_connect_secure_rce_cve_2024_37404,"Ivanti Connect Secure Authenticated Remote Code Execution via OpenSSL CRLF Injection",excellent,CVE-2024-37404
exploits,exploits/linux/http/beyondtrust_pra_rs_unauth_rce,"BeyondTrust Privileged Remote Access (PRA) and Remote Support (RS) unauthenticated Remote Code Execution",excellent,CVE-2024-12356;CVE-2025-1094
exploits,exploits/linux/http/op5_config_exec,"op5 v7.1.9 Configuration Command Execution",excellent,
exploits,exploits/linux/http/nagios_xi_plugins_filename_authenticated_rce,"Nagios XI Prior to 5.8.0 - Plugins Filename Authenticated Remote Code Exection",excellent,CVE-2020-35578
exploits,exploits/linux/http/h2_webinterface_rce,"H2 Web Interface Create Alias RCE",excellent,
exploits,exploits/linux/http/esva_exec,"esva_exec",excellent,
exploits,exploits/linux/http/kaltura_unserialize_cookie_rce,"Kaltura Remote PHP Code Execution over Cookie",excellent,
exploits,exploits/linux/http/realtek_miniigd_upnp_exec_noauth,"Realtek SDK Miniigd UPnP SOAP Command Execution",normal,
exploits,exploits/linux/http/f5_bigip_tmui_rce_cve_2020_5902,"F5 BIG-IP TMUI Directory Traversal and File Upload RCE",average,
exploits,exploits/linux/http/skyvern_ssti_cve_2025_49619,"Skyvern SSTI Remote Code Execution",excellent,CVE-2025-49619
exploits,exploits/linux/http/judge0_sandbox_escape_cve_2024_28189,"Judge0 sandbox escape",excellent,
exploits,exploits/linux/http/motioneye_auth_rce_cve_2025_60787,"Remote Code Execution Vulnerability in MotionEye Frontend (CVE-2025-60787)",excellent,CVE-2025-60787
exploits,exploits/linux/http/craftcms_ftp_template,"Craft CMS Twig Template Injection RCE via FTP Templates Path",excellent,CVE-2024-56145
exploits,exploits/linux/http/microfocus_obr_cmd_injection,"Micro Focus Operations Bridge Reporter Unauthenticated Command Injection",excellent,
exploits,exploits/linux/http/dnalims_admin_exec,"dnaLIMS Admin Module Command Execution",excellent,
exploits,exploits/linux/http/spring_cloud_gateway_rce,"Spring Cloud Gateway Remote Code Execution",excellent,CVE-2022-22947
exploits,exploits/linux/http/raidsonic_nas_ib5220_exec_noauth,"Raidsonic NAS Devices Unauthenticated Remote Command Execution",manual,
exploits,exploits/linux/http/pandora_fms_auth_netflow_rce,"PandoraFMS Netflow Authenticated Remote Code Execution",excellent,
exploits,exploits/linux/http/cisco_rv32x_rce,"cisco_rv32x_rce",normal,CVE-2019-1652;CVE-2019-1653
exploits,exploits/linux/http/multi_ncc_ping_exec,"D-Link/TRENDnet NCC Service Command Injection",normal,
exploits,exploits/linux/http/fortinet_fortiweb_rce,"Fortinet FortiWeb unauthenticated RCE",excellent,CVE-2025-58034;CVE-2025-64446
exploits,exploits/linux/http/grandstream_ucm62xx_sendemail_rce,"Grandstream UCM62xx IP PBX sendPasswordEmail RCE",excellent,CVE-2019-10662;CVE-2020-5722
exploits,exploits/linux/http/f5_bigip_tmui_rce_cve_2023_46747,"F5 BIG-IP TMUI AJP Smuggling RCE",excellent,CVE-2023-46747
exploits,exploits/linux/http/cisco_firepower_useradd,"cisco_firepower_useradd",excellent,
exploits,exploits/linux/http/symmetricom_syncserver_rce,"Symmetricom SyncServer Unauthenticated Remote Command Execution",excellent,CVE-2022-40022
exploits,exploits/linux/http/piranha_passwd_exec,"RedHat Piranha Virtual Server Package passwd.php3 Arbitrary Command Execution",excellent,
exploits,exploits/linux/http/sonicwall_cve_2021_20039,"SonicWall SMA 100 Series Authenticated Command Injection",excellent,CVE-2021-20038;CVE-2021-20039
exploits,exploits/linux/http/rconfig_ajaxarchivefiles_rce,"Rconfig 3.x Chained Remote Code Execution",good,CVE-2019-19585
exploits,exploits/linux/http/webmin_backdoor,"Webmin password_change.cgi Backdoor",excellent,
exploits,exploits/linux/http/tp_link_ncxxx_bonjour_command_injection,"TP-Link Cloud Cameras NCXXX Bonjour Command Injection",excellent,CVE-2020-12109;CVE-2020-12110
exploits,exploits/linux/http/ipfire_oinkcode_exec,"IPFire proxy.cgi RCE",excellent,
exploits,exploits/linux/http/cisco_hyperflex_hx_data_platform_cmd_exec,"Cisco HyperFlex HX Data Platform Command Execution",excellent,
exploits,exploits/linux/http/asuswrt_lan_rce,"AsusWRT LAN Unauthenticated Remote Code Execution",excellent,
exploits,exploits/linux/http/acronis_cyber_infra_cve_2023_45249,"Acronis Cyber Infrastructure default password remote code execution",excellent,CVE-2023-45249
exploits,exploits/linux/http/panos_management_unauth_rce,"Palo Alto Networks PAN-OS Management Interface Unauthenticated Remote Code Execution",excellent,CVE-2024-0012;CVE-2024-9474
exploits,exploits/linux/http/pandora_fms_auth_rce_cve_2024_12971,"Pandora FMS authenticated command injection leading to RCE via chromium_path or phantomjs_bin",excellent,CVE-2024-12971
exploits,exploits/linux/http/saltstack_salt_api_cmd_exec,"SaltStack Salt REST API Arbitrary Command Execution",excellent,CVE-2020-16846
exploits,exploits/linux/http/netgear_unauth_exec,"Netgear Devices Unauthenticated Remote Command Execution",excellent,CVE-2016-1555
exploits,exploits/linux/http/prison_management_rce,"Prison Management System 1.0 Authenticated RCE via Unrestricted File Upload",excellent,
exploits,exploits/linux/http/librenms_authenticated_rce_cve_2024_51092,"LibreNMS Authenticated RCE (CVE-2024-51092)",excellent,CVE-2024-51092
exploits,exploits/linux/http/linksys_wrt110_cmd_exec,"Linksys Devices pingstr Remote Command Injection",excellent,
exploits,exploits/linux/http/dlink_dspw110_cookie_noauth_exec,"D-Link Cookie Command Execution",normal,
exploits,exploits/linux/http/webmin_packageup_rce,"Webmin Package Updates Remote Command Execution",excellent,
exploits,exploits/linux/http/accellion_fta_getstatus_oauth,"Accellion FTA getStatus verify_oauth_token Command Execution",excellent,
exploits,exploits/linux/http/vmware_vrops_mgr_ssrf_rce,"VMware vRealize Operations (vROps) Manager SSRF RCE",excellent,CVE-2021-21975;CVE-2021-21983
exploits,exploits/linux/http/centreon_pollers_auth_rce,"Centreon Poller Authenticated Remote Command Execution",excellent,
exploits,exploits/linux/http/belkin_login_bof,"Belkin Play N750 login.cgi Buffer Overflow",normal,CVE-2014-1635
exploits,exploits/linux/http/symantec_web_gateway_file_upload,"symantec_web_gateway_file_upload",excellent,
exploits,exploits/linux/http/geutebruck_instantrec_bof,"Geutebruck instantrec Remote Command Execution",excellent,
exploits,exploits/linux/http/fortinet_authentication_bypass_cve_2022_40684,"Fortinet FortiOS, FortiProxy, and FortiSwitchManager authentication bypass.",excellent,CVE-2022-40684
exploits,exploits/linux/http/pyload_js2py_cve_2024_39205,"Pyload RCE (CVE-2024-39205) with js2py sandbox escape (CVE-2024-28397)",excellent,CVE-2024-28397;CVE-2024-39205
exploits,exploits/linux/http/microfocus_secure_messaging_gateway,"microfocus_secure_messaging_gateway",excellent,
exploits,exploits/linux/http/ollama_rce_cve_2024_37032,"Ollama Model Registry Path Traversal RCE",excellent,CVE-2024-37032
exploits,exploits/linux/http/wazuh_auth_rce_cve_2025_24016,"Wazuh server remote code execution caused by an unsafe deserialization vulnerability.",excellent,CVE-2025-24016
exploits,exploits/linux/http/nagios_xi_chained_rce,"Nagios XI Chained Remote Code Execution",excellent,
exploits,exploits/linux/http/opennms_horizon_authenticated_rce,"OpenNMS Horizon Authenticated RCE",excellent,CVE-2023-0872;CVE-2023-40315
exploits,exploits/linux/http/riverbed_netprofiler_netexpress_exec,"riverbed_netprofiler_netexpress_exec",excellent,
exploits,exploits/linux/http/ivanti_epmm_rce,"Ivanti Endpoint Manager Mobile (EPMM) unauthenticated RCE",excellent,CVE-2026-1281;CVE-2026-1340
exploits,exploits/linux/http/apache_superset_cookie_sig_rce,"Apache Superset Signed Cookie RCE",good,CVE-2023-27524;CVE-2023-39265
exploits,exploits/linux/http/ray_agent_job_rce,"Ray Agent Job RCE",excellent,
exploits,exploits/linux/http/dlink_hnap_bof,"D-Link HNAP Request Remote Buffer Overflow",normal,
exploits,exploits/linux/http/ubiquiti_airos_file_upload,"Ubiquiti airOS Arbitrary File Upload",excellent,
exploits,exploits/linux/http/opentsdb_key_cmd_injection,"OpenTSDB 2.4.1 unauthenticated command injection",excellent,CVE-2023-25826;CVE-2023-36812
exploits,exploits/linux/http/netgear_dgn1000b_setup_exec,"Netgear DGN1000B setup.cgi Remote Command Execution",excellent,
exploits,exploits/linux/http/webid_converter,"WeBid converter.php Remote PHP Code Injection",excellent,
exploits,exploits/linux/http/f5_icontrol_soap_csrf_rce_cve_2022_41622,"F5 BIG-IP iControl CSRF File Write SOAP API",excellent,CVE-2022-41622;CVE-2022-41800
exploits,exploits/linux/http/roxy_wi_exec,"Roxy-WI Prior to 6.1.1.0 Unauthenticated Command Injection RCE",excellent,CVE-2022-3113
exploits,exploits/linux/http/hpe_oneview_rce,"HPE OneView unauthenticated RCE",excellent,CVE-2025-37164
exploits,exploits/linux/http/mvpower_dvr_shell_exec,"MVPower DVR Shell Unauthenticated Command Execution",excellent,
exploits,exploits/linux/http/rancher_server,"Rancher Server - Docker Exploit",excellent,
exploits,exploits/linux/http/projectsend_unauth_rce,"ProjectSend r1295 - r1605 Unauthenticated Remote Code Execution",excellent,
exploits,exploits/linux/http/dlink_dcs931l_upload,"D-Link DCS-931L File Upload",great,
exploits,exploits/linux/http/apache_ofbiz_deserialization,"Apache OFBiz XML-RPC Java Deserialization",excellent,CVE-2023-49070;CVE-2023-51467
exploits,exploits/linux/http/cisco_asax_sfr_rce,"Cisco ASA-X with FirePOWER Services Authenticated Command Injection",excellent,CVE-2022-20828
exploits,exploits/linux/http/ivanti_connect_secure_rce_cve_2024_21893,"Ivanti Connect Secure Unauthenticated Remote Code Execution",excellent,CVE-2023-36661;CVE-2023-46805;CVE-2024-21887;CVE-2024-21888;CVE-2024-21893
exploits,exploits/linux/http/hadoop_unauth_exec,"Hadoop YARN ResourceManager Unauthenticated Command Execution",excellent,
exploits,exploits/linux/http/wipg1000_cmd_injection,"WePresent WiPG-1000 Command Injection",excellent,
exploits,exploits/linux/http/denyall_waf_exec,"denyall_waf_exec",excellent,
exploits,exploits/linux/http/pandora_fms_auth_rce_cve_2024_11320,"Pandora FMS authenticated command injection leading to RCE via LDAP using default DB password",excellent,CVE-2024-11320
exploits,exploits/linux/http/librenms_collectd_cmd_inject,"LibreNMS Collectd Command Injection",excellent,
exploits,exploits/linux/http/imperva_securesphere_exec,"Imperva SecureSphere PWS Command Injection",excellent,
exploits,exploits/linux/http/metabase_setup_token_rce,"Metabase Setup Token RCE",excellent,
exploits,exploits/linux/http/chamilo_unauth_rce_cve_2023_34960,"Chamilo unauthenticated command injection in PowerPoint upload",excellent,CVE-2023-34960
exploits,exploits/linux/http/glpi_htmlawed_php_injection,"GLPI htmLawed php command injection",excellent,CVE-2022-35914
exploits,exploits/linux/http/artica_proxy_unauth_rce_cve_2024_2054,"Artica Proxy Unauthenticated PHP Deserialization Vulnerability",excellent,CVE-2024-2054
exploits,exploits/linux/http/paperclipai_unauth_rce_cve_2026_41679,"Paperclip AI RCE using a chain of six API calls (CVE-2026-41679).",excellent,CVE-2026-41679
exploits,exploits/linux/http/avideo_encoder_getimage_cmd_injection,"AVideo Encoder getImage.php Unauthenticated Command Injection",excellent,CVE-2026-29058
exploits,exploits/linux/http/vmware_view_planner_4_6_uploadlog_rce,"VMware View Planner Unauthenticated Log File Upload RCE",excellent,
exploits,exploits/linux/http/dlink_dcs_930l_authenticated_remote_command_execution,"D-Link DCS-930L Authenticated Remote Command Execution",excellent,
exploits,exploits/linux/http/pretalx_rce_cve_2023_28458,"Pretalx Limited File Write to Remote Code Execution",excellent,CVE-2023-28458
exploits,exploits/linux/http/vmware_vcenter_analytics_file_upload,"VMware vCenter Server Analytics (CEIP) Service File Upload",excellent,CVE-2021-22005
exploits,exploits/linux/http/tr064_ntpserver_cmdinject,"Zyxel/Eir D1000 DSL Modem NewNTPServer Command Injection Over TR-064",normal,
exploits,exploits/linux/http/mailcleaner_exec,"Mailcleaner Remote Code Execution",excellent,
exploits,exploits/linux/http/cisco_rv_series_authbypass_and_rce,"Cisco Small Business RV Series Authentication Bypass and Command Injection",excellent,CVE-2021-1472;CVE-2021-1473
exploits,exploits/linux/http/apache_airflow_dag_rce,"Apache Airflow 1.10.10 - Example DAG Remote Code Execution",excellent,CVE-2020-11978;CVE-2020-13927
exploits,exploits/linux/http/chaos_rat_xss_to_rce,"Chaos RAT XSS to RCE",excellent,CVE-2024-30850
exploits,exploits/linux/http/webmin_file_manager_rce,"Webmin File Manager RCE",excellent,CVE-2022-0824
exploits,exploits/linux/http/progress_kemp_loadmaster_unauth_cmd_injection,"Kemp LoadMaster Unauthenticated Command Injection",excellent,
exploits,exploits/linux/http/wd_mycloud_unauthenticated_cmd_injection,"Western Digital MyCloud unauthenticated command injection",excellent,CVE-2016-10108;CVE-2018-17153
exploits,exploits/linux/http/zyxel_lfi_unauth_ssh_rce,"Zyxel chained RCE using LFI and weak password derivation algorithm",excellent,CVE-2023-28770
exploits,exploits/linux/http/nuuo_nvrmini_unauth_rce,"NUUO NVRmini 2 / NETGEAR ReadyNAS Surveillance Unauthenticated Remote Code Execution",excellent,
exploits,exploits/linux/http/centreon_useralias_exec,"Centreon Web Useralias Command Execution",excellent,
exploits,exploits/linux/http/groundwork_monarch_cmd_exec,"groundwork_monarch_cmd_exec",excellent,
exploits,exploits/linux/http/linuxki_rce,"LinuxKI Toolset 6.01 Remote Command Execution",excellent,
exploits,exploits/linux/http/kafka_ui_unauth_rce_cve_2023_52251,"Kafka UI Unauthenticated Remote Command Execution via the Groovy Filter option.",excellent,CVE-2023-52251
exploits,exploits/linux/http/foreman_openstack_satellite_code_exec,"Foreman (Red Hat OpenStack/Satellite) bookmarks/create Code Injection",excellent,
exploits,exploits/linux/http/sophos_utm_webadmin_sid_cmd_injection,"Sophos UTM WebAdmin SID Command Injection",excellent,CVE-2020-25223
exploits,exploits/linux/http/vcms_upload,"V-CMS PHP File Upload and Execute",excellent,
exploits,exploits/linux/http/trueonline_p660hn_v2_rce,"TrueOnline / ZyXEL P660HN-T v2 Router Authenticated Command Injection",excellent,
exploits,exploits/linux/http/hp_system_management,"HP System Management Anonymous Access Code Execution",normal,
exploits,exploits/linux/http/linksys_apply_cgi,"Linksys WRT54 Access Point apply.cgi Buffer Overflow",great,
exploits,exploits/linux/http/nagios_xi_configwizards_authenticated_rce,"Nagios XI 5.5.6 to 5.7.5 - ConfigWizards Authenticated Remote Code Exection",excellent,CVE-2021-25296;CVE-2021-25297;CVE-2021-25298
exploits,exploits/linux/http/grandstream_gxp1600_unauth_rce,"GrandStream GXP1600 Unauthenticated Remote Code Execution",great,CVE-2026-2329
exploits,exploits/linux/http/nginx_chunked_size,"Nginx HTTP Server 1.3.9-1.4.0 Chunked Encoding Stack Buffer Overflow",great,
exploits,exploits/linux/http/zimbra_xxe_rce,"Zimbra Collaboration Autodiscover Servlet XXE and ProxyServlet SSRF",excellent,
exploits,exploits/linux/http/terramaster_unauth_rce_cve_2020_35665,"TerraMaster TOS 4.2.06 or lower - Unauthenticated Remote Code Execution",excellent,CVE-2020-35665
exploits,exploits/linux/http/netgear_dgn1000_setup_unauth_exec,"Netgear DGN1000 Setup.cgi Unauthenticated RCE",excellent,
exploits,exploits/linux/http/dlink_hedwig_cgi_bof,"D-Link hedwig.cgi Buffer Overflow in Cookie Header",normal,
exploits,exploits/linux/http/control_web_panel_login_cmd_exec,"CWP login.php Unauthenticated RCE",excellent,CVE-2022-44877
exploits,exploits/linux/http/vmware_vrni_rce_cve_2023_20887,"VMWare Aria Operations for Networks (vRealize Network Insight) pre-authenticated RCE",excellent,CVE-2023-20887
exploits,exploits/linux/http/trueonline_p660hn_v1_rce,"TrueOnline / ZyXEL P660HN-T v1 Router Unauthenticated Command Injection",excellent,
exploits,exploits/linux/http/magento_xxe_to_glibc_buf_overflow,"CosmicSting: Magento Arbitrary File Read (CVE-2024-34102) + PHP Buffer Overflow in the iconv() function of glibc (CVE-2024-2961)",excellent,CVE-2024-2961;CVE-2024-34102
exploits,exploits/linux/http/dlink_dspw215_info_cgi_bof,"D-Link info.cgi POST Request Buffer Overflow",normal,
exploits,exploits/linux/http/totolink_unauth_rce_cve_2023_30013,"TOTOLINK Wireless Routers unauthenticated remote command execution vulnerability.",excellent,CVE-2023-30013
exploits,exploits/linux/http/beyondtrust_pra_rs_command_injection,"BeyondTrust Privileged Remote Access (PRA) and Remote Support (RS) unauthenticated Remote Code Execution",excellent,CVE-2026-1731
exploits,exploits/linux/http/airties_login_cgi_bof,"Airties login-cgi Buffer Overflow",normal,
exploits,exploits/linux/http/xplico_exec,"Xplico Remote Code Execution",excellent,CVE-2017-16666
exploits,exploits/linux/http/craftcms_preauth_rce_cve_2025_32432,"Craft CMS Image Transform Preauth RCE (CVE-2025-32432)",excellent,CVE-2025-32432
exploits,exploits/linux/http/eclipse_che_machine_exec_rce,"Eclipse Che machine-exec Unauthenticated RCE",excellent,CVE-2025-12548
exploits,exploits/linux/http/symantec_web_gateway_exec,"symantec_web_gateway_exec",excellent,
exploits,exploits/linux/http/nagios_xi_autodiscovery_webshell,"Nagios XI Autodiscovery Webshell Upload",excellent,CVE-2021-37343
exploits,exploits/linux/http/seagate_nas_php_exec_noauth,"Seagate Business NAS Unauthenticated Remote Command Execution",normal,
exploits,exploits/linux/http/fortinac_keyupload_file_write,"Fortinet FortiNAC keyUpload.jsp arbitrary file write",excellent,CVE-2022-39952
exploits,exploits/linux/http/ray_cpu_profile_cmd_injection_cve_2023_6019,"Ray cpu_profile command injection",excellent,
exploits,exploits/linux/http/invoiceninja_unauth_rce_cve_2024_55555,"Invoice Ninja unauthenticated PHP Deserialization Vulnerability",excellent,CVE-2024-55555
exploits,exploits/linux/http/paloalto_expedition_rce,"Palo Alto Expedition Remote Code Execution (CVE-2024-5910 and CVE-2024-9464)",excellent,CVE-2024-5910;CVE-2024-9464
exploits,exploits/linux/http/f5_icontrol_rpmspec_rce_cve_2022_41800,"F5 BIG-IP iControl Authenticated RCE via RPM Creator",excellent,CVE-2022-41622;CVE-2022-41800
exploits,exploits/linux/http/f5_icontrol_rest_ssrf_rce,"F5 iControl REST Unauthenticated SSRF Token Generation RCE",excellent,CVE-2021-22986
exploits,exploits/linux/http/f5_icall_cmd,"f5_icall_cmd",excellent,CVE-2015-3628
exploits,exploits/linux/http/pyload_js2py_exec,"pyLoad js2py Python Execution",excellent,
exploits,exploits/linux/http/mobileiron_mdm_hessian_rce,"MobileIron MDM Hessian-Based Java Deserialization RCE",excellent,CVE-2020-15505
exploits,exploits/linux/http/kibana_upgrade_assistant_telemetry_rce,"Kibana Upgrade Assistant Telemetry Collector Prototype Pollution",manual,
exploits,exploits/linux/http/cayin_cms_ntp,"Cayin CMS NTP Server RCE",excellent,
exploits,exploits/linux/http/ibm_qradar_unauth_rce,"IBM QRadar SIEM Unauthenticated Remote Code Execution",excellent,
exploits,exploits/linux/http/ueb_api_rce,"Unitrends UEB http api remote code execution",excellent,CVE-2017-12478
exploits,exploits/linux/http/lexmark_faxtrace_settings,"Lexmark Device Embedded Web Server RCE",excellent,CVE-2023-26067;CVE-2023-26068
exploits,exploits/linux/http/magnusbilling_unauth_rce_cve_2023_30258,"MagnusBilling application unauthenticated Remote Command Execution.",excellent,CVE-2023-30258
exploits,exploits/linux/http/dlink_authentication_cgi_bof,"D-Link authentication.cgi Buffer Overflow",normal,
exploits,exploits/linux/http/zimbra_unrar_cve_2022_30333,"UnRAR Path Traversal in Zimbra (CVE-2022-30333)",excellent,CVE-2022-30333
exploits,exploits/linux/http/trend_micro_imsva_exec,"Trend Micro InterScan Messaging Security (Virtual Appliance) Remote Code Execution",excellent,
exploits,exploits/linux/http/vmware_nsxmgr_xstream_rce_cve_2021_39144,"VMware NSX Manager XStream unauthenticated RCE",excellent,CVE-2021-39144
exploits,exploits/linux/http/watchguard_firebox_unauth_rce_cve_2022_26318,"WatchGuard XTM Firebox Unauthenticated Remote Command Execution",good,CVE-2022-26318
exploits,exploits/linux/http/nagios_xi_mibs_authenticated_rce,"Nagios XI 5.6.0-5.7.3 - Mibs.php Authenticated Remote Code Exection",excellent,CVE-2020-5791
exploits,exploits/linux/http/dreambox_openpli_shell,"OpenPLI Webif Arbitrary Command Execution",great,
exploits,exploits/linux/http/webmin_package_updates_rce,"Webmin Package Updates RCE",excellent,CVE-2022-36446
exploits,exploits/linux/http/sophos_wpa_sblistpack_exec,"Sophos Web Protection Appliance sblistpack Arbitrary Command Execution",excellent,
exploits,exploits/linux/http/geutebruck_cmdinject_cve_2021_335xx,"Geutebruck Multiple Remote Command Execution",excellent,CVE-2021-33544;CVE-2021-33548;CVE-2021-33550;CVE-2021-33551;CVE-2021-33552;CVE-2021-33553;CVE-2021-33554
exploits,exploits/linux/http/openmetadata_auth_bypass_rce,"OpenMetadata authentication bypass and SpEL injection exploit chain",excellent,CVE-2024-28254;CVE-2024-28255
exploits,exploits/linux/http/dlink_dir615_up_exec,"D-Link DIR615h OS Command Injection",excellent,
exploits,exploits/linux/http/dlink_dwl_2600_command_injection,"DLINK DWL-2600 Authenticated Remote Command Injection",excellent,
exploits,exploits/linux/http/logsign_exec,"Logsign Remote Command Injection",excellent,
exploits,exploits/linux/http/samsung_srv_1670d_upload_exec,"Samsung SRN-1670D Web Viewer Version 1.0.0.193 Arbitrary File Read and Upload",good,CVE-2015-8279;CVE-2017-16524
exploits,exploits/linux/http/zabbix_sqli,"zabbix_sqli",excellent,
exploits,exploits/linux/http/ivanti_csa_unauth_rce_cve_2021_44529,"Ivanti Cloud Services Appliance (CSA) Command Injection",excellent,CVE-2021-44529
exploits,exploits/linux/http/dlink_hnap_header_exec_noauth,"D-Link Devices HNAP SOAPAction-Header Command Execution",normal,
exploits,exploits/linux/http/suitecrm_log_file_rce,"SuiteCRM Log File Remote Code Execution",good,CVE-2020-28320
exploits,exploits/linux/http/unraid_auth_bypass_exec,"Unraid 6.8.0 Auth Bypass PHP Code Execution",excellent,CVE-2020-5847;CVE-2020-5849
exploits,exploits/linux/http/openfiler_networkcard_exec,"openfiler_networkcard_exec",excellent,
exploits,exploits/linux/http/symantec_messaging_gateway_exec,"symantec_messaging_gateway_exec",excellent,
exploits,exploits/linux/http/synology_dsm_smart_exec_auth,"Synology DiskStation Manager smart.cgi Remote Command Execution",excellent,
exploits,exploits/linux/http/ispconfig_lang_edit_php_code_injection,"ISPConfig language_edit.php PHP Code Injection",excellent,CVE-2023-46818
exploits,exploits/linux/http/smt_ipmi_close_window_bof,"Supermicro Onboard IPMI close_window.cgi Buffer Overflow",good,
exploits,exploits/linux/http/zyxel_parse_config_rce,"Zyxel parse_config.py Command Injection",normal,CVE-2023-33012
exploits,exploits/linux/http/appsmith_rce_cve_2024_55964,"Appsmith RCE",excellent,CVE-2024-55963;CVE-2024-55964
exploits,exploits/linux/http/oracle_ebs_rce_cve_2022_21587,"Oracle E-Business Suite (EBS) Unauthenticated Arbitrary File Upload",excellent,CVE-2022-21587
exploits,exploits/linux/http/kibana_timelion_prototype_pollution_rce,"Kibana Timelion Prototype Pollution RCE",manual,CVE-2019-7609
exploits,exploits/linux/http/advantech_switch_bash_env_exec,"Advantech Switch Bash Environment Variable Code Injection (Shellshock)",excellent,CVE-2014-6271
exploits,exploits/linux/http/flir_ax8_unauth_rce_cve_2022_37061,"FLIR AX8 unauthenticated RCE",excellent,CVE-2022-37061
exploits,exploits/linux/http/centreon_sqli_exec,"Centreon SQL and Command Injection",excellent,
exploits,exploits/linux/http/alienvault_exec,"alienvault_exec",excellent,
exploits,exploits/linux/http/panos_op_cmd_exec,"Palo Alto Networks Authenticated Remote Code Execution",excellent,CVE-2020-2038
exploits,exploits/linux/http/elfinder_archive_cmd_injection,"elFinder Archive Command Injection",excellent,
exploits,exploits/linux/http/alienvault_sqli_exec,"alienvault_sqli_exec",excellent,
exploits,exploits/linux/http/hp_van_sdn_cmd_inject,"HP VAN SDN Controller Root Command Injection",excellent,
exploits,exploits/linux/http/cve_2019_1663_cisco_rmi_rce,"Cisco RV110W/RV130(W)/RV215W Routers Management Interface Remote Command Execution",good,
exploits,exploits/linux/http/pandora_fms_sqli,"Pandora FMS Default Credential / SQLi Remote Code Execution",excellent,
exploits,exploits/linux/http/lucee_admin_imgprocess_file_write,"Lucee Administrator imgProcess.cfm Arbitrary File Write",excellent,CVE-2021-21307
exploits,exploits/linux/http/axis_app_install,"Axis IP Camera Application Upload",excellent,
exploits,exploits/linux/http/ivanti_sentry_misc_log_service,"Ivanti Sentry MICSLogService Auth Bypass resulting in RCE (CVE-2023-38035)",excellent,CVE-2023-38035
exploits,exploits/linux/http/nuuo_nvrmini_auth_rce,"NUUO NVRmini 2 / Crystal / NETGEAR ReadyNAS Surveillance Authenticated Remote Code Execution",excellent,
exploits,exploits/linux/http/pulse_secure_cmd_exec,"Pulse Secure VPN Arbitrary Command Execution",excellent,
exploits,exploits/linux/http/symantec_web_gateway_pbcontrol,"symantec_web_gateway_pbcontrol",excellent,
exploits,exploits/linux/http/zen_load_balancer_exec,"zen_load_balancer_exec",excellent,
exploits,exploits/linux/http/xorcom_completepbx_scheduler,"Xorcom CompletePBX Authenticated Command Injection via Task Scheduler",excellent,
exploits,exploits/linux/http/f5_icontrol_rce,"F5 BIG-IP iControl RCE via REST Authentication Bypass",excellent,
exploits,exploits/linux/http/mutiny_frontend_upload,"Mutiny 5 Arbitrary File Upload",excellent,
exploits,exploits/linux/http/dlink_dir850l_unauth_exec,"DIR-850L (Un)authenticated OS Command Exec",excellent,
exploits,exploits/linux/http/saltstack_salt_wheel_async_rce,"SaltStack Salt API Unauthenticated RCE through wheel_async client",excellent,CVE-2021-25281
exploits,exploits/linux/http/panos_telemetry_cmd_exec,"Palo Alto Networks PAN-OS Unauthenticated Remote Code Execution",excellent,CVE-2024-3400
exploits,exploits/linux/http/sourcegraph_gitserver_sshcmd,"Sourcegraph gitserver sshCommand RCE",excellent,CVE-2022-23642
exploits,exploits/linux/http/nagios_xi_snmptrap_authenticated_rce,"Nagios XI 5.5.0-5.7.3 - Snmptrap Authenticated Remote Code Exection",excellent,
exploits,exploits/linux/http/dlink_dsl2750b_exec_noauth,"D-Link DSL-2750B OS Command Injection",great,
exploits,exploits/linux/misc/jenkins_ldap_deserialize,"Jenkins CLI HTTP Java Deserialization Vulnerability",excellent,
exploits,exploits/linux/misc/ib_inet_connect,"Borland InterBase INET_connect() Buffer Overflow",good,
exploits,exploits/linux/misc/mongod_native_helper,"MongoDB nativeHelper.apply Remote Code Execution",normal,
exploits,exploits/linux/misc/ueb9_bpserverd,"Unitrends UEB bpserverd authentication bypass RCE",excellent,CVE-2017-12477
exploits,exploits/linux/misc/zyxel_multiple_devices_zhttp_lan_rce,"Zyxel Unauthenticated LAN Remote Code Execution",good,
exploits,exploits/linux/misc/aerospike_database_udf_cmd_exec,"Aerospike Database UDF Lua Code Execution",great,CVE-2020-13151
exploits,exploits/linux/misc/unidata_udadmin_password_stack_overflow,"Rocket Software Unidata udadmin_server Stack Buffer Overflow in Password",good,
exploits,exploits/linux/misc/gld_postfix,"GLD (Greylisting Daemon) Postfix Buffer Overflow",good,
exploits,exploits/linux/misc/hikvision_rtsp_bof,"Hikvision DVR RTSP Request Remote Code Execution",normal,
exploits,exploits/linux/misc/fortimanager_rce_cve_2024_47575,"Fortinet FortiManager Unauthenticated RCE",excellent,CVE-2024-47575
exploits,exploits/linux/misc/asterisk_ami_originate_auth_rce,"Asterisk AMI Originate Authenticated RCE",great,
exploits,exploits/linux/misc/nagios_nrpe_arguments,"Nagios Remote Plugin Executor Arbitrary Command Execution",excellent,
exploits,exploits/linux/misc/hp_jetdirect_path_traversal,"HP Jetdirect Path Traversal Arbitrary Code Execution",normal,
exploits,exploits/linux/misc/jenkins_java_deserialize,"Jenkins CLI RMI Java Deserialization Vulnerability",excellent,CVE-2015-8103
exploits,exploits/linux/misc/saltstack_salt_unauth_rce,"SaltStack Salt Master/Minion Unauthenticated RCE",great,CVE-2020-11651;CVE-2020-11652
exploits,exploits/linux/misc/ib_open_marker_file,"Borland InterBase open_marker_file() Buffer Overflow",good,
exploits,exploits/linux/misc/cisco_ios_xe_rce,"Cisco IOX XE Unauthenticated RCE Chain",excellent,CVE-2023-20198;CVE-2023-20273
exploits,exploits/linux/misc/asus_infosvr_auth_bypass_exec,"ASUS infosvr Auth Bypass Command Execution",excellent,
exploits,exploits/linux/misc/ib_pwd_db_aliased,"Borland InterBase PWD_db_aliased() Buffer Overflow",good,
exploits,exploits/linux/misc/netcore_udp_53413_backdoor,"Netcore Router Udp 53413 Backdoor",normal,
exploits,exploits/linux/misc/quest_pmmasterd_bof,"Quest Privilege Manager pmmasterd Buffer Overflow",normal,CVE-2017-6553;CVE-2017-6554
exploits,exploits/linux/misc/cisco_rv340_sslvpn,"Cisco RV340 SSL VPN Unauthenticated Remote Code Execution",good,
exploits,exploits/linux/misc/netsupport_manager_agent,"NetSupport Manager Agent Remote Buffer Overflow",average,
exploits,exploits/linux/misc/unidata_udadmin_auth_bypass,"Rocket Software Unidata udadmin_server Authentication Bypass",excellent,
exploits,exploits/linux/misc/hplip_hpssd_exec,"HPLIP hpssd.py From Address Arbitrary Command Execution",excellent,
exploits,exploits/linux/misc/lprng_format_string,"LPRng use_syslog Remote Format String Vulnerability",normal,
exploits,exploits/linux/misc/qnap_transcode_server,"QNAP Transcode Server Command Execution",excellent,
exploits,exploits/linux/misc/hid_discoveryd_command_blink_on_unauth_rce,"HID discoveryd command_blink_on Unauthenticated RCE",excellent,
exploits,exploits/linux/misc/cve_2020_13160_anydesk,"AnyDesk GUI Format String Write",normal,
exploits,exploits/linux/misc/igel_command_injection,"IGEL OS Secure VNC/Terminal Command Injection RCE",excellent,
exploits,exploits/linux/misc/novell_edirectory_ncp_bof,"Novell eDirectory 8 Buffer Overflow",normal,
exploits,exploits/linux/misc/opennms_java_serialize,"OpenNMS Java Object Unserialization Remote Code Execution",normal,
exploits,exploits/linux/misc/nimbus_gettopologyhistory_cmd_exec,"Apache Storm Nimbus getTopologyHistory Unauthenticated Command Execution",excellent,
exploits,exploits/linux/misc/hp_data_protector_cmd_exec,"HP Data Protector 6 EXEC_CMD Remote Code Execution",excellent,
exploits,exploits/linux/misc/hp_vsa_login_bof,"hp_vsa_login_bof",normal,
exploits,exploits/linux/misc/hp_nnmi_pmd_bof,"HP Network Node Manager I PMD Buffer Overflow",normal,
exploits,exploits/linux/misc/ib_jrd8_create_database,"Borland InterBase jrd8_create_database() Buffer Overflow",good,
exploits,exploits/linux/misc/sercomm_exec,"sercomm_exec",great,
exploits,exploits/linux/misc/poly_unauth_rce_cve_2026_0826,"HP Poly Voice Unauthenticated Remote Code Execution",great,CVE-2026-0826
exploits,exploits/linux/misc/cve_2021_38647_omigod,"Microsoft OMI Management Interface Authentication Bypass",excellent,CVE-2021-38647
exploits,exploits/linux/misc/tplink_archer_a7_c7_lan_rce,"TP-Link Archer A7/C7 Unauthenticated LAN Remote Code Execution",excellent,
exploits,exploits/linux/misc/zabbix_server_exec,"Zabbix Server Arbitrary Command Execution",excellent,
exploits,exploits/linux/misc/accellion_fta_mpipe2,"Accellion FTA MPIPE2 Command Execution",excellent,
exploits,exploits/linux/misc/zyxel_ike_decoder_rce_cve_2023_28771,"Zyxel IKE Packet Decoder Unauthenticated Remote Code Execution",great,CVE-2023-28771
exploits,exploits/linux/persistence/wsl/startup_folder,"Linux WSL via Startup Folder Persistence",excellent,
exploits,exploits/apple_ios/ssh/cydia_default_ssh,"Apple iOS Default SSH Password Vulnerability",excellent,
exploits,exploits/apple_ios/browser/webkit_trident,"WebKit not_number defineProperties UAF",manual,CVE-2016-4655
exploits,exploits/apple_ios/browser/webkit_createthis,"Safari Webkit Proxy Object Type Confusion",manual,CVE-2017-13861;CVE-2018-4233
exploits,exploits/apple_ios/browser/safari_jit,"Safari Webkit JIT Exploit for iOS 7.1.2",good,CVE-2016-4669;CVE-2018-4162
exploits,exploits/apple_ios/browser/safari_libtiff,"Apple iOS MobileSafari LibTIFF Buffer Overflow",good,
exploits,exploits/apple_ios/email/mobilemail_libtiff,"Apple iOS MobileMail LibTIFF Buffer Overflow",good,
exploits,exploits/aix/local/xorg_x11_server,"Xorg X11 Server Local Privilege Escalation",great,CVE-2018-14665
exploits,exploits/aix/local/invscout_rpm_priv_esc,"invscout RPM Privilege Escalation",excellent,
exploits,exploits/aix/local/ibstat_path,"ibstat $PATH Privilege Escalation",excellent,
exploits,exploits/windows/vnc/ultravnc_viewer_bof,"UltraVNC 1.0.2 Client (vncviewer.exe) Buffer Overflow",normal,
exploits,exploits/windows/vnc/ultravnc_client,"UltraVNC 1.0.1 Client Buffer Overflow",normal,
exploits,exploits/windows/vnc/winvnc_http_get,"WinVNC Web Server GET Overflow",average,
exploits,exploits/windows/vnc/realvnc_client,"RealVNC 3.3.7 Client Buffer Overflow",normal,
exploits,exploits/windows/motorola/timbuktu_fileupload,"Timbuktu Pro Directory Traversal/File Upload",excellent,
exploits,exploits/windows/nimsoft/nimcontroller_bof,"CA Unified Infrastructure Management Nimsoft 7.80 - Remote Buffer Overflow",excellent,CVE-2020-8010
exploits,exploits/windows/pop3/seattlelab_pass,"Seattle Lab Mail 5.5 POP3 Buffer Overflow",great,
exploits,exploits/windows/scada/codesys_gateway_server_traversal,"SCADA 3S CoDeSys Gateway Server Directory Traversal",excellent,
exploits,exploits/windows/scada/delta_ia_commgr_bof,"Delta Electronics Delta Industrial Automation COMMGR 1.08 Stack Buffer Overflow",normal,
exploits,exploits/windows/scada/yokogawa_bkbcopyd_bof,"Yokogawa CENTUM CS 3000 BKBCopyD.exe Buffer Overflow",normal,
exploits,exploits/windows/scada/realwin_scpc_txtevent,"DATAC RealWin SCADA Server SCPC_TXTEVENT Buffer Overflow",great,
exploits,exploits/windows/scada/realwin_scpc_initialize,"DATAC RealWin SCADA Server SCPC_INITIALIZE Buffer Overflow",great,
exploits,exploits/windows/scada/factorylink_csservice,"factorylink_csservice",normal,
exploits,exploits/windows/scada/yokogawa_bkhodeq_bof,"Yokogawa CENTUM CS 3000 BKHOdeq.exe Buffer Overflow",average,
exploits,exploits/windows/scada/realwin_on_fcs_login,"RealWin SCADA Server DATAC Login Buffer Overflow",great,
exploits,exploits/windows/scada/procyon_core_server,"procyon_core_server",normal,
exploits,exploits/windows/scada/iconics_webhmi_setactivexguid,"iconics_webhmi_setactivexguid",good,
exploits,exploits/windows/scada/moxa_mdmtool,"MOXA Device Manager Tool 2.1 Buffer Overflow",great,
exploits,exploits/windows/scada/codesys_web_server,"SCADA 3S CoDeSys CmpWebServer Stack Buffer Overflow",normal,
exploits,exploits/windows/scada/indusoft_webstudio_exec,"InduSoft Web Studio Arbitrary Upload Remote Code Execution",excellent,
exploits,exploits/windows/scada/winlog_runtime_2,"Sielco Sistemi Winlog Buffer Overflow 2.07.14 - 2.07.16",normal,
exploits,exploits/windows/scada/abb_wserver_exec,"ABB MicroSCADA wserver.exe Remote Code Execution",excellent,
exploits,exploits/windows/scada/diaenergie_sqli,"DIAEnergie SQL Injection (CVE-2024-4548)",excellent,CVE-2024-4548
exploits,exploits/windows/scada/advantech_webaccess_webvrpcs_bof,"Advantech WebAccess Webvrpcs Service Opcode 80061 Stack Buffer Overflow",good,
exploits,exploits/windows/scada/igss9_misc,"igss9_misc",excellent,
exploits,exploits/windows/scada/sunway_force_control_netdbsrv,"Sunway Forcecontrol SNMP NetDBServer.exe Opcode 0x57",great,
exploits,exploits/windows/scada/igss_exec_17,"Interactive Graphical SCADA System Remote Command Injection",excellent,
exploits,exploits/windows/scada/factorylink_vrn_09,"Siemens FactoryLink vrn.exe Opcode 9 Buffer Overflow",average,
exploits,exploits/windows/scada/igss9_igssdataserver_listall,"igss9_igssdataserver_listall",good,
exploits,exploits/windows/scada/rockwell_factorytalk_rce,"Rockwell FactoryTalk View SE SCADA Unauthenticated Remote Code Execution",excellent,
exploits,exploits/windows/scada/scadapro_cmdexe,"Measuresoft ScadaPro Remote Command Execution",excellent,
exploits,exploits/windows/scada/citect_scada_odbc,"CitectSCADA/CitectFacilities ODBC Buffer Overflow",normal,
exploits,exploits/windows/scada/realwin_on_fc_binfile_a,"DATAC RealWin SCADA Server 2 On_FC_CONNECT_FCS_a_FILE Buffer Overflow",great,
exploits,exploits/windows/scada/ge_proficy_cimplicity_gefebt,"GE Proficy CIMPLICITY gefebt.exe Remote Code Execution",excellent,
exploits,exploits/windows/scada/daq_factory_bof,"DaqFactory HMI NETB Request Overflow",good,
exploits,exploits/windows/scada/winlog_runtime,"Sielco Sistemi Winlog Buffer Overflow",great,
exploits,exploits/windows/scada/realwin_scpc_initialize_rf,"DATAC RealWin SCADA Server SCPC_INITIALIZE_RF Buffer Overflow",great,
exploits,exploits/windows/scada/igss9_igssdataserver_rename,"igss9_igssdataserver_rename",normal,
exploits,exploits/windows/scada/advantech_webaccess_dashboard_file_upload,"advantech_webaccess_dashboard_file_upload",excellent,
exploits,exploits/windows/scada/yokogawa_bkfsim_vhfd,"Yokogawa CS3000 BKFSim_vhfd.exe Buffer Overflow",normal,
exploits,exploits/windows/scada/yokogawa_bkesimmgr_bof,"Yokogawa CS3000 BKESimmgr.exe Buffer Overflow",normal,
exploits,exploits/windows/scada/realwin,"DATAC RealWin SCADA Server Buffer Overflow",great,
exploits,exploits/windows/scada/mypro_cmdexe,"mySCADA MyPRO Authenticated Command Injection (CVE-2023-28384)",excellent,CVE-2023-28384
exploits,exploits/windows/scada/mypro_mgr_cmd,"mySCADA myPRO Manager Unauthenticated Command Injection (CVE-2024-47407)",excellent,CVE-2024-47407
exploits,exploits/windows/scada/iconics_genbroker,"iconics_genbroker",good,
exploits,exploits/windows/proxy/ccproxy_telnet_ping,"CCProxy Telnet Proxy Ping Overflow",average,
exploits,exploits/windows/proxy/proxypro_http_get,"Proxy-Pro Professional GateKeeper 4.7 GET Request Overflow",great,
exploits,exploits/windows/proxy/bluecoat_winproxy_host,"Blue Coat WinProxy Host Header Overflow",great,
exploits,exploits/windows/proxy/qbik_wingate_wwwproxy,"Qbik WinGate WWW Proxy Server URL Processing Overflow",good,
exploits,exploits/windows/wins/ms04_045_wins,"MS04-045 Microsoft WINS Service Memory Overwrite",great,
exploits,exploits/windows/sage/x3_adxsrv_auth_bypass_cmd_exec,"Sage X3 Administration Service Authentication Bypass Command Execution",good,CVE-2020-7387
exploits,exploits/windows/sip/aim_triton_cseq,"AIM Triton 1.0.4 CSeq Buffer Overflow",great,
exploits,exploits/windows/sip/sipxphone_cseq,"SIPfoundry sipXphone 2.6.0.27 CSeq Buffer Overflow",great,
exploits,exploits/windows/sip/sipxezphone_cseq,"SIPfoundry sipXezPhone 0.35a CSeq Field Overflow",great,
exploits,exploits/windows/ssl/ms04_011_pct,"MS04-011 Microsoft Private Communications Transport Overflow",average,
exploits,exploits/windows/nuuo/nuuo_cms_fu,"nuuo_cms_fu",manual,
exploits,exploits/windows/nuuo/nuuo_cms_sqli,"Nuuo Central Management Authenticated SQL Server SQLi",normal,
exploits,exploits/windows/smtp/ms03_046_exchange2000_xexch50,"MS03-046 Exchange 2000 XEXCH50 Heap Overflow",good,
exploits,exploits/windows/smtp/wmailserver,"SoftiaCom WMailserver 1.0 Buffer Overflow",average,
exploits,exploits/windows/smtp/mailcarrier_smtp_ehlo,"TABS MailCarrier v2.51 SMTP EHLO Overflow",good,
exploits,exploits/windows/smtp/njstar_smtp_bof,"NJStar Communicator 3.00 MiniSMTP Buffer Overflow",normal,
exploits,exploits/windows/smtp/sysgauge_client_bof,"SysGauge 1.5.18 SMTP Validation Buffer Overflow",normal,
exploits,exploits/windows/smtp/ypops_overflow1,"YPOPS 0.6 Buffer Overflow",average,
exploits,exploits/windows/smtp/mercury_cram_md5,"Mercury Mail SMTP AUTH CRAM-MD5 Buffer Overflow",great,
exploits,exploits/windows/dcerpc/cve_2021_1675_printnightmare,"Print Spooler Remote DLL Injection",,CVE-2021-1675;CVE-2021-34527
exploits,exploits/windows/dcerpc/ms07_029_msdns_zonename,"MS07-029 Microsoft DNS RPC Service extractQuotedChar() Overflow (TCP)",great,
exploits,exploits/windows/dcerpc/ms05_017_msmq,"MS05-017 Microsoft Message Queueing Service Path Overflow",good,
exploits,exploits/windows/dcerpc/ms07_065_msmq,"MS07-065 Microsoft Message Queueing Service DNS Name Path Overflow",good,
exploits,exploits/windows/dcerpc/ms03_026_dcom,"MS03-026 Microsoft RPC DCOM Interface Overflow",great,
exploits,exploits/windows/postgres/postgres_payload,"PostgreSQL for Microsoft Windows Payload Execution",excellent,
exploits,exploits/windows/games/mohaa_getinfo,"Medal of Honor Allied Assault getinfo Stack Buffer Overflow",great,
exploits,exploits/windows/games/racer_503beta5,"Racer v0.5.3 Beta 5 Buffer Overflow",great,
exploits,exploits/windows/games/ut2004_secure,"Unreal Tournament 2004 'secure' Overflow (Win32)",good,
exploits,exploits/windows/ftp/filecopa_list_overflow,"FileCopa FTP Server Pre 18 Jul Version",average,
exploits,exploits/windows/ftp/easyftp_list_fixret,"EasyFTP Server LIST Command Stack Buffer Overflow",great,
exploits,exploits/windows/ftp/3cdaemon_ftp_user,"3Com 3CDaemon 2.0 FTP Username Overflow",average,
exploits,exploits/windows/ftp/sami_ftpd_user,"KarjaSoft Sami FTP Server v2.0.2 USER Overflow",normal,
exploits,exploits/windows/ftp/freeftpd_user,"freeFTPd 1.0 Username Overflow",average,
exploits,exploits/windows/ftp/sami_ftpd_list,"Sami FTP Server LIST Command Buffer Overflow",low,
exploits,exploits/windows/ftp/easyftp_mkd_fixret,"EasyFTP Server MKD Command Stack Buffer Overflow",great,
exploits,exploits/windows/ftp/labf_nfsaxe,"LabF nfsAxe 3.7 FTP Client Stack Buffer Overflow",normal,
exploits,exploits/windows/ftp/globalscapeftp_input,"GlobalSCAPE Secure FTP Server Input Overflow",great,
exploits,exploits/windows/ftp/easyfilesharing_pass,"Easy File Sharing FTP Server 2.0 PASS Overflow",average,
exploits,exploits/windows/ftp/vermillion_ftpd_port,"Vermillion FTP Daemon PORT Command Memory Corruption",great,
exploits,exploits/windows/ftp/open_ftpd_wbem,"open_ftpd_wbem",excellent,
exploits,exploits/windows/ftp/httpdx_tolog_format,"HTTPDX tolog() Function Format String Vulnerability",great,
exploits,exploits/windows/ftp/ftpsynch_list_reply,"FTP Synchronizer Professional 4.0.73.274 Stack Buffer Overflow",good,
exploits,exploits/windows/ftp/goldenftp_pass_bof,"GoldenFTP PASS Stack Buffer Overflow",average,
exploits,exploits/windows/ftp/wing_ftp_admin_exec,"Wing FTP Server Authenticated Command Execution",excellent,
exploits,exploits/windows/ftp/warftpd_165_pass,"War-FTPD 1.65 Password Overflow",average,
exploits,exploits/windows/ftp/seagull_list_reply,"Seagull FTP v3.3 Build 409 Stack Buffer Overflow",good,
exploits,exploits/windows/ftp/odin_list_reply,"Odin Secure FTP 4.1 Stack Buffer Overflow (LIST)",good,
exploits,exploits/windows/ftp/quickshare_traversal_write,"quickshare_traversal_write",excellent,
exploits,exploits/windows/ftp/dreamftp_format,"BolinTech Dream FTP Server 1.02 Format String",good,
exploits,exploits/windows/ftp/slimftpd_list_concat,"SlimFTPd LIST Concatenation Overflow",great,
exploits,exploits/windows/ftp/ftpgetter_pwd_reply,"FTPGetter Standard v3.55.0.05 Stack Buffer Overflow (PWD)",good,
exploits,exploits/windows/ftp/leapftp_list_reply,"LeapFTP 3.0.1 Stack Buffer Overflow",good,
exploits,exploits/windows/ftp/xlink_server,"Xlink FTP Server Buffer Overflow",good,
exploits,exploits/windows/ftp/pcman_put,"PCMAN FTP Server Buffer Overflow - PUT Command",normal,
exploits,exploits/windows/ftp/freefloatftp_user,"Free Float FTP Server USER Command Buffer Overflow",normal,
exploits,exploits/windows/ftp/pcman_stor,"PCMAN FTP Server Post-Authentication STOR Command Stack Buffer Overflow",normal,
exploits,exploits/windows/ftp/wftpd_size,"Texas Imperial Software WFTPD 3.23 SIZE Overflow",average,
exploits,exploits/windows/ftp/netterm_netftpd_user,"NetTerm NetFTPD USER Buffer Overflow",great,
exploits,exploits/windows/ftp/freeftpd_pass,"freeftpd_pass",normal,
exploits,exploits/windows/ftp/oracle9i_xdb_ftp_pass,"Oracle 9i XDB FTP PASS Overflow (win32)",great,
exploits,exploits/windows/ftp/cesarftp_mkd,"Cesar FTP 0.99g MKD Command Buffer Overflow",average,
exploits,exploits/windows/ftp/kmftp_utility_cwd,"Konica Minolta FTP Utility 1.00 Post Auth CWD Command SEH Overflow",normal,
exploits,exploits/windows/ftp/ftpshell51_pwd_reply,"FTPShell 5.1 Stack Buffer Overflow",good,
exploits,exploits/windows/ftp/absolute_ftp_list_bof,"AbsoluteFTP 1.9.6 - 2.2.10 LIST Command Remote Buffer Overflow",normal,
exploits,exploits/windows/ftp/ftppad_list_reply,"FTPPad 1.2.0 Stack Buffer Overflow",good,
exploits,exploits/windows/ftp/turboftp_port,"Turbo FTP Server 1.30.823 PORT Overflow",great,
exploits,exploits/windows/ftp/bison_ftp_bof,"BisonWare BisonFTP Server Buffer Overflow",normal,
exploits,exploits/windows/ftp/oracle9i_xdb_ftp_unlock,"Oracle 9i XDB FTP UNLOCK Overflow (win32)",great,
exploits,exploits/windows/ftp/servu_mdtm,"Serv-U FTPD MDTM Overflow",good,
exploits,exploits/windows/ftp/comsnd_ftpd_fmtstr,"ComSndFTP v1.3.7 Beta USER Format String (Write4) Vulnerability",good,
exploits,exploits/windows/ftp/aasync_list_reply,"AASync v2.2.1.0 (Win32) Stack Buffer Overflow (LIST)",good,
exploits,exploits/windows/ftp/gekkomgr_list_reply,"Gekko Manager FTP Client Stack Buffer Overflow",good,
exploits,exploits/windows/ftp/easyftp_cwd_fixret,"EasyFTP Server CWD Command Stack Buffer Overflow",great,
exploits,exploits/windows/ftp/wsftp_server_505_xmd5,"Ipswitch WS_FTP Server 5.05 XMD5 Overflow",average,
exploits,exploits/windows/ftp/freefloatftp_wbem,"freefloatftp_wbem",excellent,
exploits,exploits/windows/ftp/ability_server_stor,"Ability Server 2.34 STOR Command Stack Buffer Overflow",normal,
exploits,exploits/windows/ftp/ftpshell_cli_bof,"FTPShell client 6.70 (Enterprise edition) Stack Buffer Overflow",normal,
exploits,exploits/windows/ftp/ayukov_nftp,"Ayukov NFTP FTP Client Buffer Overflow",normal,
exploits,exploits/windows/ftp/winaxe_server_ready,"WinaXe 7.7 FTP Client Remote Buffer Overflow",good,
exploits,exploits/windows/ftp/sasser_ftpd_port,"Sasser Worm avserve FTP PORT Buffer Overflow",average,
exploits,exploits/windows/ftp/32bitftp_list_reply,"32bit FTP Client Stack Buffer Overflow ",good,
exploits,exploits/windows/ftp/xftp_client_pwd,"Xftp FTP Client 3.0 PWD Remote Buffer Overflow",normal,
exploits,exploits/windows/ftp/xlink_client,"Xlink FTP Client Buffer Overflow",normal,
exploits,exploits/windows/ftp/ms09_053_ftpd_nlst,"MS09-053 Microsoft IIS FTP Server NLST Response Overflow",great,
exploits,exploits/windows/ftp/wsftp_server_503_mkd,"WS-FTP Server 5.03 MKD Overflow",great,
exploits,exploits/windows/ftp/scriptftp_list,"ScriptFTP LIST Remote Buffer Overflow",good,
exploits,exploits/windows/ftp/proftp_banner,"ProFTP 2.9 Banner Remote Buffer Overflow",normal,
exploits,exploits/windows/ftp/warftpd_165_user,"War-FTPD 1.65 Username Overflow",average,
exploits,exploits/windows/ftp/leapftp_pasv_reply,"LeapWare LeapFTP v2.7.3.600 PASV Reply Client Overflow",normal,
exploits,exploits/windows/ftp/servu_chmod,"Serv-U FTP Server Buffer Overflow",normal,
exploits,exploits/windows/ftp/trellian_client_pasv,"Trellian FTP Client 3.01 PASV Remote Buffer Overflow",normal,
exploits,exploits/windows/ftp/ricoh_dl_bof,"ricoh_dl_bof",normal,
exploits,exploits/windows/ftp/filewrangler_list_reply,"FileWrangler 5.30 Stack Buffer Overflow",good,
exploits,exploits/windows/license/flexnet_lmgrd_bof,"FlexNet License Server Manager lmgrd Buffer Overflow",normal,
exploits,exploits/windows/license/sentinel_lm7_udp,"SentinelLM UDP Buffer Overflow",average,
exploits,exploits/windows/license/calicserv_getconfig,"Computer Associates License Server GETCONFIG Overflow",normal,
exploits,exploits/windows/license/calicclnt_getconfig,"Computer Associates License Client GETCONFIG Overflow",average,
exploits,exploits/windows/emc/replication_manager_exec,"EMC Replication Manager Command Execution",great,
exploits,exploits/windows/emc/networker_format_string,"EMC Networker Format String",normal,
exploits,exploits/windows/emc/alphastor_agent,"EMC AlphaStor Agent Buffer Overflow",great,
exploits,exploits/windows/emc/alphastor_device_manager_exec,"EMC AlphaStor Device Manager Opcode 0x75 Command Injection",excellent,
exploits,exploits/windows/lpd/saplpd,"SAP SAPLPD 6.28 Buffer Overflow",good,
exploits,exploits/windows/lpd/niprint,"NIPrint LPD Request Overflow",good,
exploits,exploits/windows/lpd/wincomlpd_admin,"WinComLPD Buffer Overflow",good,
exploits,exploits/windows/lpd/hummingbird_exceed,"Hummingbird Connectivity 10 SP5 LPD Buffer Overflow",average,
exploits,exploits/windows/vpn/safenet_ike_11,"SafeNet SoftRemote IKE Service Buffer Overflow",average,
exploits,exploits/windows/mmsp/ms10_025_wmss_connect_funnel,"Windows Media Services ConnectFunnel Stack Buffer Overflow",great,CVE-2010-0478
exploits,exploits/windows/rdp/rdp_doublepulsar_rce,"RDP DOUBLEPULSAR Remote Code Execution",great,
exploits,exploits/windows/rdp/cve_2019_0708_bluekeep_rce,"CVE-2019-0708 BlueKeep RDP Remote Windows Kernel Use After Free",manual,CVE-2019-0708
exploits,exploits/windows/isapi/ms00_094_pbserver,"MS00-094 Microsoft IIS Phone Book Service Overflow",good,
exploits,exploits/windows/isapi/ms03_051_fp30reg_chunked,"MS03-051 Microsoft IIS ISAPI FrontPage fp30reg.dll Chunked Overflow",good,
exploits,exploits/windows/isapi/rsa_webagent_redirect,"Microsoft IIS ISAPI RSA WebAgent Redirect Overflow",good,
exploits,exploits/windows/isapi/ms03_022_nsiislog_post,"MS03-022 Microsoft IIS ISAPI nsiislog.dll ISAPI POST Overflow",good,
exploits,exploits/windows/isapi/w3who_query,"Microsoft IIS ISAPI w3who.dll Query String Overflow",good,
exploits,exploits/windows/unicenter/cam_log_security,"CA CAM log_security() Stack Buffer Overflow (Win32)",great,
exploits,exploits/windows/ssh/sysax_ssh_username,"Sysax 5.53 SSH Username Buffer Overflow",normal,
exploits,exploits/windows/ssh/putty_msg_debug,"PuTTY Buffer Overflow",normal,
exploits,exploits/windows/ssh/securecrt_ssh1,"SecureCRT SSH1 Buffer Overflow",average,
exploits,exploits/windows/ssh/freesshd_key_exchange,"FreeSSHd 1.0.9 Key Exchange Algorithm String Buffer Overflow",average,
exploits,exploits/windows/ssh/freesshd_authbypass,"freesshd_authbypass",excellent,
exploits,exploits/windows/ssh/freeftpd_key_exchange,"FreeFTPd 1.0.10 Key Exchange Algorithm String Buffer Overflow",average,
exploits,exploits/windows/fileformat/aol_desktop_linktag,"AOL Desktop 9.6 RTX Buffer Overflow",normal,
exploits,exploits/windows/fileformat/windows_script_host_wsf,"Malicious Windows Script Host Script File (.wsf)",great,
exploits,exploits/windows/fileformat/lotusnotes_lzh,"Lotus Notes 8.0.x - 8.5.2 FP2 - Autonomy Keyview (.lzh Attachment)",good,
exploits,exploits/windows/fileformat/realplayer_ver_attribute_bof,"RealNetworks RealPlayer Version Attribute Buffer Overflow",normal,
exploits,exploits/windows/fileformat/visio_dxf_bof,"Microsoft Office Visio VISIODWG.DLL DXF File Handling Vulnerability",good,
exploits,exploits/windows/fileformat/adobe_pdf_embedded_exe,"Adobe PDF Embedded EXE Social Engineering",excellent,CVE-2010-1240
exploits,exploits/windows/fileformat/ms09_067_excel_featheader,"MS09-067 Microsoft Excel Malformed FEATHEADER Record Vulnerability",good,
exploits,exploits/windows/fileformat/orbital_viewer_orb,"Orbital Viewer ORB File Parsing Buffer Overflow",great,
exploits,exploits/windows/fileformat/free_mp3_ripper_wav,"Free MP3 CD Ripper 1.1 WAV File Stack Buffer Overflow",great,
exploits,exploits/windows/fileformat/office_dde_delivery,"Microsoft Office DDE Payload Delivery",manual,
exploits,exploits/windows/fileformat/a_pdf_wav_to_mp3,"A-PDF WAV to MP3 v1.0.0 Buffer Overflow",normal,
exploits,exploits/windows/fileformat/chasys_draw_ies_bmp_bof,"chasys_draw_ies_bmp_bof",normal,
exploits,exploits/windows/fileformat/gsm_sim,"GSM SIM Editor 5.15 Buffer Overflow",normal,
exploits,exploits/windows/fileformat/ibm_pcm_ws,"IBM Personal Communications iSeries Access WorkStation 5.9 Profile",great,
exploits,exploits/windows/fileformat/adobe_media_newplayer,"Adobe Doc.media.newPlayer Use After Free Vulnerability",good,
exploits,exploits/windows/fileformat/acdsee_xpm,"ACDSee XPM File Section Buffer Overflow",good,
exploits,exploits/windows/fileformat/videolan_tivo,"VideoLAN VLC TiVo Buffer Overflow",good,
exploits,exploits/windows/fileformat/tugzip,"TugZip 3.5 Zip File Parsing Buffer Overflow Vulnerability",good,
exploits,exploits/windows/fileformat/blazedvd_plf,"BlazeDVD 6.1 PLF Buffer Overflow",good,
exploits,exploits/windows/fileformat/allplayer_m3u_bof,"ALLPlayer M3U Buffer Overflow",normal,
exploits,exploits/windows/fileformat/zahir_enterprise_plus_csv,"zahir_enterprise_plus_csv",normal,
exploits,exploits/windows/fileformat/word_mshtml_rce,"Microsoft Office Word Malicious MSHTML RCE",excellent,CVE-2021-40444
exploits,exploits/windows/fileformat/scadaphone_zip,"ScadaTEC ScadaPhone Stack Buffer Overflow",good,
exploits,exploits/windows/fileformat/adobe_flashplayer_button,"Adobe Flash Player 'Button' Remote Code Execution",normal,CVE-2010-3654
exploits,exploits/windows/fileformat/cve_2017_8464_lnk_rce,"LNK Code Execution Vulnerability",great,CVE-2015-0096;CVE-2017-8464
exploits,exploits/windows/fileformat/bpftp_client_bps_bof,"BulletProof FTP Client BPS Buffer Overflow",normal,
exploits,exploits/windows/fileformat/icofx_bof,"IcoFX Stack Buffer Overflow",normal,
exploits,exploits/windows/fileformat/ms11_021_xlb_bof,"ms11_021_xlb_bof",normal,CVE-2011-0105
exploits,exploits/windows/fileformat/foxit_reader_launch,"Foxit Reader 3.0 Open Execute Action Stack Based Buffer Overflow",good,
exploits,exploits/windows/fileformat/tfm_mmplayer_m3u_ppl_bof,"TFM MMPlayer (m3u/ppl File) Buffer Overflow",good,
exploits,exploits/windows/fileformat/adobe_u3d_meshdecl,"Adobe U3D CLODProgressiveMeshDeclaration Array Overrun",good,
exploits,exploits/windows/fileformat/apple_quicktime_rdrf,"apple_quicktime_rdrf",normal,
exploits,exploits/windows/fileformat/ms14_060_sandworm,"ms14_060_sandworm",excellent,CVE-2014-4114
exploits,exploits/windows/fileformat/subtitle_processor_m3u_bof,"subtitle_processor_m3u_bof",normal,
exploits,exploits/windows/fileformat/mjm_quickplayer_s3m,"MJM QuickPlayer 1.00 Beta 60a / QuickPlayer 2010 .s3m Stack Buffer Overflow",good,
exploits,exploits/windows/fileformat/beetel_netconfig_ini_bof,"beetel_netconfig_ini_bof",normal,
exploits,exploits/windows/fileformat/ht_mp3player_ht3_bof,"HT-MP3Player 1.0 HT3 File Parsing Buffer Overflow",good,
exploits,exploits/windows/fileformat/nuance_pdf_launch_overflow,"Nuance PDF Reader v6.0 Launch Stack Buffer Overflow",great,
exploits,exploits/windows/fileformat/dvdx_plf_bof,"dvdx_plf_bof",normal,
exploits,exploits/windows/fileformat/proshow_cellimage_bof,"ProShow Gold v4.0.2549 (PSH File) Stack Buffer Overflow",great,
exploits,exploits/windows/fileformat/ms10_004_textbytesatom,"MS10-004 Microsoft PowerPoint Viewer TextBytesAtom Stack Buffer Overflow",good,
exploits,exploits/windows/fileformat/documalis_pdf_editor_and_scanner,"Documalis Free PDF Editor and Scanner JPEG Stack Buffer Overflow",normal,
exploits,exploits/windows/fileformat/msworks_wkspictureinterface,"Microsoft Works 7 WkImgSrv.dll WKsPictureInterface() ActiveX Code Execution",low,
exploits,exploits/windows/fileformat/videospirit_visprj,"VeryTools Video Spirit Pro",good,
exploits,exploits/windows/fileformat/mcafee_hercules_deletesnapshot,"McAfee Remediation Client ActiveX Control Buffer Overflow",low,
exploits,exploits/windows/fileformat/microsoft_windows_contact,"Microsoft Windows Contact File Format Arbitary Code Execution",normal,
exploits,exploits/windows/fileformat/ms15_100_mcl_exe,"ms15_100_mcl_exe",excellent,
exploits,exploits/windows/fileformat/proshow_load_bof,"Photodex ProShow Producer 5.0.3256 load File Handling Buffer Overflow",normal,
exploits,exploits/windows/fileformat/djvu_imageurl,"DjVu DjVu_ActiveX_MSOffice.dll ActiveX ComponentBuffer Overflow",low,
exploits,exploits/windows/fileformat/cutezip_bof,"GlobalSCAPE CuteZIP Stack Buffer Overflow",normal,
exploits,exploits/windows/fileformat/watermark_master,"Watermark Master Buffer Overflow (SEH)",normal,
exploits,exploits/windows/fileformat/orbit_download_failed_bof,"Orbit Downloader URL Unicode Conversion Overflow",normal,
exploits,exploits/windows/fileformat/openoffice_ole,"openoffice_ole",normal,CVE-2008-0320
exploits,exploits/windows/fileformat/kingview_kingmess_kvl,"kingview_kingmess_kvl",normal,
exploits,exploits/windows/fileformat/dupscout_xml,"Dup Scout Enterprise v10.4.16 - Import Command Buffer Overflow",normal,
exploits,exploits/windows/fileformat/acdsee_fotoslate_string,"ACDSee FotoSlate PLP File id Parameter Overflow",good,
exploits,exploits/windows/fileformat/shaper_pdf_bof,"PDF Shaper Buffer Overflow",normal,
exploits,exploits/windows/fileformat/winrar_ace,"RARLAB WinRAR ACE Format Input Validation Remote Code Execution",excellent,
exploits,exploits/windows/fileformat/vuplayer_cue,"VUPlayer CUE Buffer Overflow",good,
exploits,exploits/windows/fileformat/windows_script_host_vbscript,"Malicious Windows Script Host VBScript (.vbs) File",great,
exploits,exploits/windows/fileformat/erdas_er_viewer_rf_report_error,"erdas_er_viewer_rf_report_error",normal,
exploits,exploits/windows/fileformat/winamp_maki_bof,"Winamp MAKI Buffer Overflow",normal,
exploits,exploits/windows/fileformat/safenet_softremote_groupname,"SafeNet SoftRemote GROUPNAME Buffer Overflow",good,
exploits,exploits/windows/fileformat/ms14_017_rtf,"ms14_017_rtf",normal,CVE-2014-1761
exploits,exploits/windows/fileformat/altap_salamander_pdb,"Altap Salamander 2.5 PE Viewer Buffer Overflow",good,CVE-2007-3314
exploits,exploits/windows/fileformat/hhw_hhp_contentfile_bof,"HTML Help Workshop 4.74 (hhp Project File) Buffer Overflow",good,
exploits,exploits/windows/fileformat/ms10_038_excel_obj_bof,"ms10_038_excel_obj_bof",normal,CVE-2010-0822
exploits,exploits/windows/fileformat/mediajukebox,"Media Jukebox 8.0.400 Buffer Overflow (SEH)",normal,
exploits,exploits/windows/fileformat/ms12_005,"ms12_005",excellent,CVE-2012-0013
exploits,exploits/windows/fileformat/vlc_mkv,"VLC Media Player MKV Use After Free",great,
exploits,exploits/windows/fileformat/ultraiso_cue,"UltraISO CUE File Parsing Buffer Overflow",great,
exploits,exploits/windows/fileformat/moxa_mediadbplayback,"MOXA MediaDBPlayback ActiveX Control Buffer Overflow",average,
exploits,exploits/windows/fileformat/foxit_title_bof,"Foxit PDF Reader v4.1.1 Title Stack Buffer Overflow",great,
exploits,exploits/windows/fileformat/zinfaudioplayer221_pls,"Zinf Audio Player 2.2.1 (PLS File) Stack Buffer Overflow",good,
exploits,exploits/windows/fileformat/adobe_toolbutton,"Adobe Reader ToolButton Use After Free",normal,
exploits,exploits/windows/fileformat/syncbreeze_xml,"Sync Breeze Enterprise 9.5.16 - Import Command Buffer Overflow",normal,
exploits,exploits/windows/fileformat/ms10_087_rtf_pfragments_bof,"MS10-087 Microsoft Word RTF pFragments Stack Buffer Overflow (File Format)",great,
exploits,exploits/windows/fileformat/wireshark_packet_dect,"Wireshark packet-dect.c Stack Buffer Overflow (local)",good,
exploits,exploits/windows/fileformat/iftp_schedule_bof,"i-FTP Schedule Buffer Overflow",normal,
exploits,exploits/windows/fileformat/ccmplayer_m3u_bof,"CCMPlayer 1.5 m3u Playlist Stack Based Buffer Overflow",good,
exploits,exploits/windows/fileformat/ispvm_xcf_ispxcf,"ispvm_xcf_ispxcf",normal,
exploits,exploits/windows/fileformat/nitro_reader_jsapi,"Nitro Pro PDF Reader 11.0.3.173 Javascript API Remote Code Execution",excellent,
exploits,exploits/windows/fileformat/vlc_webm,"VideoLAN VLC MKV Memory Corruption",good,
exploits,exploits/windows/fileformat/adobe_jbig2decode,"Adobe JBIG2Decode Memory Corruption",good,
exploits,exploits/windows/fileformat/shadow_stream_recorder_bof,"Shadow Stream Recorder 3.0.1.7 Buffer Overflow",normal,
exploits,exploits/windows/fileformat/feeddemon_opml,"FeedDemon Stack Buffer Overflow",great,
exploits,exploits/windows/fileformat/adobe_pdf_embedded_exe_nojs,"Adobe PDF Escape EXE Social Engineering (No JavaScript)",excellent,
exploits,exploits/windows/fileformat/easycdda_pls_bof,"Easy CD-DA Recorder PLS Buffer Overflow",normal,
exploits,exploits/windows/fileformat/theme_dll_hijack_cve_2023_38146,"Themebleed- Windows 11 Themes Arbitrary Code Execution CVE-2023-38146",excellent,CVE-2023-38146
exploits,exploits/windows/fileformat/office_word_hta,"Microsoft Office Word Malicious Hta Execution",excellent,CVE-2017-0199
exploits,exploits/windows/fileformat/mymp3player_m3u,"Steinberg MyMP3Player 3.0 Buffer Overflow",good,
exploits,exploits/windows/fileformat/galan_fileformat_bof,"gAlan 0.2.1 Buffer Overflow",normal,
exploits,exploits/windows/fileformat/magix_musikmaker_16_mmm,"Magix Musik Maker 16 .mmm Stack Buffer Overflow",good,
exploits,exploits/windows/fileformat/greenshot_deserialize_cve_2023_34634,"Greenshot .NET Deserialization Fileformat Exploit",excellent,CVE-2023-34634
exploits,exploits/windows/fileformat/abbs_amp_lst,"ABBS Audio Media Player .LST Buffer Overflow",normal,
exploits,exploits/windows/fileformat/xenorate_xpl_bof,"Xenorate 2.50 (.xpl) Universal Local Buffer Overflow (SEH)",great,
exploits,exploits/windows/fileformat/windows_registration_entries,"Malicious Windows Registration Entries (.reg) File",great,
exploits,exploits/windows/fileformat/cain_abel_4918_rdp,"Cain and Abel RDP Buffer Overflow",good,
exploits,exploits/windows/fileformat/videocharge_studio,"VideoCharge Studio Buffer Overflow (SEH)",normal,
exploits,exploits/windows/fileformat/adobe_utilprintf,"Adobe util.printf() Buffer Overflow",good,
exploits,exploits/windows/fileformat/ms11_006_createsizeddibsection,"MS11-006 Microsoft Windows CreateSizedDIBSECTION Stack Buffer Overflow",great,
exploits,exploits/windows/fileformat/ms14_064_packager_python,"ms14_064_packager_python",excellent,CVE-2014-4114
exploits,exploits/windows/fileformat/bsplayer_m3u,"BS.Player 2.57 Buffer Overflow (Unicode SEH)",normal,
exploits,exploits/windows/fileformat/fatplayer_wav,"Fat Player Media Player 0.6b0 Buffer Overflow",normal,
exploits,exploits/windows/fileformat/ms13_071_theme,"ms13_071_theme",excellent,
exploits,exploits/windows/fileformat/foxit_reader_filewrite,"Foxit PDF Reader 4.2 Javascript File Write",normal,
exploits,exploits/windows/fileformat/ursoft_w32dasm,"URSoft W32Dasm Disassembler Function Buffer Overflow",good,
exploits,exploits/windows/fileformat/adobe_reader_u3d,"Adobe Reader U3D Memory Corruption Vulnerability",average,CVE-2011-2462
exploits,exploits/windows/fileformat/netop,"NetOp Remote Control Client 9.5 Buffer Overflow",normal,
exploits,exploits/windows/fileformat/adobe_flashplayer_newfunction,"Adobe Flash Player 'newfunction' Invalid Pointer Use",normal,CVE-2010-1297
exploits,exploits/windows/fileformat/ms_visual_basic_vbp,"Microsoft Visual Basic VBP Stack Buffer Overflow",good,
exploits,exploits/windows/fileformat/apple_quicktime_texml,"Apple QuickTime TeXML Style Element Stack Buffer Overflow",normal,CVE-2012-0663;CVE-2012-0664
exploits,exploits/windows/fileformat/real_networks_netzip_bof,"Real Networks Netzip Classic 7.5.1 86 File Parsing Buffer Overflow Vulnerability",good,
exploits,exploits/windows/fileformat/real_player_url_property_bof,"RealPlayer RealMedia File Handling Buffer Overflow",normal,
exploits,exploits/windows/fileformat/ultraiso_ccd,"UltraISO CCD File Parsing Buffer Overflow",great,
exploits,exploits/windows/fileformat/mplayer_sami_bof,"MPlayer SAMI Subtitle File Buffer Overflow",normal,
exploits,exploits/windows/fileformat/mjm_coreplayer2011_s3m,"MJM Core Player 2011 .s3m Stack Buffer Overflow",good,
exploits,exploits/windows/fileformat/mplayer_m3u_bof,"MPlayer Lite M3U Buffer Overflow",average,
exploits,exploits/windows/fileformat/vlc_smb_uri,"VideoLAN Client (VLC) Win32 smb:// URI Buffer Overflow",great,
exploits,exploits/windows/fileformat/adobe_collectemailinfo,"Adobe Collab.collectEmailInfo() Buffer Overflow",good,
exploits,exploits/windows/fileformat/somplplayer_m3u,"S.O.M.P.L 1.0 Player Buffer Overflow",great,
exploits,exploits/windows/fileformat/digital_music_pad_pls,"Digital Music Pad Version 8.2.3.3.4 Stack Buffer Overflow",normal,
exploits,exploits/windows/fileformat/microp_mppl,"MicroP 0.1.1.1600 (MPPL File) Stack Buffer Overflow",great,
exploits,exploits/windows/fileformat/windows_script_host_jscript,"Malicious Windows Script Host JScript (.js) File",great,
exploits,exploits/windows/fileformat/mcafee_showreport_exec,"mcafee_showreport_exec",normal,
exploits,exploits/windows/fileformat/adobe_flatedecode_predictor02,"Adobe FlateDecode Stream Predictor 02 Integer Overflow",good,
exploits,exploits/windows/fileformat/adobe_geticon,"Adobe Collab.getIcon() Buffer Overflow",good,
exploits,exploits/windows/fileformat/adobe_illustrator_v14_eps,"Adobe Illustrator CS4 v14.0.0",great,
exploits,exploits/windows/fileformat/millenium_mp3_pls,"Millenium MP3 Studio 2.0 (PLS File) Stack Buffer Overflow",great,
exploits,exploits/windows/fileformat/apple_quicktime_pnsize,"Apple QuickTime PICT PnSize Buffer Overflow",good,CVE-2011-0257
exploits,exploits/windows/fileformat/vlc_realtext,"VLC Media Player RealText Subtitle Overflow",good,
exploits,exploits/windows/fileformat/winrar_cve_2023_38831,"WinRAR CVE-2023-38831 Exploit",excellent,CVE-2023-38831
exploits,exploits/windows/fileformat/mswin_tiff_overflow,"mswin_tiff_overflow",average,CVE-2013-3906
exploits,exploits/windows/fileformat/ovf_format_string,"VMWare OVF Tools Format String Vulnerability",normal,
exploits,exploits/windows/fileformat/unc_url_cve_2025_33053,"CVE-2025-33053 Exploit via Malicious .URL File and WebDAV",normal,CVE-2025-33053
exploits,exploits/windows/fileformat/office_ms17_11882,"Microsoft Office CVE-2017-11882",manual,CVE-2017-11882
exploits,exploits/windows/fileformat/ms15_020_shortcut_icon_dllloader,"Microsoft Windows Shell LNK Code Execution",excellent,CVE-2015-0096
exploits,exploits/windows/fileformat/fdm_torrent,"Free Download Manager Torrent Parsing Buffer Overflow",good,
exploits,exploits/windows/fileformat/adobe_cooltype_sing,"Adobe CoolType SING Table 'uniqueName' Stack Buffer Overflow",great,CVE-2010-2883
exploits,exploits/windows/fileformat/wm_downloader_m3u,"WM Downloader 3.1.2.2 Buffer Overflow",normal,
exploits,exploits/windows/fileformat/varicad_dwb,"VariCAD 2010-2.05 EN (DWB File) Stack Buffer Overflow",great,
exploits,exploits/windows/fileformat/office_excel_slk,"office_excel_slk",manual,
exploits,exploits/windows/fileformat/corelpdf_fusion_bof,"Corel PDF Fusion Stack Buffer Overflow",normal,
exploits,exploits/windows/fileformat/gta_samp,"GTA SA-MP server.cfg Buffer Overflow",normal,
exploits,exploits/windows/fileformat/activepdf_webgrabber,"activePDF WebGrabber ActiveX Control Buffer Overflow",low,
exploits,exploits/windows/fileformat/ezip_wizard_bof,"eZip Wizard 3.0 Stack Buffer Overflow",good,
exploits,exploits/windows/fileformat/mini_stream_pls_bof,"Mini-Stream RM-MP3 Converter v3.1.2.1 PLS File Stack Buffer Overflow",great,
exploits,exploits/windows/fileformat/hhw_hhp_indexfile_bof,"HTML Help Workshop 4.74 (hhp Project File) Buffer Overflow",good,
exploits,exploits/windows/fileformat/ibm_forms_viewer_fontname,"IBM Forms Viewer Unicode Buffer Overflow",normal,
exploits,exploits/windows/fileformat/audio_coder_m3u,"AudioCoder .M3U Buffer Overflow",normal,
exploits,exploits/windows/fileformat/ms14_064_packager_run_as_admin,"ms14_064_packager_run_as_admin",excellent,CVE-2014-6352
exploits,exploits/windows/fileformat/adobe_libtiff,"Adobe Acrobat Bundled LibTIFF Integer Overflow",good,
exploits,exploits/windows/fileformat/winrar_name_spoofing,"WinRAR Filename Spoofing",excellent,
exploits,exploits/windows/fileformat/hhw_hhp_compiledfile_bof,"HTML Help Workshop 4.74 (hhp Project File) Buffer Overflow",good,
exploits,exploits/windows/fileformat/audiotran_pls,"Audiotran 1.4.1 (PLS File) Stack Buffer Overflow",good,
exploits,exploits/windows/fileformat/publishit_pui,"Publish-It PUI Buffer Overflow (SEH)",normal,CVE-2014-0980
exploits,exploits/windows/fileformat/coolpdf_image_stream_bof,"Cool PDF Image Stream Buffer Overflow",normal,
exploits,exploits/windows/fileformat/erdas_er_viewer_bof,"erdas_er_viewer_bof",normal,
exploits,exploits/windows/fileformat/bacnet_csv,"BACnet OPC Client Buffer Overflow",good,
exploits,exploits/windows/fileformat/ms12_027_mscomctl_bof,"MS12-027 MSCOMCTL ActiveX Buffer Overflow",average,
exploits,exploits/windows/fileformat/djstudio_pls_bof,"DJ Studio Pro 5.1 .pls Stack Buffer Overflow",normal,
exploits,exploits/windows/fileformat/audio_wkstn_pls,"Audio Workstation 6.4.2.4.3 pls Buffer Overflow",good,
exploits,exploits/windows/fileformat/cyberlink_lpp_bof,"cyberlink_lpp_bof",normal,
exploits,exploits/windows/fileformat/vlc_modplug_s3m,"VideoLAN VLC ModPlug ReadS3M Stack Buffer Overflow",average,
exploits,exploits/windows/fileformat/vuplayer_m3u,"VUPlayer M3U Buffer Overflow",good,
exploits,exploits/windows/fileformat/actfax_import_users_bof,"ActiveFax (ActFax) 4.3 Client Importer Buffer Overflow",normal,
exploits,exploits/windows/fileformat/mediacoder_m3u,"MediaCoder .M3U Buffer Overflow",normal,
exploits,exploits/windows/fileformat/aol_phobos_bof,"AOL 9.5 Phobos.Playlist Import() Stack-based Buffer Overflow",average,
exploits,exploits/windows/fileformat/cytel_studio_cy3,"Cytel Studio 9.0 (CY3 File) Stack Buffer Overflow",good,
exploits,exploits/windows/fileformat/destinymediaplayer16,"Destiny Media Player 1.61 PLS M3U Buffer Overflow",good,
exploits,exploits/windows/fileformat/ideal_migration_ipj,"PointDev IDEAL Migration Buffer Overflow",great,
exploits,exploits/windows/fileformat/deepburner_path,"AstonSoft DeepBurner (DBR File) Path Buffer Overflow",great,
exploits,exploits/windows/fileformat/visiwave_vwr_type,"VisiWave VWR File Parsing Vulnerability",great,
exploits,exploits/windows/fileformat/foxit_reader_uaf,"Foxit PDF Reader Pointer Overwrite UAF",normal,CVE-2018-9948
exploits,exploits/windows/fileformat/boxoft_wav_to_mp3,"boxoft_wav_to_mp3",normal,
exploits,exploits/windows/fileformat/lattice_pac_bof,"lattice_pac_bof",normal,
exploits,exploits/windows/fileformat/irfanview_jpeg2000_bof,"Irfanview JPEG2000 jp2 Stack Buffer Overflow",normal,
exploits,exploits/windows/fileformat/sascam_get,"SasCam Webcam Server v.2.6.5 Get() Method Buffer Overflow",low,
exploits,exploits/windows/fileformat/xion_m3u_sehbof,"Xion Audio Player 1.0.126 Unicode Stack Buffer Overflow",great,
exploits,exploits/windows/fileformat/aviosoft_plf_buf,"aviosoft_plf_buf",good,
exploits,exploits/windows/fileformat/emc_appextender_keyworks,"EMC ApplicationXtender (KeyWorks) ActiveX Control Buffer Overflow",average,
exploits,exploits/windows/fileformat/office_ole_multiple_dll_hijack,"Office OLE Multiple DLL Side Loading Vulnerabilities",normal,
exploits,exploits/windows/fileformat/ca_cab,"CA Antivirus Engine CAB Buffer Overflow",good,
exploits,exploits/windows/fileformat/total_video_player_ini_bof,"Total Video Player 1.3.1 (Settings.ini) - SEH Buffer Overflow",normal,
exploits,exploits/windows/fileformat/word_msdtjs_rce,"Microsoft Office Word MSDTJS",excellent,CVE-2022-30190
exploits,exploits/windows/fileformat/audiotran_pls_1424,"Audiotran PLS File Stack Buffer Overflow",good,
exploits,exploits/windows/fileformat/homm3_h3m,"Heroes of Might and Magic III .h3m Map file Buffer Overflow",normal,
exploits,exploits/windows/fileformat/esignal_styletemplate_bof,"eSignal and eSignal Pro File Parsing Buffer Overflow in QUO",normal,
exploits,exploits/windows/fileformat/blazedvd_hdtv_bof,"blazedvd_hdtv_bof",normal,
exploits,exploits/windows/fileformat/etrust_pestscan,"CA eTrust PestPatrol ActiveX Control Buffer Overflow",average,
exploits,exploits/windows/fileformat/wireshark_mpeg_overflow,"Wireshark wiretap/mpeg.c Stack Buffer Overflow",good,
exploits,exploits/windows/fileformat/cyberlink_p2g_bof,"CyberLink Power2Go name Attribute (p2g) Stack Buffer Overflow Exploit",great,
exploits,exploits/windows/fileformat/csound_getnum_bof,"Csound hetro File Handling Stack Buffer Overflow",normal,
exploits,exploits/windows/fileformat/xradio_xrl_sehbof,"xRadio 0.95b Buffer Overflow",normal,
exploits,exploits/windows/mssql/ms09_004_sp_replwritetovarbin_sqli,"MS09-004 Microsoft SQL Server sp_replwritetovarbin Memory Corruption via SQL Injection",excellent,
exploits,exploits/windows/mssql/mssql_clr_payload,"Microsoft SQL Server Clr Stored Procedure Payload Execution",excellent,
exploits,exploits/windows/mssql/ms09_004_sp_replwritetovarbin,"MS09-004 Microsoft SQL Server sp_replwritetovarbin Memory Corruption",good,
exploits,exploits/windows/mssql/ms02_056_hello,"MS02-056 Microsoft SQL Server Hello Overflow",good,
exploits,exploits/windows/mssql/lyris_listmanager_weak_pass,"Lyris ListManager MSDE Weak sa Password",excellent,
exploits,exploits/windows/mssql/ms02_039_slammer,"MS02-039 Microsoft SQL Server Resolution Overflow",good,
exploits,exploits/windows/mssql/mssql_payload_sqli,"Microsoft SQL Server Payload Execution via SQL Injection",excellent,
exploits,exploits/windows/mssql/mssql_linkcrawler,"Microsoft SQL Server Database Link Crawling Command Execution",great,
exploits,exploits/windows/mssql/mssql_payload,"Microsoft SQL Server Payload Execution",excellent,
exploits,exploits/windows/antivirus/symantec_workspace_streaming_exec,"Symantec Workspace Streaming ManagementAgentServer.putFile XMLRPC Request Arbitrary File Upload",excellent,
exploits,exploits/windows/antivirus/trendmicro_serverprotect_createbinding,"Trend Micro ServerProtect 5.58 CreateBinding() Buffer Overflow",good,
exploits,exploits/windows/antivirus/ams_hndlrsvc,"Symantec System Center Alert Management System (hndlrsvc.exe) Arbitrary Command Execution",excellent,
exploits,exploits/windows/antivirus/trendmicro_serverprotect,"Trend Micro ServerProtect 5.58 Buffer Overflow",good,
exploits,exploits/windows/antivirus/symantec_rtvscan,"Symantec Remote Management Buffer Overflow",good,
exploits,exploits/windows/antivirus/symantec_endpoint_manager_rce,"Symantec Endpoint Protection Manager /servlet/ConsoleServlet Remote Command Execution",excellent,
exploits,exploits/windows/antivirus/trendmicro_serverprotect_earthagent,"Trend Micro ServerProtect 5.58 EarthAgent.EXE Buffer Overflow",good,
exploits,exploits/windows/antivirus/symantec_iao,"Symantec Alert Management System Intel Alert Originator Service Buffer Overflow",good,
exploits,exploits/windows/antivirus/ams_xfr,"Symantec System Center Alert Management System (xfr.exe) Arbitrary Command Execution",excellent,
exploits,exploits/windows/imap/eudora_list,"Qualcomm WorldMail 3.0 IMAPD LIST Buffer Overflow",great,
exploits,exploits/windows/imap/mailenable_login,"MailEnable IMAPD (2.34/2.35) Login Request Buffer Overflow",great,
exploits,exploits/windows/imap/mdaemon_cram_md5,"Mdaemon 8.0.3 IMAPD CRAM-MD5 Authentication Overflow",great,
exploits,exploits/windows/imap/mailenable_w3c_select,"MailEnable IMAPD W3C Logging Buffer Overflow",great,
exploits,exploits/windows/imap/novell_netmail_append,"Novell NetMail IMAP APPEND Buffer Overflow",average,
exploits,exploits/windows/imap/novell_netmail_status,"Novell NetMail IMAP STATUS Buffer Overflow",average,
exploits,exploits/windows/imap/mercury_login,"Mercury/32 4.01 IMAP LOGIN SEH Buffer Overflow",normal,
exploits,exploits/windows/imap/ipswitch_search,"Ipswitch IMail IMAP SEARCH Buffer Overflow",average,
exploits,exploits/windows/imap/mailenable_status,"MailEnable IMAPD (1.54) STATUS Request Buffer Overflow",great,
exploits,exploits/windows/imap/mercury_rename,"Mercury/32 v4.01a IMAP RENAME Buffer Overflow",average,
exploits,exploits/windows/imap/imail_delete,"IMail IMAP4D Delete Overflow",average,
exploits,exploits/windows/imap/mercur_imap_select_overflow,"Mercur v5.0 IMAP SP3 SELECT Buffer Overflow",average,
exploits,exploits/windows/imap/novell_netmail_subscribe,"Novell NetMail IMAP SUBSCRIBE Buffer Overflow",average,
exploits,exploits/windows/imap/mdaemon_fetch,"MDaemon 9.6.4 IMAPD FETCH Buffer Overflow",great,
exploits,exploits/windows/imap/novell_netmail_auth,"Novell NetMail IMAP AUTHENTICATE Buffer Overflow",average,
exploits,exploits/windows/imap/mercur_login,"Mercur Messaging 2005 IMAP Login Buffer Overflow",average,
exploits,exploits/windows/novell/file_reporter_fsfui_upload,"NFR Agent FSFUI Record File Upload RCE",great,CVE-2012-4959
exploits,exploits/windows/novell/zenworks_preboot_op21_bof,"Novell ZENworks Configuration Management Preboot Service 0x21 Buffer Overflow",normal,
exploits,exploits/windows/novell/groupwisemessenger_client,"Novell GroupWise Messenger Client Buffer Overflow",normal,
exploits,exploits/windows/novell/zenworks_preboot_op6c_bof,"Novell ZENworks Configuration Management Preboot Service 0x6c Buffer Overflow",normal,
exploits,exploits/windows/novell/nmap_stor,"Novell NetMail NMAP STOR Buffer Overflow",average,
exploits,exploits/windows/novell/netiq_pum_eval,"NetIQ Privileged User Manager 2.3.1 ldapagnt_eval() Remote Perl Code Execution",excellent,
exploits,exploits/windows/novell/zenworks_preboot_op4c_bof,"Novell ZENworks Configuration Management Preboot Service 0x4c Buffer Overflow",normal,
exploits,exploits/windows/novell/zenworks_desktop_agent,"Novell ZENworks 6.5 Desktop/Server Management Overflow",good,
exploits,exploits/windows/novell/zenworks_preboot_op6_bof,"Novell ZENworks Configuration Management Preboot Service 0x06 Buffer Overflow",normal,
exploits,exploits/windows/backdoor/energizer_duo_payload,"Energizer DUO USB Battery Charger Arucer.dll Trojan Code Execution",excellent,
exploits,exploits/windows/brightstor/license_gcr,"CA BrightStor ARCserve License Service GCR NETWORK Buffer Overflow",average,
exploits,exploits/windows/brightstor/universal_agent,"CA BrightStor Universal Agent Overflow",average,
exploits,exploits/windows/brightstor/tape_engine,"CA BrightStor ARCserve Tape Engine Buffer Overflow",average,
exploits,exploits/windows/brightstor/lgserver_rxsuselicenseini,"CA BrightStor ARCserve for Laptops and Desktops LGServer Buffer Overflow",average,
exploits,exploits/windows/brightstor/ca_arcserve_342,"Computer Associates ARCserve REPORTREMOTEEXECUTECML Buffer Overflow",average,
exploits,exploits/windows/brightstor/message_engine,"CA BrightStor ARCserve Message Engine Buffer Overflow",average,
exploits,exploits/windows/brightstor/lgserver_rxrlogin,"CA BrightStor ARCserve for Laptops and Desktops LGServer Buffer Overflow",average,
exploits,exploits/windows/brightstor/tape_engine_0x8a,"CA BrightStor ARCserve Tape Engine 0x8A Buffer Overflow",average,
exploits,exploits/windows/brightstor/sql_agent,"CA BrightStor Agent for Microsoft SQL Overflow",average,
exploits,exploits/windows/brightstor/discovery_udp,"CA BrightStor Discovery Service Stack Buffer Overflow",average,
exploits,exploits/windows/brightstor/message_engine_72,"CA BrightStor ARCserve Message Engine 0x72 Buffer Overflow",average,
exploits,exploits/windows/brightstor/etrust_itm_alert,"Computer Associates Alert Notification Buffer Overflow",average,
exploits,exploits/windows/brightstor/message_engine_heap,"CA BrightStor ARCserve Message Engine Heap Overflow",average,
exploits,exploits/windows/brightstor/lgserver_multi,"CA BrightStor ARCserve for Laptops and Desktops LGServer Multiple Commands Buffer Overflow",average,
exploits,exploits/windows/brightstor/hsmserver,"CA BrightStor HSM Buffer Overflow",great,
exploits,exploits/windows/brightstor/discovery_tcp,"CA BrightStor Discovery Service TCP Overflow",average,
exploits,exploits/windows/brightstor/mediasrv_sunrpc,"CA BrightStor ArcServe Media Service Stack Buffer Overflow",average,
exploits,exploits/windows/brightstor/lgserver_rxssetdatagrowthscheduleandfilter,"CA BrightStor ARCserve for Laptops and Desktops LGServer rxsSetDataGrowthScheduleAndFilter Buffer Overflow",average,
exploits,exploits/windows/brightstor/lgserver,"CA BrightStor ARCserve for Laptops and Desktops LGServer Buffer Overflow",average,
exploits,exploits/windows/oracle/client_system_analyzer_upload,"Oracle Database Client System Analyzer Arbitrary File Upload",excellent,
exploits,exploits/windows/oracle/extjob,"Oracle Job Scheduler Named Pipe Command Execution",excellent,
exploits,exploits/windows/oracle/osb_ndmp_auth,"Oracle Secure Backup NDMP_CONNECT_CLIENT_AUTH Buffer Overflow",good,
exploits,exploits/windows/oracle/tns_auth_sesskey,"Oracle 10gR2 TNS Listener AUTH_SESSKEY Buffer Overflow",great,
exploits,exploits/windows/oracle/tns_service_name,"Oracle 8i TNS Listener SERVICE_NAME Buffer Overflow",good,
exploits,exploits/windows/oracle/tns_arguments,"Oracle 8i TNS Listener (ARGUMENTS) Buffer Overflow",good,
exploits,exploits/windows/iis/ms01_026_dbldecode,"MS01-026 Microsoft IIS/PWS CGI Filename Double Decode Command Execution",excellent,
exploits,exploits/windows/iis/ms02_018_htr,"MS02-018 Microsoft IIS 4.0 .HTR Path Overflow",good,
exploits,exploits/windows/iis/ms01_033_idq,"MS01-033 Microsoft IIS 5.0 IDQ Path Overflow",good,
exploits,exploits/windows/iis/ms01_023_printer,"MS01-023 Microsoft IIS 5.0 Printer Host Header Overflow",good,
exploits,exploits/windows/iis/iis_webdav_scstoragepathfromurl,"Microsoft IIS WebDav ScStoragePathFromUrl Overflow",manual,CVE-2017-7269
exploits,exploits/windows/iis/msadc,"MS99-025 Microsoft IIS MDAC msadcs.dll RDS Arbitrary Remote Command Execution",excellent,
exploits,exploits/windows/iis/iis_webdav_upload_asp,"Microsoft IIS WebDAV Write Access Code Execution",excellent,
exploits,exploits/windows/iis/ms02_065_msadc,"MS02-065 Microsoft IIS MDAC msadcs.dll RDS DataStub Content-Type Overflow",normal,
exploits,exploits/windows/iis/ms03_007_ntdll_webdav,"MS03-007 Microsoft IIS 5.0 WebDAV ntdll.dll Path Overflow",great,
exploits,exploits/windows/browser/windvd7_applicationtype,"WinDVD7 IASystemInfo.DLL ActiveX Control Buffer Overflow",normal,
exploits,exploits/windows/browser/wmi_admintools,"Microsoft WMI Administration Tools ActiveX Buffer Overflow",great,
exploits,exploits/windows/browser/symantec_backupexec_pvcalendar,"Symantec BackupExec Calendar Control Buffer Overflow",normal,
exploits,exploits/windows/browser/vlc_mms_bof,"vlc_mms_bof",normal,
exploits,exploits/windows/browser/realplayer_cdda_uri,"RealNetworks RealPlayer CDDA URI Initialization Vulnerability",normal,
exploits,exploits/windows/browser/realplayer_console,"RealPlayer rmoc3260.dll ActiveX Control Heap Corruption",normal,
exploits,exploits/windows/browser/ms11_093_ole32,"ms11_093_ole32",normal,CVE-2011-3400
exploits,exploits/windows/browser/adobe_flashplayer_avm,"Adobe Flash Player AVM Bytecode Verification Vulnerability",good,CVE-2011-0609
exploits,exploits/windows/browser/ms14_012_textrange,"ms14_012_textrange",normal,
exploits,exploits/windows/browser/adobe_flash_pcre,"adobe_flash_pcre",normal,CVE-2015-0318
exploits,exploits/windows/browser/ms08_041_snapshotviewer,"Snapshot Viewer for Microsoft Access ActiveX Control Arbitrary File Download",excellent,
exploits,exploits/windows/browser/winamp_playlist_unc,"Winamp Playlist UNC Path Computer Name Overflow",great,
exploits,exploits/windows/browser/adobe_flashplayer_arrayindexing,"Adobe Flash Player AVM Verification Logic Array Indexing Code Execution",great,CVE-2011-2110
exploits,exploits/windows/browser/gom_openurl,"GOM Player ActiveX Control Buffer Overflow",normal,
exploits,exploits/windows/browser/real_arcade_installerdlg,"Real Networks Arcade Games StubbyUtil.ProcessMgr ActiveX Arbitrary Code Execution",normal,
exploits,exploits/windows/browser/symantec_altirisdeployment_downloadandinstall,"Symantec Altiris Deployment Solution ActiveX Control Arbitrary File Download and Execute",excellent,
exploits,exploits/windows/browser/adobe_media_newplayer,"Adobe Doc.media.newPlayer Use After Free Vulnerability",good,
exploits,exploits/windows/browser/novelliprint_target_frame,"Novell iPrint Client ActiveX Control target-frame Buffer Overflow",great,
exploits,exploits/windows/browser/aventail_epi_activex,"SonicWALL Aventail epi.dll AuthCredential Format String",normal,
exploits,exploits/windows/browser/webdav_dll_hijacker,"WebDAV Application DLL Hijacker",manual,
exploits,exploits/windows/browser/adobe_flash_casi32_int_overflow,"Adobe Flash Player casi32 Integer Overflow",great,CVE-2014-0569
exploits,exploits/windows/browser/zenturiprogramchecker_unsafe,"Zenturi ProgramChecker ActiveX Control Arbitrary File Download",excellent,
exploits,exploits/windows/browser/ie_iscomponentinstalled,"Microsoft Internet Explorer isComponentInstalled Overflow",normal,
exploits,exploits/windows/browser/ea_checkrequirements,"Electronic Arts SnoopyCtrl ActiveX Control Buffer Overflow",normal,
exploits,exploits/windows/browser/ms05_054_onload,"MS05-054 Microsoft Internet Explorer JavaScript OnLoad Handler Remote Code Execution",normal,
exploits,exploits/windows/browser/apple_quicktime_smil_debug,"Apple QuickTime 7.6.6 Invalid SMIL URI Buffer Overflow",good,
exploits,exploits/windows/browser/tom_sawyer_tsgetx71ex552,"tom_sawyer_tsgetx71ex552",normal,
exploits,exploits/windows/browser/apple_quicktime_rdrf,"apple_quicktime_rdrf",normal,
exploits,exploits/windows/browser/ms10_002_aurora,"MS10-002 Microsoft Internet Explorer 'Aurora' Memory Corruption",normal,
exploits,exploits/windows/browser/ms13_009_ie_slayoutrun_uaf,"ms13_009_ie_slayoutrun_uaf",average,
exploits,exploits/windows/browser/tumbleweed_filetransfer,"Tumbleweed FileTransfer vcst_eu.dll ActiveX Control Buffer Overflow",great,
exploits,exploits/windows/browser/trendmicro_officescan,"Trend Micro OfficeScan Client ActiveX Control Buffer Overflow",normal,
exploits,exploits/windows/browser/java_ws_vmargs,"Sun Java Web Start Plugin Command Line Argument Injection",excellent,
exploits,exploits/windows/browser/yahoomessenger_server,"Yahoo! Messenger 8.1.0.249 ActiveX Control Buffer Overflow",good,
exploits,exploits/windows/browser/macrovision_downloadandexecute,"Macrovision InstallShield Update Service Buffer Overflow",normal,
exploits,exploits/windows/browser/realplayer_qcp,"realplayer_qcp",average,
exploits,exploits/windows/browser/siemens_solid_edge_selistctrlx,"siemens_solid_edge_selistctrlx",normal,
exploits,exploits/windows/browser/ms06_057_webview_setslice,"MS06-057 Microsoft Internet Explorer WebViewFolderIcon setSlice() Overflow",normal,
exploits,exploits/windows/browser/enjoysapgui_preparetoposthtml,"EnjoySAP SAP GUI ActiveX Control Buffer Overflow",normal,
exploits,exploits/windows/browser/aladdin_choosefilepath_bof,"aladdin_choosefilepath_bof",normal,
exploits,exploits/windows/browser/ms06_055_vml_method,"MS06-055 Microsoft Internet Explorer VML Fill Method Code Execution",normal,
exploits,exploits/windows/browser/apple_quicktime_rtsp,"Apple QuickTime 7.1.3 RTSP URI Buffer Overflow",normal,
exploits,exploits/windows/browser/adobe_flash_uncompress_zlib_uninitialized,"Adobe Flash Player UncompressViaZlibVariant Uninitialized Memory",good,CVE-2014-8440
exploits,exploits/windows/browser/keyhelp_launchtripane_exec,"KeyHelp ActiveX LaunchTriPane Remote Code Execution Vulnerability",excellent,CVE-2012-2516
exploits,exploits/windows/browser/zenworks_helplauncher_exec,"AdminStudio LaunchHelp.dll ActiveX Arbitrary Code Execution",normal,
exploits,exploits/windows/browser/intrust_annotatex_add,"Quest InTrust Annotation Objects Uninitialized Pointer",average,
exploits,exploits/windows/browser/cisco_anyconnect_exec,"Cisco AnyConnect VPN Client ActiveX URL Property Download and Execute",excellent,
exploits,exploits/windows/browser/mozilla_nssvgvalue,"Firefox nsSVGValue Out-of-Bounds Access Vulnerability",average,
exploits,exploits/windows/browser/hp_loadrunner_addfile,"Persits XUpload ActiveX AddFile Buffer Overflow",normal,
exploits,exploits/windows/browser/hpmqc_progcolor,"HP Mercury Quality Center ActiveX Control ProgColor Buffer Overflow",normal,
exploits,exploits/windows/browser/wellintech_kingscada_kxclientdownload,"KingScada kxClientDownload.ocx ActiveX Remote Code Execution",good,
exploits,exploits/windows/browser/advantech_webaccess_dvs_getcolor,"Advantech WebAccess dvs.ocx GetColor Buffer Overflow",normal,
exploits,exploits/windows/browser/novell_groupwise_gwcls1_actvx,"novell_groupwise_gwcls1_actvx",normal,
exploits,exploits/windows/browser/ms13_059_cflatmarkuppointer,"ms13_059_cflatmarkuppointer",normal,
exploits,exploits/windows/browser/ms08_053_mediaencoder,"Windows Media Encoder 9 wmex.dll ActiveX Buffer Overflow",normal,
exploits,exploits/windows/browser/apple_itunes_playlist,"Apple ITunes 4.7 Playlist Buffer Overflow",normal,
exploits,exploits/windows/browser/novelliprint_executerequest,"Novell iPrint Client ActiveX Control ExecuteRequest Buffer Overflow",normal,
exploits,exploits/windows/browser/oracle_webcenter_checkoutandopen,"oracle_webcenter_checkoutandopen",excellent,
exploits,exploits/windows/browser/nis2004_antispam,"Norton AntiSpam 2004 SymSpamHelper ActiveX Control Buffer Overflow",normal,
exploits,exploits/windows/browser/ms10_046_shortcut_icon_dllloader,"Microsoft Windows Shell LNK Code Execution",excellent,
exploits,exploits/windows/browser/java_codebase_trust,"Sun Java Applet2ClassLoader Remote Code Execution",excellent,CVE-2010-4452
exploits,exploits/windows/browser/cisco_webex_ext,"cisco_webex_ext",great,CVE-2017-3823
exploits,exploits/windows/browser/mcafee_mvt_exec,"mcafee_mvt_exec",excellent,
exploits,exploits/windows/browser/ie_unsafe_scripting,"Microsoft Internet Explorer Unsafe Scripting Misconfiguration",manual,
exploits,exploits/windows/browser/asus_net4switch_ipswcom,"asus_net4switch_ipswcom",normal,
exploits,exploits/windows/browser/ms13_037_svg_dashstyle,"ms13_037_svg_dashstyle",normal,
exploits,exploits/windows/browser/symantec_appstream_unsafe,"Symantec AppStream LaunchObj ActiveX Control Arbitrary File Download and Execute",excellent,
exploits,exploits/windows/browser/orbit_connecting,"Orbit Downloader Connecting Log Creation Buffer Overflow",normal,
exploits,exploits/windows/browser/adobe_flash_otf_font,"adobe_flash_otf_font",normal,CVE-2012-1535
exploits,exploits/windows/browser/java_mixer_sequencer,"java_mixer_sequencer",great,CVE-2010-0842
exploits,exploits/windows/browser/baofeng_storm_onbeforevideodownload,"BaoFeng Storm mps.dll ActiveX OnBeforeVideoDownload Buffer Overflow",normal,
exploits,exploits/windows/browser/clear_quest_cqole,"clear_quest_cqole",normal,
exploits,exploits/windows/browser/barcode_ax49,"RKD Software BarCodeAx.dll v4.9 ActiveX Remote Stack Buffer Overflow",normal,
exploits,exploits/windows/browser/mozilla_reduceright,"Mozilla Firefox Array.reduceRight() Integer Overflow",normal,
exploits,exploits/windows/browser/ms11_003_ie_css_import,"MS11-003 Microsoft Internet Explorer CSS Recursive Import Use After Free",good,
exploits,exploits/windows/browser/indusoft_issymbol_internationalseparator,"indusoft_issymbol_internationalseparator",normal,
exploits,exploits/windows/browser/ibmlotusdomino_dwa_uploadmodule,"IBM Lotus Domino Web Access Upload Module Buffer Overflow",normal,
exploits,exploits/windows/browser/ms13_055_canchor,"ms13_055_canchor",normal,
exploits,exploits/windows/browser/ibmegath_getxmlvalue,"IBM Access Support ActiveX Control Buffer Overflow",normal,
exploits,exploits/windows/browser/c6_messenger_downloaderactivex,"Icona SpA C6 Messenger DownloaderActiveX Control Arbitrary File Download and Execute",excellent,
exploits,exploits/windows/browser/imgeviewer_tifmergemultifiles,"Viscom Image Viewer CP Pro 8.0/Gold 6.0 ActiveX Control",normal,
exploits,exploits/windows/browser/mswhale_checkforupdates,"Microsoft Whale Intelligent Application Gateway ActiveX Control Buffer Overflow",normal,
exploits,exploits/windows/browser/chilkat_crypt_writefile,"Chilkat Crypt ActiveX WriteFile Unsafe Method",excellent,
exploits,exploits/windows/browser/apple_quicktime_mime_type,"Apple QuickTime 7.7.2 MIME Type Buffer Overflow",normal,
exploits,exploits/windows/browser/adobe_flash_rtmp,"adobe_flash_rtmp",normal,CVE-2012-0779
exploits,exploits/windows/browser/ultraoffice_httpupload,"Ultra Shareware Office Control ActiveX HttpUpload Buffer Overflow",good,
exploits,exploits/windows/browser/ebook_flipviewer_fviewerloading,"FlipViewer FViewerLoading ActiveX Control Buffer Overflow",normal,
exploits,exploits/windows/browser/persits_xupload_traversal,"Persits XUpload ActiveX MakeHttpRequest Directory Traversal",excellent,
exploits,exploits/windows/browser/adobe_toolbutton,"adobe_toolbutton",normal,
exploits,exploits/windows/browser/ms13_080_cdisplaypointer,"ms13_080_cdisplaypointer",normal,CVE-2013-3893
exploits,exploits/windows/browser/samsung_security_manager_put,"samsung_security_manager_put",excellent,
exploits,exploits/windows/browser/communicrypt_mail_activex,"CommuniCrypt Mail 1.16 SMTP ActiveX Stack Buffer Overflow",great,
exploits,exploits/windows/browser/honeywell_tema_exec,"honeywell_tema_exec",excellent,
exploits,exploits/windows/browser/ms10_002_ie_object,"ms10_002_ie_object",normal,
exploits,exploits/windows/browser/mozilla_mchannel,"Mozilla Firefox 3.6.16 mChannel Use-After-Free Vulnerability",normal,
exploits,exploits/windows/browser/java_ws_double_quote,"Sun Java Web Start Double Quote Injection",excellent,CVE-2012-0500
exploits,exploits/windows/browser/mozilla_interleaved_write,"Mozilla Firefox Interleaved document.write/appendChild Memory Corruption",normal,
exploits,exploits/windows/browser/adobe_flash_mp4_cprt,"adobe_flash_mp4_cprt",normal,CVE-2012-0754
exploits,exploits/windows/browser/ms10_026_avi_nsamplespersec,"MS10-026 Microsoft MPEG Layer-3 Audio Stack Based Overflow",normal,CVE-2010-0480
exploits,exploits/windows/browser/realplayer_import,"RealPlayer ierpplug.dll ActiveX Control Playlist Name Buffer Overflow",normal,
exploits,exploits/windows/browser/ms08_070_visual_studio_msmask,"Microsoft Visual Studio Mdmask32.ocx ActiveX Stack Buffer Overflow",normal,
exploits,exploits/windows/browser/webex_ucf_newobject,"WebEx UCF atucfobj.dll ActiveX NewObject Method Buffer Overflow",good,
exploits,exploits/windows/browser/adobe_jbig2decode,"Adobe JBIG2Decode Heap Corruption",good,
exploits,exploits/windows/browser/sonicwall_addrouteentry,"SonicWall SSL-VPN NetExtender ActiveX Control Buffer Overflow",normal,
exploits,exploits/windows/browser/ie_cbutton_uaf,"ie_cbutton_uaf",normal,CVE-2012-4792
exploits,exploits/windows/browser/novelliprint_executerequest_dbg,"Novell iPrint Client ActiveX Control ExecuteRequest debug Buffer Overflow",normal,CVE-2010-3106
exploits,exploits/windows/browser/creative_software_cachefolder,"Creative Software AutoUpdate Engine ActiveX Control Buffer Overflow",normal,
exploits,exploits/windows/browser/blackice_downloadimagefileurl,"Black Ice Cover Page ActiveX Control Arbitrary File Download",excellent,
exploits,exploits/windows/browser/adobe_flash_worker_byte_array_uaf,"Adobe Flash Player ByteArray With Workers Use After Free",great,CVE-2015-0313
exploits,exploits/windows/browser/nis2004_get,"Symantec Norton Internet Security 2004 ActiveX Control Buffer Overflow",normal,
exploits,exploits/windows/browser/sapgui_saveviewtosessionfile,"SAP AG SAPgui EAI WebViewer3D Buffer Overflow",normal,
exploits,exploits/windows/browser/vlc_amv,"vlc_amv",good,CVE-2010-3275
exploits,exploits/windows/browser/cisco_playerpt_setsource_surl,"Cisco Linksys PlayerPT ActiveX Control SetSource sURL Argument Buffer Overflow",normal,
exploits,exploits/windows/browser/oracle_autovue_setmarkupmode,"Oracle AutoVue ActiveX Control SetMarkupMode Buffer Overflow",normal,CVE-2012-0549
exploits,exploits/windows/browser/x360_video_player_set_text_bof,"x360_video_player_set_text_bof",normal,
exploits,exploits/windows/browser/mozilla_nstreerange,"Mozilla Firefox 'nsTreeRange' Dangling Pointer Vulnerability",normal,
exploits,exploits/windows/browser/pcvue_func,"pcvue_func",average,
exploits,exploits/windows/browser/hyleos_chemviewx_activex,"Hyleos ChemView ActiveX Control Stack Buffer Overflow",good,
exploits,exploits/windows/browser/novelliprint_callbackurl,"Novell iPrint Client ActiveX Control call-back-url Buffer Overflow",normal,CVE-2010-1527
exploits,exploits/windows/browser/adobe_utilprintf,"Adobe util.printf() Buffer Overflow",good,
exploits,exploits/windows/browser/ms12_037_ie_colspan,"MS12-037 Microsoft Internet Explorer Fixed Table Col Span Heap Overflow",normal,
exploits,exploits/windows/browser/ms10_018_ie_tabular_activex,"MS10-018 Microsoft Internet Explorer Tabular Data Control ActiveX Memory Corruption",good,
exploits,exploits/windows/browser/hp_alm_xgo_setshapenodetype_exec,"hp_alm_xgo_setshapenodetype_exec",normal,
exploits,exploits/windows/browser/java_cmm,"Java CMM Remote Code Execution",normal,CVE-2013-1493
exploits,exploits/windows/browser/winamp_ultravox,"Winamp Ultravox Streaming Metadata (in_mp3.dll) Buffer Overflow",normal,
exploits,exploits/windows/browser/ms13_090_cardspacesigninhelper,"ms13_090_cardspacesigninhelper",normal,
exploits,exploits/windows/browser/ms07_017_ani_loadimage_chunksize,"Windows ANI LoadAniIcon() Chunk Size Stack Buffer Overflow (HTTP)",great,
exploits,exploits/windows/browser/inotes_dwa85w_bof,"inotes_dwa85w_bof",normal,
exploits,exploits/windows/browser/adobe_flashplayer_newfunction,"Adobe Flash Player 'newfunction' Invalid Pointer Use",normal,CVE-2010-1297
exploits,exploits/windows/browser/hp_loadrunner_writefilebinary,"hp_loadrunner_writefilebinary",normal,
exploits,exploits/windows/browser/trendmicro_extsetowner,"Trend Micro Internet Security Pro 2010 ActiveX extSetOwner() Remote Code Execution",normal,CVE-2010-3189
exploits,exploits/windows/browser/firefox_smil_uaf,"firefox_smil_uaf",normal,
exploits,exploits/windows/browser/winzip_fileview,"WinZip FileView (WZFILEVIEW.FileViewCtrl.61) ActiveX Buffer Overflow",normal,
exploits,exploits/windows/browser/mozilla_firefox_onreadystatechange,"Firefox onreadystatechange Event DocumentViewerImpl Use After Free",normal,
exploits,exploits/windows/browser/dell_webcam_crazytalk,"dell_webcam_crazytalk",normal,
exploits,exploits/windows/browser/notes_handler_cmdinject,"notes_handler_cmdinject",excellent,
exploits,exploits/windows/browser/synactis_connecttosynactis_bof,"synactis_connecttosynactis_bof",normal,
exploits,exploits/windows/browser/ms09_043_owc_htmlurl,"Microsoft OWC Spreadsheet HTMLURL Buffer Overflow",normal,
exploits,exploits/windows/browser/kazaa_altnet_heap,"Kazaa Altnet Download Manager ActiveX Control Buffer Overflow",normal,
exploits,exploits/windows/browser/hp_easy_printer_care_xmlsimpleaccessor,"HP Easy Printer Care XMLSimpleAccessor Class ActiveX Control Remote Code Execution",great,
exploits,exploits/windows/browser/viscom_movieplayer_drawtext,"Viscom Software Movie Player Pro SDK ActiveX 6.8",normal,
exploits,exploits/windows/browser/ca_brightstor_addcolumn,"CA BrightStor ARCserve Backup AddColumn() ActiveX Buffer Overflow",normal,
exploits,exploits/windows/browser/ms03_020_ie_objecttype,"MS03-020 Microsoft Internet Explorer Object Type",normal,
exploits,exploits/windows/browser/symantec_altirisdeployment_runcmd,"Symantec Altiris Deployment Solution ActiveX Control Buffer Overflow",normal,
exploits,exploits/windows/browser/ms14_012_cmarkup_uaf,"ms14_012_cmarkup_uaf",normal,CVE-2014-0322
exploits,exploits/windows/browser/novelliprint_getdriversettings,"Novell iPrint Client ActiveX Control Buffer Overflow",normal,
exploits,exploits/windows/browser/yahoomessenger_fvcom,"Yahoo! Messenger YVerInfo.dll ActiveX Control Buffer Overflow",normal,
exploits,exploits/windows/browser/softartisans_getdrivename,"SoftArtisans XFile FileManager ActiveX Control Buffer Overflow",normal,
exploits,exploits/windows/browser/adobe_flatedecode_predictor02,"Adobe FlateDecode Stream Predictor 02 Integer Overflow",good,
exploits,exploits/windows/browser/ms09_002_memory_corruption,"MS09-002 Microsoft Internet Explorer 7 CFunctionPointer Uninitialized Memory Corruption",normal,
exploits,exploits/windows/browser/adobe_geticon,"Adobe Collab.getIcon() Buffer Overflow",good,
exploits,exploits/windows/browser/hp_loadrunner_writefilestring,"hp_loadrunner_writefilestring",normal,
exploits,exploits/windows/browser/ie_setmousecapture_uaf,"ie_setmousecapture_uaf",normal,CVE-2013-3893
exploits,exploits/windows/browser/dxstudio_player_exec,"Worldweaver DX Studio Player shell.execute() Command Execution",excellent,
exploits,exploits/windows/browser/awingsoft_web3d_bof,"AwingSoft Winds3D Player SceneURL Buffer Overflow",average,
exploits,exploits/windows/browser/apple_quicktime_marshaled_punk,"Apple QuickTime 7.6.7 _Marshaled_pUnk Code Execution",great,
exploits,exploits/windows/browser/greendam_url,"Green Dam URL Processing Buffer Overflow",normal,
exploits,exploits/windows/browser/facebook_extractiptc,"Facebook Photo Uploader 4 ActiveX Control Buffer Overflow",normal,
exploits,exploits/windows/browser/ms10_018_ie_behaviors,"MS10-018 Microsoft Internet Explorer DHTML Behaviors Use After Free",good,CVE-2010-0806
exploits,exploits/windows/browser/aim_goaway,"AOL Instant Messenger goaway Overflow",great,
exploits,exploits/windows/browser/ntr_activex_stopmodule,"NTR ActiveX Control StopModule() Remote Code Execution",normal,
exploits,exploits/windows/browser/xmplay_asx,"XMPlay 3.3.0.4 (ASX Filename) Buffer Overflow",good,
exploits,exploits/windows/browser/ms10_022_ie_vbscript_winhlp32,"MS10-022 Microsoft Internet Explorer Winhlp32.exe MsgBox Code Execution",great,
exploits,exploits/windows/browser/getgodm_http_response_bof,"GetGo Download Manager HTTP Response Buffer Overflow",normal,
exploits,exploits/windows/browser/teechart_pro,"TeeChart Professional ActiveX Control Trusted Integer Dereference",normal,
exploits,exploits/windows/browser/malwarebytes_update_exec,"Malwarebytes Anti-Malware and Anti-Exploit Update Remote Code Execution",good,CVE-2014-4936
exploits,exploits/windows/browser/ibm_tivoli_pme_activex_bof,"ibm_tivoli_pme_activex_bof",normal,
exploits,exploits/windows/browser/verypdf_pdfview,"VeryPDF PDFView OCX ActiveX OpenPDF Heap Overflow",normal,
exploits,exploits/windows/browser/hp_easy_printer_care_xmlcachemgr,"HP Easy Printer Care XMLCacheMgr Class ActiveX Control Remote Code Execution",great,
exploits,exploits/windows/browser/chrome_filereader_uaf,"Chrome 72.0.3626.119 FileReader UaF exploit for Windows 7 x86",manual,CVE-2019-5786
exploits,exploits/windows/browser/adobe_flash_domain_memory_uaf,"Adobe Flash Player domainMemory ByteArray Use After Free",great,CVE-2015-0359
exploits,exploits/windows/browser/systemrequirementslab_unsafe,"Husdawg, LLC. System Requirements Lab ActiveX Unsafe Method",excellent,
exploits,exploits/windows/browser/ms12_004_midi,"ms12_004_midi",normal,
exploits,exploits/windows/browser/msxml_get_definition_code_exec,"msxml_get_definition_code_exec",good,
exploits,exploits/windows/browser/java_basicservice_impl,"Sun Java Web Start BasicServiceImpl Code Execution",excellent,CVE-2010-3563
exploits,exploits/windows/browser/adobe_cooltype_sing,"Adobe CoolType SING Table 'uniqueName' Stack Buffer Overflow",great,CVE-2010-2883
exploits,exploits/windows/browser/ms12_037_same_id,"ms12_037_same_id",normal,CVE-2012-1875
exploits,exploits/windows/browser/quickr_qp2_bof,"quickr_qp2_bof",normal,
exploits,exploits/windows/browser/safari_xslt_output,"Apple Safari Webkit libxslt Arbitrary File Creation",excellent,
exploits,exploits/windows/browser/symantec_consoleutilities_browseandsavefile,"Symantec ConsoleUtilities ActiveX Control Buffer Overflow",normal,
exploits,exploits/windows/browser/oracle_dc_submittoexpress,"Oracle Document Capture 10g ActiveX Control Buffer Overflow",normal,
exploits,exploits/windows/browser/apple_quicktime_texml_font_table,"Apple QuickTime 7.7.2 TeXML Style Element font-table Field Stack Buffer Overflow",normal,
exploits,exploits/windows/browser/foxit_reader_plugin_url_bof,"foxit_reader_plugin_url_bof",normal,
exploits,exploits/windows/browser/amaya_bdo,"amaya_bdo",normal,
exploits,exploits/windows/browser/ms14_064_ole_code_execution,"ms14_064_ole_code_execution",good,CVE-2014-6332
exploits,exploits/windows/browser/logitechvideocall_start,"Logitech VideoCall ActiveX Control Buffer Overflow",normal,
exploits,exploits/windows/browser/athocgov_completeinstallation,"AtHocGov IWSAlerts ActiveX Control Buffer Overflow",normal,
exploits,exploits/windows/browser/enjoysapgui_comp_download,"EnjoySAP SAP GUI ActiveX Control Arbitrary File Download",excellent,
exploits,exploits/windows/browser/lpviewer_url,"iseemedia / Roxio / MGI Software LPViewer ActiveX Control Buffer Overflow",normal,
exploits,exploits/windows/browser/ms09_043_owc_msdso,"Microsoft OWC Spreadsheet msDataSourceObject Memory Corruption",normal,
exploits,exploits/windows/browser/ovftool_format_string,"VMWare OVF Tools Format String Vulnerability",normal,
exploits,exploits/windows/browser/ms10_090_ie_css_clip,"MS10-090 Microsoft Internet Explorer CSS SetUserClip Memory Corruption",good,
exploits,exploits/windows/browser/awingsoft_winds3d_sceneurl,"AwingSoft Winds3D Player 3.5 SceneURL Download and Execute",excellent,
exploits,exploits/windows/browser/crystal_reports_printcontrol,"crystal_reports_printcontrol",normal,
exploits,exploits/windows/browser/mcafeevisualtrace_tracetarget,"McAfee Visual Trace ActiveX Control Buffer Overflow",normal,
exploits,exploits/windows/browser/adobe_shockwave_rcsl_corruption,"Adobe Shockwave rcsL Memory Corruption",normal,
exploits,exploits/windows/browser/java_docbase_bof,"Sun Java Runtime New Plugin docbase Buffer Overflow",great,
exploits,exploits/windows/browser/ibm_spss_c1sizer,"ibm_spss_c1sizer",normal,
exploits,exploits/windows/browser/hp_loadrunner_addfolder,"HP LoadRunner 9.0 ActiveX AddFolder Buffer Overflow",good,
exploits,exploits/windows/browser/ms09_072_style_object,"MS09-072 Microsoft Internet Explorer Style getElementsByTagName Memory Corruption",normal,
exploits,exploits/windows/browser/ntr_activex_check_bof,"NTR ActiveX Control Check() Method Buffer Overflow",normal,
exploits,exploits/windows/browser/roxio_cineplayer,"Roxio CinePlayer ActiveX Control Buffer Overflow",normal,
exploits,exploits/windows/browser/ultramjcam_openfiledig_bof,"ultramjcam_openfiledig_bof",normal,
exploits,exploits/windows/browser/ms06_001_wmf_setabortproc,"Windows XP/2003/Vista Metafile Escape() SetAbortProc Code Execution",great,
exploits,exploits/windows/browser/cisco_playerpt_setsource,"Cisco Linksys PlayerPT ActiveX Control Buffer Overflow",normal,
exploits,exploits/windows/browser/ms06_071_xml_core,"MS06-071 Microsoft Internet Explorer XML Core Services HTTP Request Handling",normal,
exploits,exploits/windows/browser/autodesk_idrop,"Autodesk IDrop ActiveX Control Heap Memory Corruption",normal,
exploits,exploits/windows/browser/mcafee_mcsubmgr_vsprintf,"McAfee Subscription Manager Stack Buffer Overflow",normal,
exploits,exploits/windows/browser/ms13_069_caret,"ms13_069_caret",normal,
exploits,exploits/windows/browser/ms06_013_createtextrange,"MS06-013 Microsoft Internet Explorer createTextRange() Code Execution",normal,
exploits,exploits/windows/browser/ie_cgenericelement_uaf,"ie_cgenericelement_uaf",good,
exploits,exploits/windows/browser/mozilla_firefox_xmlserializer,"Firefox XMLSerializer Use After Free",normal,
exploits,exploits/windows/browser/ie_execcommand_uaf,"ie_execcommand_uaf",good,
exploits,exploits/windows/browser/adobe_flashplayer_flash10o,"adobe_flashplayer_flash10o",normal,CVE-2011-0611
exploits,exploits/windows/browser/msvidctl_mpeg2,"Microsoft DirectShow (msvidctl.dll) MPEG-2 Memory Corruption",normal,
exploits,exploits/windows/browser/adobe_flash_copy_pixels_to_byte_array,"Adobe Flash Player copyPixelsToByteArray Method Integer Overflow",great,CVE-2014-0556
exploits,exploits/windows/browser/ms13_022_silverlight_script_object,"ms13_022_silverlight_script_object",normal,CVE-2013-0074
exploits,exploits/windows/browser/ms08_078_xml_corruption,"MS08-078 Microsoft Internet Explorer Data Binding Memory Corruption",normal,
exploits,exploits/windows/browser/honeywell_hscremotedeploy_exec,"honeywell_hscremotedeploy_exec",excellent,CVE-2013-0108
exploits,exploits/windows/browser/ubisoft_uplay_cmd_exec,"Ubisoft uplay 2.0.3 ActiveX Control Arbitrary Code Execution",normal,
exploits,exploits/windows/browser/nctaudiofile2_setformatlikesample,"NCTAudioFile2 v2.x ActiveX Control SetFormatLikeSample() Buffer Overflow",normal,
exploits,exploits/windows/browser/citrix_gateway_actx,"Citrix Gateway ActiveX Control Stack Based Buffer Overflow Vulnerability",normal,CVE-2011-2882
exploits,exploits/windows/browser/mirc_irc_url,"mIRC IRC URL Buffer Overflow",normal,
exploits,exploits/windows/browser/aol_icq_downloadagent,"America Online ICQ ActiveX Control Arbitrary File Download and Execute",excellent,
exploits,exploits/windows/browser/ms11_081_option,"ms11_081_option",normal,
exploits,exploits/windows/browser/java_ws_arginject_altjvm,"Sun Java Web Start Plugin Command Line Argument Injection",excellent,
exploits,exploits/windows/browser/maxthon_history_xcs,"Maxthon3 about:history XCS Trusted Zone Code Execution",excellent,
exploits,exploits/windows/browser/ms10_042_helpctr_xss_cmd_exec,"Microsoft Help Center XSS and Command Execution",excellent,
exploits,exploits/windows/browser/juniper_sslvpn_ive_setupdll,"Juniper SSL-VPN IVE JuniperSetupDLL.dll ActiveX Control Buffer Overflow",normal,
exploits,exploits/windows/browser/ms11_050_mshtml_cobjectelement,"ms11_050_mshtml_cobjectelement",normal,
exploits,exploits/windows/browser/exodus,"Exodus Wallet (ElectronJS Framework) remote Code Execution",manual,
exploits,exploits/windows/browser/samsung_neti_wiewer_backuptoavi_bof,"samsung_neti_wiewer_backuptoavi_bof",normal,
exploits,exploits/windows/browser/adobe_flash_sps,"adobe_flash_sps",normal,CVE-2011-2140
exploits,exploits/windows/browser/adobe_flash_avm2,"adobe_flash_avm2",normal,CVE-2014-0497
exploits,exploits/windows/browser/realplayer_smil,"RealNetworks RealPlayer SMIL Buffer Overflow",normal,
exploits,exploits/windows/browser/ie_createobject,"MS06-014 Microsoft Internet Explorer COM CreateObject Code Execution",excellent,
exploits,exploits/windows/browser/aol_ampx_convertfile,"AOL Radio AmpX ActiveX Control ConvertFile() Buffer Overflow",normal,
exploits,exploits/windows/browser/ms16_051_vbscript,"ms16_051_vbscript",normal,CVE-2016-0189
exploits,exploits/windows/browser/novelliprint_getdriversettings_2,"Novell iPrint Client ActiveX Control Buffer Overflow",normal,
exploits,exploits/windows/browser/ms06_067_keyframe,"MS06-067 Microsoft Internet Explorer Daxctle.OCX KeyFrame Method Heap Buffer Overflow Vulnerability",normal,
exploits,exploits/windows/browser/macrovision_unsafe,"Macrovision InstallShield Update Service ActiveX Unsafe Method",excellent,
exploits,exploits/windows/browser/example,"Module Name",normal,
exploits,exploits/windows/browser/novelliprint_datetime,"Novell iPrint Client ActiveX Control Date/Time Buffer Overflow",great,
exploits,exploits/windows/browser/mozilla_attribchildremoved,"Firefox 8/9 AttributeChildRemoved() Use-After-Free",average,
exploits,exploits/windows/browser/ask_shortformat,"Ask.com Toolbar askBar.dll ActiveX Control Buffer Overflow",normal,
exploits,exploits/windows/browser/adobe_flash_regex_value,"adobe_flash_regex_value",normal,CVE-2013-0634
exploits,exploits/windows/browser/adobe_flash_filters_type_confusion,"adobe_flash_filters_type_confusion",normal,CVE-2013-5331
exploits,exploits/windows/mysql/scrutinizer_upload_exec,"scrutinizer_upload_exec",excellent,
exploits,exploits/windows/mysql/mysql_start_up,"Oracle MySQL for Microsoft Windows FILE Privilege Abuse",excellent,
exploits,exploits/windows/mysql/mysql_mof,"Oracle MySQL for Microsoft Windows MOF Execution",excellent,
exploits,exploits/windows/mysql/mysql_yassl_hello,"MySQL yaSSL SSL Hello Message Buffer Overflow",average,
exploits,exploits/windows/tftp/netdecision_tftp_traversal,"netdecision_tftp_traversal",excellent,
exploits,exploits/windows/tftp/futuresoft_transfermode,"FutureSoft TFTP Server 2000 Transfer-Mode Overflow",average,
exploits,exploits/windows/tftp/threectftpsvc_long_mode,"3CTftpSvc TFTP Long Mode Buffer Overflow",great,
exploits,exploits/windows/tftp/tftpd32_long_filename,"TFTPD32 Long Filename Buffer Overflow",average,
exploits,exploits/windows/tftp/opentftp_error_code,"OpenTFTP SP 1.4 Error Packet Overflow",average,
exploits,exploits/windows/tftp/dlink_long_filename,"D-Link TFTP 1.0 Long Filename Buffer Overflow",good,
exploits,exploits/windows/tftp/quick_tftp_pro_mode,"Quick FTP Pro 2.1 Transfer-Mode Overflow",good,
exploits,exploits/windows/tftp/tftpserver_wrq_bof,"TFTP Server for Windows 1.4 ST WRQ Buffer Overflow",normal,
exploits,exploits/windows/tftp/attftp_long_filename,"Allied Telesyn TFTP Server 1.9 Long Filename Overflow",average,
exploits,exploits/windows/tftp/tftpdwin_long_filename,"TFTPDWIN v0.4.2 Long Filename Buffer Overflow",great,
exploits,exploits/windows/tftp/distinct_tftp_traversal,"Distinct TFTP 3.10 Writable Directory Traversal Execution",excellent,
exploits,exploits/windows/nfs/xlink_nfsd,"Omni-NFS Server Buffer Overflow",average,
exploits,exploits/windows/local/alpc_taskscheduler,"Microsoft Windows ALPC Task Scheduler Local Privilege Elevation",normal,CVE-2018-8440
exploits,exploits/windows/local/ms14_070_tcpip_ioctl,"MS14-070 Windows tcpip!SetAddrOptions NULL Pointer Dereference",average,
exploits,exploits/windows/local/ms15_051_client_copy_image,"Windows ClientCopyImage Win32k Exploit",normal,CVE-2015-1701
exploits,exploits/windows/local/cve_2020_0668_service_tracing,"Service Tracing Privilege Elevation Vulnerability",excellent,CVE-2020-0668
exploits,exploits/windows/local/docker_credential_wincred,"Docker-Credential-Wincred.exe Privilege Escalation",manual,
exploits,exploits/windows/local/microfocus_operations_privesc,"Micro Focus Operations Bridge Manager / Reporter Local Privilege Escalation",excellent,
exploits,exploits/windows/local/novell_client_nicm,"Novell Client 2 SP3 nicm.sys Local Privilege Escalation",average,
exploits,exploits/windows/local/bypassuac_windows_store_filesys,"Windows 10 UAC Protection Bypass Via Windows Store (WSReset.exe)",manual,
exploits,exploits/windows/local/tokenmagic,"Windows Privilege Escalation via TokenMagic (UAC Bypass)",excellent,
exploits,exploits/windows/local/bypassuac_dotnet_profiler,"Windows Escalate UAC Protection Bypass (Via dot net profiler)",excellent,
exploits,exploits/windows/local/bthpan,"MS14-062 Microsoft Bluetooth Personal Area Networking (BthPan.sys) Privilege Escalation",average,
exploits,exploits/windows/local/cve_2024_30085_cloud_files,"Windows Cloud File Mini Filer Driver Heap Overflow",excellent,CVE-2024-30085
exploits,exploits/windows/local/powershell_cmd_upgrade,"Windows Command Shell Upgrade (Powershell)",excellent,
exploits,exploits/windows/local/cve_2021_40449,"Win32k NtGdiResetDC Use After Free Local Privilege Elevation",good,CVE-2021-40449
exploits,exploits/windows/local/ms14_009_ie_dfsvc,"MS14-009 .NET Deployment Service IE Sandbox Escape",great,CVE-2014-0257
exploits,exploits/windows/local/razer_zwopenprocess,"Razer Synapse rzpnk.sys ZwOpenProcess",normal,CVE-2017-9769
exploits,exploits/windows/local/bypassuac_windows_store_reg,"Windows 10 UAC Protection Bypass Via Windows Store (WSReset.exe) and Registry",manual,
exploits,exploits/windows/local/nvidia_nvsvc,"Nvidia (nvsvc) Display Driver Service Local Privilege Escalation",average,CVE-2013-0109
exploits,exploits/windows/local/bypassuac_vbs,"Windows Escalate UAC Protection Bypass (ScriptHost Vulnerability)",excellent,
exploits,exploits/windows/local/virtual_box_guest_additions,"VirtualBox Guest Additions VBoxGuest.sys Privilege Escalation",average,
exploits,exploits/windows/local/cve_2020_0787_bits_arbitrary_file_move,"Background Intelligent Transfer Service Arbitrary File Move Privilege Elevation Vulnerability",excellent,CVE-2020-0787
exploits,exploits/windows/local/ms16_075_reflection,"Windows Net-NTLMv2 Reflection DCOM/RPC",normal,CVE-2014-4113
exploits,exploits/windows/local/pxeexploit,"PXE Exploit Server",excellent,
exploits,exploits/windows/local/webexec,"WebEx Local Service Permissions Exploit",good,
exploits,exploits/windows/local/cve_2022_21999_spoolfool_privesc,"CVE-2022-21999 SpoolFool Privesc",normal,CVE-2022-21999;CVE-2022-22718
exploits,exploits/windows/local/ms14_058_track_popup_menu,"Windows TrackPopupMenu Win32k NULL Pointer Dereference",normal,CVE-2014-4113
exploits,exploits/windows/local/ps_persist,"ps_persist",excellent,
exploits,exploits/windows/local/ms10_015_kitrap0d,"Windows SYSTEM Escalation via KiTrap0D",great,CVE-2010-0232
exploits,exploits/windows/local/ppr_flatten_rec,"Windows EPATHOBJ::pprFlattenRec Local Privilege Escalation",average,CVE-2013-3660
exploits,exploits/windows/local/comahawk,"Microsoft UPnP Local Privilege Elevation Vulnerability",excellent,CVE-2019-1322;CVE-2019-1405
exploits,exploits/windows/local/powershell_remoting,"Powershell Remoting Remote Command Execution",excellent,
exploits,exploits/windows/local/cve_2024_30088_authz_basep,"Windows Kernel Time of Check Time of Use LPE in AuthzBasepCopyoutInternalSecurityAttributes",excellent,CVE-2024-30088
exploits,exploits/windows/local/cve_2023_28252_clfs_driver,"Windows Common Log File System Driver (clfs.sys) Elevation of Privilege Vulnerability",good,CVE-2023-28252
exploits,exploits/windows/local/unquoted_service_path,"Windows Unquoted Service Path Privilege Escalation",great,
exploits,exploits/windows/local/always_install_elevated,"Windows AlwaysInstallElevated MSI",excellent,
exploits,exploits/windows/local/vss_persistence,"Persistent Payload in Windows Volume Shadow Copy",excellent,
exploits,exploits/windows/local/ms13_053_schlamperei,"Windows NTUserMessageCall Win32k Kernel Pool Overflow (Schlamperei)",average,CVE-2013-1300
exploits,exploits/windows/local/cve_2022_3699_lenovo_diagnostics_driver,"Lenovo Diagnostics Driver IOCTL memmove",good,CVE-2022-3699
exploits,exploits/windows/local/panda_psevents,"Panda Security PSEvents Privilege Escalation",excellent,
exploits,exploits/windows/local/ms16_014_wmi_recv_notif,"Windows WMI Receive Notification Exploit",normal,CVE-2016-0040
exploits,exploits/windows/local/ms15_078_atmfd_bof,"MS15-078 Microsoft Windows Font Driver Buffer Overflow",manual,CVE-2015-2426
exploits,exploits/windows/local/bypassuac_injection,"Windows Escalate UAC Protection Bypass (In Memory Injection)",excellent,
exploits,exploits/windows/local/windscribe_windscribeservice_priv_esc,"Windscribe WindscribeService Named Pipe Privilege Escalation",excellent,
exploits,exploits/windows/local/bypassuac_silentcleanup,"Windows Escalate UAC Protection Bypass (Via SilentCleanup)",excellent,
exploits,exploits/windows/local/cve_2019_1458_wizardopium,"Microsoft Windows Uninitialized Variable Local Privilege Elevation",normal,CVE-2019-1458
exploits,exploits/windows/local/cve_2020_1313_system_orchestrator,"Windows Update Orchestrator unchecked ScheduleWork call",excellent,CVE-2020-1313
exploits,exploits/windows/local/bypassuac_comhijack,"Windows Escalate UAC Protection Bypass (Via COM Handler Hijack)",excellent,
exploits,exploits/windows/local/cve_2022_26904_superprofile,"User Profile Arbitrary Junction Creation Local Privilege Elevation",excellent,CVE-2021-34484;CVE-2022-21919;CVE-2022-26904
exploits,exploits/windows/local/ps_wmi_exec,"ps_wmi_exec",excellent,
exploits,exploits/windows/local/service_permissions,"Windows Escalate Service Permissions Local Privilege Escalation",great,CVE-2025-21293
exploits,exploits/windows/local/cve_2017_8464_lnk_lpe,"LNK Code Execution Vulnerability",great,CVE-2015-0096;CVE-2017-8464
exploits,exploits/windows/local/current_user_psexec,"PsExec via Current User Token",excellent,
exploits,exploits/windows/local/ikeext_service,"IKE and AuthIP IPsec Keyring Modules Service (IKEEXT) Missing DLL",good,
exploits,exploits/windows/local/bypassuac,"Windows Escalate UAC Protection Bypass",excellent,
exploits,exploits/windows/local/ms13_081_track_popup_menu,"Windows TrackPopupMenuEx Win32k NULL Page",average,CVE-2013-3881
exploits,exploits/windows/local/applocker_bypass,"AppLocker Execution Prevention Bypass",excellent,
exploits,exploits/windows/local/ms10_092_schelevator,"Windows Escalate Task Scheduler XML Privilege Escalation",excellent,
exploits,exploits/windows/local/novell_client_nwfs,"Novell Client 4.91 SP4 nwfs.sys Local Privilege Escalation",average,
exploits,exploits/windows/local/plantronics_hub_spokesupdateservice_privesc,"Plantronics Hub SpokesUpdateService Privilege Escalation",excellent,
exploits,exploits/windows/local/lexmark_driver_privesc,"Lexmark Driver Privilege Escalation",normal,
exploits,exploits/windows/local/dnsadmin_serverlevelplugindll,"DnsAdmin ServerLevelPluginDll Feature Abuse Privilege Escalation",normal,
exploits,exploits/windows/local/appxsvc_hard_link_privesc,"AppXSvc Hard Link Privilege Escalation",normal,CVE-2019-0841
exploits,exploits/windows/local/srclient_dll_hijacking,"Windows Server 2012 SrClient DLL hijacking",normal,
exploits,exploits/windows/local/win_error_cve_2023_36874,"Microsoft Error Reporting Local Privilege Elevation Vulnerability",excellent,CVE-2023-36874
exploits,exploits/windows/local/cve_2020_1048_printerdemon,"Microsoft Spooler Local Privilege Elevation Vulnerability",normal,CVE-2020-1048
exploits,exploits/windows/local/ms18_8120_win32k_privesc,"Windows SetImeInfoEx Win32k NULL Pointer Dereference",good,CVE-2018-8120
exploits,exploits/windows/local/cve_2023_21768_afd_lpe,"Ancillary Function Driver (AFD) for WinSock Elevation of Privilege",excellent,CVE-2023-21768
exploits,exploits/windows/local/ntapphelpcachecontrol,"MS15-001 Microsoft Windows NtApphelpCacheControl Improper Authorization Check",normal,
exploits,exploits/windows/local/bits_ntlm_token_impersonation,"SYSTEM token impersonation through NTLM bits authentication on missing WinRM Service.",great,
exploits,exploits/windows/local/bypassuac_injection_winsxs,"Windows Escalate UAC Protection Bypass (In Memory Injection) abusing WinSXS",excellent,
exploits,exploits/windows/local/druva_insync_insynccphwnet64_rcp_type_5_priv_esc,"Druva inSync inSyncCPHwnet64.exe RPC Type 5 Privilege Escalation",excellent,CVE-2019-3999;CVE-2020-5752
exploits,exploits/windows/local/ms15_004_tswbproxy,"MS15-004 Microsoft Remote Desktop Services Web Proxy IE Sandbox Escape",good,CVE-2015-0016
exploits,exploits/windows/local/ms_ndproxy,"MS14-002 Microsoft Windows ndproxy.sys Local Privilege Escalation",average,CVE-2013-5065
exploits,exploits/windows/local/cve_2020_0796_smbghost,"SMBv3 Compression Buffer Overflow",good,CVE-2020-0796
exploits,exploits/windows/local/cve_2020_17136,"CVE-2020-1170 Cloud Filter Arbitrary File Creation EOP",,CVE-2020-1170;CVE-2020-17136
exploits,exploits/windows/local/anyconnect_lpe,"Cisco AnyConnect Privilege Escalations (CVE-2020-3153 and CVE-2020-3433)",excellent,CVE-2020-3153;CVE-2020-3433;CVE-2020-3434
exploits,exploits/windows/local/bypassuac_sluihijack,"Windows UAC Protection Bypass (Via Slui File Handler Hijack)",excellent,
exploits,exploits/windows/local/mov_ss,"Microsoft Windows POP/MOV SS Local Privilege Elevation Vulnerability",excellent,CVE-2018-8897
exploits,exploits/windows/local/canon_driver_privesc,"Canon Driver Privilege Escalation",normal,
exploits,exploits/windows/local/ms13_005_hwnd_broadcast,"MS13-005 HWND_BROADCAST Low to Medium Integrity Privilege Escalation",excellent,
exploits,exploits/windows/local/cve_2022_21882_win32k,"Win32k ConsoleControl Offset Confusion",average,CVE-2016-7255;CVE-2021-1732;CVE-2022-21882
exploits,exploits/windows/local/lenovo_systemupdate,"Lenovo System Update Privilege Escalation",excellent,
exploits,exploits/windows/local/virtual_box_opengl_escape,"VirtualBox 3D Acceleration Virtual Machine Escape",average,
exploits,exploits/windows/local/cve_2020_1054_drawiconex_lpe,"Microsoft Windows DrawIconEx OOB Write Local Privilege Elevation",normal,CVE-2020-1054
exploits,exploits/windows/local/gog_galaxyclientservice_privesc,"GOG GalaxyClientService Privilege Escalation",excellent,
exploits,exploits/windows/local/ms16_016_webdav,"MS16-016 mrxdav.sys WebDav Local Privilege Escalation",excellent,CVE-2016-0051
exploits,exploits/windows/local/bypassuac_fodhelper,"Windows UAC Protection Bypass (Via FodHelper Registry Key)",excellent,
exploits,exploits/windows/local/ipass_launch_app,"iPass Mobile Client Service Privilege Escalation",excellent,
exploits,exploits/windows/local/ms16_032_secondary_logon_handle_privesc,"MS16-032 Secondary Logon Handle Privilege Escalation",normal,CVE-2016-0099
exploits,exploits/windows/local/ntusermndragover,"Microsoft Windows NtUserMNDragOver Local Privilege Elevation",normal,CVE-2019-0808
exploits,exploits/windows/local/cve_2018_8453_win32k_priv_esc,"Windows NtUserSetWindowFNID Win32k User Callback",manual,CVE-2018-8453
exploits,exploits/windows/local/adobe_sandbox_adobecollabsync,"AdobeCollabSync Buffer Overflow Adobe Reader X Sandbox Bypass",great,
exploits,exploits/windows/local/nscp_pe,"NSClient++ 0.5.2.35 - Privilege escalation",excellent,
exploits,exploits/windows/local/ms13_097_ie_registry_symlink,"MS13-097 Registry Symlink IE Sandbox Escape",great,CVE-2013-5045
exploits,exploits/windows/local/ricoh_driver_privesc,"Ricoh Driver Privilege Escalation",normal,CVE-2019-19363
exploits,exploits/windows/local/ms16_075_reflection_juicy,"Windows Net-NTLMv2 Reflection DCOM/RPC (Juicy)",great,CVE-2014-4113
exploits,exploits/windows/local/run_as,"run_as",excellent,
exploits,exploits/windows/local/bypassuac_eventvwr,"Windows Escalate UAC Protection Bypass (Via Eventvwr Registry Key)",excellent,
exploits,exploits/windows/local/capcom_sys_exec,"Windows Capcom.sys Kernel Execution Exploit (x64 only)",normal,
exploits,exploits/windows/local/payload_inject,"Windows Manage Memory Payload Injection",excellent,
exploits,exploits/windows/local/agnitum_outpost_acs,"Agnitum Outpost Internet Security Local Privilege Escalation",excellent,
exploits,exploits/windows/local/cve_2024_35250_ks_driver,"Windows Access Mode Mismatch LPE in ks.sys",excellent,CVE-2024-35250
exploits,exploits/windows/local/ask,"Windows Escalate UAC Execute RunAs",excellent,
exploits,exploits/windows/local/bypassuac_sdclt,"Windows Escalate UAC Protection Bypass (Via Shell Open Registry Key)",excellent,
exploits,exploits/windows/local/cve_2020_1337_printerdemon,"Microsoft Spooler Local Privilege Elevation Vulnerability",excellent,CVE-2020-1337
exploits,exploits/windows/local/cve_2021_21551_dbutil_memmove,"Dell DBUtil_2_3.sys IOCTL memmove",good,CVE-2021-21551
exploits,exploits/windows/local/mqac_write,"MQAC.sys Arbitrary Write Privilege Escalation",average,
exploits,exploits/windows/local/wmi,"Windows Management Instrumentation (WMI) Remote Command Execution",excellent,
exploits,exploits/windows/local/ntlm_relay_2_self,"NTLM Relay to Self (HTTP to LDAP) - Post Exploitation",,
exploits,exploits/windows/local/ms11_080_afdjoinleaf,"MS11-080 AfdJoinLeaf Privilege Escalation",average,
exploits,exploits/windows/email/ms10_045_outlook_ref_only,"Outlook ATTACH_BY_REF_ONLY File Execution",excellent,
exploits,exploits/windows/email/ms07_017_ani_loadimage_chunksize,"Windows ANI LoadAniIcon() Chunk Size Stack Buffer Overflow (SMTP)",great,
exploits,exploits/windows/email/ms10_045_outlook_ref_resolve,"Outlook ATTACH_BY_REF_RESOLVE File Execution",excellent,
exploits,exploits/windows/ldap/pgp_keyserver7,"Network Associates PGP KeyServer 7 LDAP Buffer Overflow",good,
exploits,exploits/windows/ldap/imail_thc,"IMail LDAP Service Buffer Overflow",average,
exploits,exploits/windows/lotus/lotusnotes_lzh,"Lotus Notes 8.0.x - 8.5.2 FP2 - Autonomy Keyview (.lzh Attachment)",normal,
exploits,exploits/windows/lotus/domino_sametime_stmux,"IBM Lotus Domino Sametime STMux.exe Stack Buffer Overflow",average,
exploits,exploits/windows/lotus/domino_http_accept_language,"IBM Lotus Domino Web Server Accept-Language Stack Buffer Overflow",average,
exploits,exploits/windows/lotus/domino_icalendar_organizer,"domino_icalendar_organizer",normal,
exploits,exploits/windows/nntp/ms05_030_nntp,"MS05-030 Microsoft Outlook Express NNTP Response Parsing Buffer Overflow",normal,
exploits,exploits/windows/telnet/goodtech_telnet,"GoodTech Telnet Server Buffer Overflow",average,
exploits,exploits/windows/telnet/gamsoft_telsrv_username,"GAMSoft TelSrv 1.5 Username Buffer Overflow",average,
exploits,exploits/windows/arkeia/type77,"Arkeia Backup Client Type 77 Overflow (Win32)",good,
exploits,exploits/windows/ibm/ibm_was_dmgr_java_deserialization_rce,"IBM Websphere Application Server Network Deployment Untrusted Data Deserialization Remote Code Execution",excellent,
exploits,exploits/windows/persistence/accessibility_features_debugger,"Accessibility Features (Sticky Keys) Persistence via Debugger Registry Key",excellent,
exploits,exploits/windows/persistence/startup_folder,"Windows Persistent Startup Folder",excellent,
exploits,exploits/windows/persistence/service,"Windows Persistent Service Installer",excellent,
exploits,exploits/windows/persistence/assistive_technology,"Assistive Technologies Persistence",excellent,
exploits,exploits/windows/persistence/registry_userinit,"Windows Registry Persistence via Userinit",excellent,
exploits,exploits/windows/persistence/powershell_profile,"Powershell Profile Persistence",excellent,
exploits,exploits/windows/persistence/registry_active_setup,"Windows Registry Active Setup Persistence",excellent,
exploits,exploits/windows/persistence/image_exec_options,"Windows Silent Process Exit Persistence",excellent,
exploits,exploits/windows/persistence/userinit_mpr_logon_script,"Windows Persistence via UserInitMprLogonScript",excellent,
exploits,exploits/windows/persistence/task_scheduler,"Windows Persistent Task Scheduler",excellent,
exploits,exploits/windows/persistence/linqpad_deserialization,"LINQPad Deserialization",normal,
exploits,exploits/windows/persistence/registry,"Windows Registry Only Persistence",excellent,
exploits,exploits/windows/persistence/notepadpp_plugin,"Notepad++ Plugin Persistence",excellent,
exploits,exploits/windows/persistence/telemetry,"Windows Telemetry Persistence",excellent,
exploits,exploits/windows/persistence/bits,"Windows Persistence Bits Job",excellent,
exploits,exploits/windows/http/hp_sitescope_dns_tool,"HP SiteScope DNS Tool Command Injection",good,
exploits,exploits/windows/http/easyftp_list,"EasyFTP Server list.html path Stack Buffer Overflow",great,
exploits,exploits/windows/http/ezserver_http,"EZHomeTech EzServer Stack Buffer Overflow Vulnerability",excellent,
exploits,exploits/windows/http/ektron_xslt_exec_ws,"Ektron 8.5, 8.7, 9.0 XSLT Transform Remote Code Execution",excellent,
exploits,exploits/windows/http/flexdotnetcms_upload_exec,"FlexDotnetCMS Arbitrary ASP File Upload",excellent,
exploits,exploits/windows/http/hpe_sim_76_amf_deserialization,"HPE Systems Insight Manager AMF Deserialization RCE",excellent,CVE-2020-7200
exploits,exploits/windows/http/altn_webadmin,"Alt-N WebAdmin USER Buffer Overflow",average,
exploits,exploits/windows/http/nowsms,"Now SMS/MMS Gateway Buffer Overflow",good,
exploits,exploits/windows/http/peercast_url,"PeerCast URL Handling Buffer Overflow",average,
exploits,exploits/windows/http/vmware_vcenter_chargeback_upload,"VMware vCenter Chargeback Manager ImageUploadServlet Arbitrary File Upload",excellent,
exploits,exploits/windows/http/jira_collector_traversal,"JIRA Issues Collector Directory Traversal",normal,
exploits,exploits/windows/http/softing_sis_rce,"Softing Secure Integration Server v1.22 Remote Code Execution",excellent,CVE-2022-1373;CVE-2022-2334
exploits,exploits/windows/http/hp_mpa_job_acct,"HP Managed Printing Administration jobAcct Remote Command Execution",excellent,
exploits,exploits/windows/http/easyfilesharing_seh,"Easy File Sharing HTTP Server 7.2 SEH Overflow",normal,
exploits,exploits/windows/http/northstar_c2_xss_to_agent_rce,"NorthStar C2 XSS to Agent RCE",excellent,CVE-2024-28741
exploits,exploits/windows/http/ektron_xslt_exec,"Ektron 8.02 XSLT Transform Remote Code Execution",excellent,
exploits,exploits/windows/http/hp_openview_insight_backdoor,"HP OpenView Performance Insight Server Backdoor Account Code Execution",excellent,
exploits,exploits/windows/http/telerik_report_server_deserialization,"Telerik Report Server Auth Bypass and Deserialization RCE",excellent,CVE-2024-1800;CVE-2024-4358
exploits,exploits/windows/http/sonicwall_scrutinizer_sqli,"sonicwall_scrutinizer_sqli",excellent,
exploits,exploits/windows/http/sapdb_webtools,"SAP DB 7.4 WebTools Buffer Overflow",great,
exploits,exploits/windows/http/ipswitch_wug_maincfgret,"Ipswitch WhatsUp Gold 8.03 Buffer Overflow",great,
exploits,exploits/windows/http/sitecore_xp_cve_2025_34510,"Sitecore XP CVE-2025-34510 Post-Authentication Remote Code Execution",excellent,CVE-2025-34509;CVE-2025-34510
exploits,exploits/windows/http/disksorter_bof,"Disk Sorter Enterprise GET Buffer Overflow",great,
exploits,exploits/windows/http/gitstack_rce,"GitStack Unsanitized Argument RCE",great,
exploits,exploits/windows/http/badblue_ext_overflow,"BadBlue 2.5 EXT.dll Buffer Overflow",great,
exploits,exploits/windows/http/novell_messenger_acceptlang,"Novell Messenger Server 2.0 Accept-Language Overflow",average,
exploits,exploits/windows/http/ca_igateway_debug,"CA iTechnology iGateway Debug Mode Buffer Overflow",average,
exploits,exploits/windows/http/ws_ftp_rce_cve_2023_40044,"Progress Software WS_FTP Unauthenticated Remote Code Execution",excellent,CVE-2023-40044
exploits,exploits/windows/http/maxdb_webdbm_get_overflow,"MaxDB WebDBM GET Buffer Overflow",good,
exploits,exploits/windows/http/novell_mdm_lfi,"Novell Zenworks Mobile Managment MDM.php Local File Inclusion Vulnerability",excellent,
exploits,exploits/windows/http/diskboss_get_bof,"DiskBoss Enterprise GET Buffer Overflow",excellent,
exploits,exploits/windows/http/hp_nnm_webappmon_execvp,"HP OpenView Network Node Manager execvp_nc Buffer Overflow",great,
exploits,exploits/windows/http/php_cgi_arg_injection_rce_cve_2024_4577,"PHP CGI Argument Injection Remote Code Execution",excellent,CVE-2024-4577
exploits,exploits/windows/http/efs_fmws_userid_bof,"Easy File Management Web Server Stack Buffer Overflow",normal,
exploits,exploits/windows/http/hp_nnm_openview5,"HP OpenView Network Node Manager OpenView5.exe CGI Buffer Overflow",great,
exploits,exploits/windows/http/ibm_tpmfosd_overflow,"IBM TPM for OS Deployment 5.1.0.x rembo.exe Buffer Overflow",good,
exploits,exploits/windows/http/apache_chunked,"Apache Win32 Chunked Encoding",good,
exploits,exploits/windows/http/advantech_iview_unauth_rce,"Advantech iView Unauthenticated Remote Code Execution",excellent,CVE-2021-22652
exploits,exploits/windows/http/trendmicro_officescan,"Trend Micro OfficeScan Remote Stack Buffer Overflow",good,
exploits,exploits/windows/http/gladinet_viewstate_deserialization_cve_2025_30406,"Gladinet CentreStack/Triofox ASP.NET ViewState Deserialization",excellent,CVE-2025-30406
exploits,exploits/windows/http/sharepoint_dynamic_proxy_generator_auth_bypass_rce,"Sharepoint Dynamic Proxy Generator Unauth RCE",excellent,CVE-2023-24955;CVE-2023-29357
exploits,exploits/windows/http/hp_nnm_ovwebhelp,"HP OpenView Network Node Manager OvWebHelp.exe CGI Buffer Overflow",great,
exploits,exploits/windows/http/lexmark_markvision_gfd_upload,"Lexmark MarkVision Enterprise Arbitrary File Upload",excellent,
exploits,exploits/windows/http/ssrs_navcorrector_viewstate,"SQL Server Reporting Services (SSRS) ViewState Deserialization",excellent,CVE-2020-0618
exploits,exploits/windows/http/hp_imc_mibfileupload,"HP Intelligent Management Center Arbitrary File Upload",great,
exploits,exploits/windows/http/badblue_passthru,"BadBlue 2.72b PassThru Buffer Overflow",great,
exploits,exploits/windows/http/manageengine_servicedesk_plus_cve_2021_44077,"ManageEngine ServiceDesk Plus CVE-2021-44077",excellent,CVE-2021-44077
exploits,exploits/windows/http/zentao_pro_rce,"ZenTao Pro 8.8.2 Remote Code Execution",excellent,
exploits,exploits/windows/http/privatewire_gateway,"Private Wire Gateway Buffer Overflow",average,
exploits,exploits/windows/http/sepm_auth_bypass_rce,"Symantec Endpoint Protection Manager Authentication Bypass and Code Execution",excellent,
exploits,exploits/windows/http/mailenable_auth_header,"MailEnable Authorization Header Buffer Overflow",great,
exploits,exploits/windows/http/sap_host_control_cmd_exec,"SAP NetWeaver HostControl Command Injection",average,
exploits,exploits/windows/http/altn_securitygateway,"Alt-N SecurityGateway username Buffer Overflow",average,
exploits,exploits/windows/http/novell_imanager_upload,"Novell iManager getMultiPartParameters Arbitrary File Upload",excellent,
exploits,exploits/windows/http/sharepoint_toolpane_rce,"Microsoft SharePoint Server ToolPane Unauthenticated Remote Code Execution (aka ToolShell)",excellent,CVE-2025-49704;CVE-2025-49706;CVE-2025-53770;CVE-2025-53771
exploits,exploits/windows/http/shoutcast_format,"SHOUTcast DNAS/win32 1.9.4 File Request Format String Overflow",average,
exploits,exploits/windows/http/ivanti_avalanche_filestoreconfig_upload,"Ivanti Avalanche FileStoreConfig File Upload",excellent,CVE-2023-28128
exploits,exploits/windows/http/oracle_beehive_prepareaudiotoplay,"oracle_beehive_prepareaudiotoplay",excellent,
exploits,exploits/windows/http/hp_power_manager_filename,"hp_power_manager_filename",normal,
exploits,exploits/windows/http/cyclope_ess_sqli,"cyclope_ess_sqli",excellent,
exploits,exploits/windows/http/cogent_datahub_command,"Cogent DataHub Command Injection",manual,
exploits,exploits/windows/http/savant_31_overflow,"Savant 3.1 Web Server Overflow",great,
exploits,exploits/windows/http/xitami_if_mod_since,"Xitami 2.5c2 Web Server If-Modified-Since Overflow",average,
exploits,exploits/windows/http/zenworks_assetmgmt_uploadservlet,"Novell ZENworks Asset Management Remote Execution",excellent,
exploits,exploits/windows/http/rabidhamster_r4_log,"rabidhamster_r4_log",normal,
exploits,exploits/windows/http/php_apache_request_headers_bof,"PHP apache_request_headers Function Buffer Overflow",normal,
exploits,exploits/windows/http/sharepoint_data_deserialization,"SharePoint DataSet / DataTable Deserialization",excellent,
exploits,exploits/windows/http/ericom_access_now_bof,"Ericom AccessNow Server Buffer Overflow",normal,
exploits,exploits/windows/http/forticlient_ems_fctid_sqli,"FortiNet FortiClient Endpoint Management Server FCTID SQLi to RCE",excellent,CVE-2023-48788
exploits,exploits/windows/http/hp_autopass_license_traversal,"HP AutoPass License Server File Upload",great,
exploits,exploits/windows/http/httpdx_tolog_format,"HTTPDX tolog() Function Format String Vulnerability",great,
exploits,exploits/windows/http/dup_scout_enterprise_login_bof,"Dup Scout Enterprise Login Buffer Overflow",great,
exploits,exploits/windows/http/manageengine_adshacluster_rce,"ManageEngine Exchange Reporter Plus Unauthenticated RCE",excellent,
exploits,exploits/windows/http/hp_pcm_snac_update_certificates,"HP ProCurve Manager SNAC UpdateCertificatesServlet File Upload",excellent,
exploits,exploits/windows/http/sysax_create_folder,"Sysax Multi Server 5.64 Create Folder Buffer Overflow",normal,
exploits,exploits/windows/http/commvault_rce_cve_2025_57790_cve_2025_57791,"Commvault Command-Line Argument Injection to Traversal Remote Code Execution",excellent,CVE-2025-4428;CVE-2025-57788;CVE-2025-57790;CVE-2025-57791
exploits,exploits/windows/http/hp_imc_java_deserialize,"hp_imc_java_deserialize",excellent,
exploits,exploits/windows/http/integard_password_bof,"Race River Integard Home/Pro LoginAdmin Password Stack Buffer Overflow",great,
exploits,exploits/windows/http/solarwinds_storage_manager_sql,"solarwinds_storage_manager_sql",excellent,
exploits,exploits/windows/http/apache_tika_jp2_jscript,"Apache Tika Header Command Injection",excellent,CVE-2018-1335
exploits,exploits/windows/http/manage_engine_opmanager_rce,"ManageEngine OpManager Remote Code Execution",manual,
exploits,exploits/windows/http/apache_modjk_overflow,"Apache mod_jk 1.2.20 Buffer Overflow",great,
exploits,exploits/windows/http/moveit_cve_2023_34362,"MOVEit SQL Injection vulnerability",excellent,CVE-2023-34362
exploits,exploits/windows/http/sws_connection_bof,"sws_connection_bof",normal,
exploits,exploits/windows/http/desktopcentral_file_upload,"ManageEngine Desktop Central AgentLogUpload Arbitrary File Upload",excellent,
exploits,exploits/windows/http/steamcast_useragent,"Streamcast HTTP User-Agent Buffer Overflow",average,
exploits,exploits/windows/http/netdecision_http_bof,"netdecision_http_bof",normal,
exploits,exploits/windows/http/oracle_endeca_exec,"Oracle Endeca Server Remote Command Execution",excellent,
exploits,exploits/windows/http/bea_weblogic_transfer_encoding,"BEA Weblogic Transfer-Encoding Buffer Overflow",great,
exploits,exploits/windows/http/rejetto_hfs_rce_cve_2024_23692,"Rejetto HTTP File Server (HFS) Unauthenticated Remote Code Execution",excellent,
exploits,exploits/windows/http/minishare_get_overflow,"Minishare 1.4.1 Buffer Overflow",average,
exploits,exploits/windows/http/ajaxpro_deserialization_rce,"AjaxPro Deserialization Remote Code Execution",excellent,
exploits,exploits/windows/http/exchange_proxynotshell_rce,"Microsoft Exchange ProxyNotShell RCE",excellent,CVE-2022-41040;CVE-2022-41082
exploits,exploits/windows/http/kentico_staging_syncserver,"Kentico CMS Staging SyncServer Unserialize Remote Command Execution",excellent,
exploits,exploits/windows/http/netmotion_mobility_mvcutil_deserialization,"NetMotion Mobility Server MvcUtil Java Deserialization",excellent,
exploits,exploits/windows/http/ibm_tivoli_endpoint_bof,"IBM Tivoli Endpoint Manager POST Query Buffer Overflow",good,
exploits,exploits/windows/http/hp_sitescope_runomagentcommand,"HP SiteScope Remote Code Execution",manual,
exploits,exploits/windows/http/apache_activemq_traversal_upload,"Apache ActiveMQ 5.x-5.11.1 Directory Traversal Shell Upload",excellent,CVE-2015-1830
exploits,exploits/windows/http/generic_http_dll_injection,"Generic Web Application DLL Injection",manual,
exploits,exploits/windows/http/dupscts_bof,"Dup Scout Enterprise GET Buffer Overflow",great,
exploits,exploits/windows/http/manageengine_endpoint_central_saml_rce_cve_2022_47966,"ManageEngine Endpoint Central Unauthenticated SAML RCE",excellent,CVE-2022-47966
exploits,exploits/windows/http/hp_nnm_getnnmdata_maxage,"HP OpenView Network Node Manager getnnmdata.exe (MaxAge) CGI Buffer Overflow",great,
exploits,exploits/windows/http/exchange_chainedserializationbinder_rce,"Microsoft Exchange Server ChainedSerializationBinder RCE",excellent,CVE-2021-42321;CVE-2022-23277
exploits,exploits/windows/http/telerik_rau_deserialization,"Telerik UI ASP.NET AJAX RadAsyncUpload Deserialization",excellent,CVE-2017-11317;CVE-2019-18935
exploits,exploits/windows/http/exchange_proxyshell_rce,"Microsoft Exchange ProxyShell RCE",excellent,CVE-2021-31207;CVE-2021-34473;CVE-2021-34523
exploits,exploits/windows/http/ibm_tsm_cad_header,"IBM Tivoli Storage Manager Express CAD Service Buffer Overflow",good,
exploits,exploits/windows/http/hp_nnm_ovas,"HP OpenView NNM 7.53, 7.51 OVAS.EXE Pre-Authentication Stack Buffer Overflow",good,
exploits,exploits/windows/http/prtg_authenticated_rce,"PRTG Network Monitor Authenticated RCE",excellent,
exploits,exploits/windows/http/intersystems_cache,"InterSystems Cache UtilConfigHome.csp Argument Buffer Overflow",great,
exploits,exploits/windows/http/trackit_file_upload,"Numara / BMC Track-It! FileStorageService Arbitrary File Upload",excellent,
exploits,exploits/windows/http/edirectory_imonitor,"eDirectory 8.7.3 iMonitor Remote Stack Buffer Overflow",great,
exploits,exploits/windows/http/serviio_checkstreamurl_cmd_exec,"Serviio Media Server checkStreamUrl Command Execution",excellent,
exploits,exploits/windows/http/sap_configservlet_exec_noauth,"SAP ConfigServlet Remote Code Execution",great,
exploits,exploits/windows/http/landesk_thinkmanagement_upload_asp,"LANDesk Lenovo ThinkManagement Console Remote Command Execution",excellent,
exploits,exploits/windows/http/servu_session_cookie,"Rhinosoft Serv-U Session Cookie Buffer Overflow",good,
exploits,exploits/windows/http/psoproxy91_overflow,"PSO Proxy v0.91 Stack Buffer Overflow",average,
exploits,exploits/windows/http/hp_nnm_ovwebsnmpsrv_uro,"HP OpenView Network Node Manager ovwebsnmpsrv.exe Unrecognized Option Buffer Overflow",great,
exploits,exploits/windows/http/nscp_authenticated_rce,"NSClient++ 0.5.2.35 - ExternalScripts Authenticated Remote Code Execution",excellent,
exploits,exploits/windows/http/avaya_ccr_imageupload_exec,"Avaya IP Office Customer Call Reporter ImageUpload.ashx Remote Command Execution",excellent,
exploits,exploits/windows/http/desktopcentral_deserialization,"ManageEngine Desktop Central Java Deserialization",great,
exploits,exploits/windows/http/oracle_beehive_evaluation,"oracle_beehive_evaluation",excellent,
exploits,exploits/windows/http/disksavvy_get_bof,"DiskSavvy Enterprise GET Buffer Overflow",excellent,
exploits,exploits/windows/http/advantech_iview_networkservlet_cmd_inject,"Advantech iView NetworkServlet Command Injection",excellent,CVE-2022-2143
exploits,exploits/windows/http/kaseya_uploadimage_file_upload,"Kaseya uploadImage Arbitrary File Upload",excellent,
exploits,exploits/windows/http/hp_nnm_nnmrptconfig_schdparams,"hp_nnm_nnmrptconfig_schdparams",normal,
exploits,exploits/windows/http/oracle9i_xdb_pass,"Oracle 9i XDB HTTP PASS Overflow (win32)",great,
exploits,exploits/windows/http/cayin_xpost_sql_rce,"Cayin xPost wayfinder_seqid SQLi to RCE",excellent,
exploits,exploits/windows/http/hp_power_manager_login,"Hewlett-Packard Power Manager Administration Buffer Overflow",average,
exploits,exploits/windows/http/zoho_password_manager_pro_xml_rpc_rce,"Zoho Password Manager Pro XML-RPC Java Deserialization",excellent,CVE-2022-35405
exploits,exploits/windows/http/hp_nnm_webappmon_ovjavalocale,"hp_nnm_webappmon_ovjavalocale",great,
exploits,exploits/windows/http/oracle_btm_writetofile,"Oracle Business Transaction Management FlashTunnelService Remote Code Execution",excellent,
exploits,exploits/windows/http/adobe_robohelper_authbypass,"Adobe RoboHelp Server 8 Arbitrary File Upload and Execute",excellent,
exploits,exploits/windows/http/oats_weblogic_console,"Oracle Application Testing Suite WebLogic Server Administration Console War Deployment",excellent,
exploits,exploits/windows/http/easychatserver_seh,"Easy Chat Server User Registeration Buffer Overflow (SEH)",normal,
exploits,exploits/windows/http/netgear_nms_rce,"NETGEAR ProSafe Network Management System 300 Arbitrary File Upload",excellent,CVE-2023-38096;CVE-2023-38098
exploits,exploits/windows/http/hp_nnm_toolbar_01,"HP OpenView Network Node Manager Toolbar.exe CGI Buffer Overflow",great,
exploits,exploits/windows/http/octopusdeploy_deploy,"Octopus Deploy Authenticated Code Execution",excellent,
exploits,exploits/windows/http/manageengine_connectionid_write,"manageengine_connectionid_write",excellent,CVE-2015-8249
exploits,exploits/windows/http/kaseya_uploader,"Kaseya VSA uploader.aspx Arbitrary File Upload",excellent,
exploits,exploits/windows/http/hp_imc_bims_upload,"HP Intelligent Management Center BIMS UploadServlet Directory Traversal",excellent,
exploits,exploits/windows/http/dlink_central_wifimanager_rce,"D-Link Central WiFi Manager CWM(100) RCE",excellent,
exploits,exploits/windows/http/smartermail_rce,"SmarterTools SmarterMail less than build 6985 - .NET Deserialization Remote Code Execution",excellent,CVE-2019-7214
exploits,exploits/windows/http/hp_nnm_getnnmdata_icount,"HP OpenView Network Node Manager getnnmdata.exe (ICount) CGI Buffer Overflow",great,
exploits,exploits/windows/http/tomcat_cgi_cmdlineargs,"Apache Tomcat CGIServlet enableCmdLineArguments Vulnerability",excellent,CVE-2019-0232
exploits,exploits/windows/http/file_sharing_wizard_seh,"File Sharing Wizard - POST SEH Overflow",normal,
exploits,exploits/windows/http/apache_mod_rewrite_ldap,"Apache Module mod_rewrite LDAP Protocol Buffer Overflow",great,
exploits,exploits/windows/http/magicinfo_traversal,"Samsung MagicINFO 9 Server Remote Code Execution (CVE-2024-7399)",excellent,CVE-2024-7399
exploits,exploits/windows/http/amlibweb_webquerydll_app,"Amlibweb NetOpacs webquery.dll Stack Buffer Overflow",normal,
exploits,exploits/windows/http/hp_nnm_ovalarm_lang,"HP OpenView Network Node Manager ovalarm.exe CGI Buffer Overflow",great,
exploits,exploits/windows/http/hp_nnm_snmpviewer_actapp,"HP OpenView Network Node Manager snmpviewer.exe Buffer Overflow",great,
exploits,exploits/windows/http/manageengine_adaudit_plus_authenticated_rce,"ManageEngine ADAudit Plus Authenticated File Write RCE",excellent,CVE-2021-42847
exploits,exploits/windows/http/bea_weblogic_post_bof,"Oracle Weblogic Apache Connector POST Request Buffer Overflow",great,
exploits,exploits/windows/http/hp_nnm_ovwebsnmpsrv_main,"HP OpenView Network Node Manager ovwebsnmpsrv.exe main Buffer Overflow",great,CVE-2010-1961
exploits,exploits/windows/http/hp_nnm_ovwebsnmpsrv_ovutil,"HP OpenView Network Node Manager ovwebsnmpsrv.exe ovutil Buffer Overflow",great,CVE-2010-1964
exploits,exploits/windows/http/exchange_proxylogon_rce,"Microsoft Exchange ProxyLogon RCE",excellent,CVE-2021-26855;CVE-2021-27065
exploits,exploits/windows/http/mdaemon_worldclient_form2raw,"MDaemon WorldClient form2raw.cgi Stack Buffer Overflow",great,
exploits,exploits/windows/http/ca_arcserve_rpc_authbypass,"CA Arcserve D2D GWT RPC Credential Information Disclosure",excellent,
exploits,exploits/windows/http/solarwinds_fsm_userlogin,"solarwinds_fsm_userlogin",excellent,
exploits,exploits/windows/http/manageengine_adaudit_plus_cve_2022_28219,"ManageEngine ADAudit Plus CVE-2022-28219",excellent,CVE-2022-28219
exploits,exploits/windows/http/ca_totaldefense_regeneratereports,"CA Total Defense Suite reGenerateReports Stored Procedure SQL Injection",excellent,
exploits,exploits/windows/http/exchange_ecp_viewstate,"Exchange Control Panel ViewState Deserialization",excellent,CVE-2020-0688
exploits,exploits/windows/http/exchange_ecp_dlp_policy,"Microsoft Exchange Server DlpUtils AddTenantDlpPolicy RCE",excellent,CVE-2020-16875
exploits,exploits/windows/http/sharepoint_unsafe_control,"Microsoft SharePoint Unsafe Control and ViewState RCE",excellent,CVE-2021-31181
exploits,exploits/windows/http/manageengine_adselfservice_plus_cve_2022_28810,"ManageEngine ADSelfService Plus Custom Script Execution",excellent,CVE-2022-28810
exploits,exploits/windows/http/osb_uname_jlist,"Oracle Secure Backup Authentication Bypass/Command Injection Vulnerability",excellent,
exploits,exploits/windows/http/desktopcentral_statusupdate_upload,"ManageEngine Desktop Central StatusUpdate Arbitrary File Upload",excellent,
exploits,exploits/windows/http/prtg_authenticated_rce_cve_2023_32781,"PRTG CVE-2023-32781 Authenticated RCE",excellent,CVE-2023-32781
exploits,exploits/windows/http/coldfusion_fckeditor,"ColdFusion 8.0.1 Arbitrary File Upload and Execute",excellent,
exploits,exploits/windows/http/fdm_auth_header,"Free Download Manager Remote Control Server Buffer Overflow",great,
exploits,exploits/windows/http/intrasrv_bof,"intrasrv_bof",manual,
exploits,exploits/windows/http/shttpd_post,"SHTTPD URI-Encoded POST Request Overflow",average,
exploits,exploits/windows/http/sitecore_xp_cve_2025_27218,"Sitecore CVE-2025-27218 BinaryFormatter Deserialization Exploit",excellent,CVE-2025-27218
exploits,exploits/windows/http/lg_simple_editor_rce,"LG Simple Editor Remote Code Execution",excellent,
exploits,exploits/windows/http/git_lfs_rce,"Git Remote Code Execution via git-lfs (CVE-2020-27955)",excellent,CVE-2020-27955
exploits,exploits/windows/http/plesk_mylittleadmin_viewstate,"Plesk/myLittleAdmin ViewState .NET Deserialization",excellent,
exploits,exploits/windows/http/hp_nnm_toolbar_02,"HP OpenView Network Node Manager Toolbar.exe CGI Cookie Handling Buffer Overflow",normal,
exploits,exploits/windows/http/miniweb_upload_wbem,"miniweb_upload_wbem",excellent,
exploits,exploits/windows/http/manageengine_admanager_plus_cve_2023_29084_auth_cmd_injection,"ManageEngine ADManager Plus ChangePasswordAction Authenticated Command Injection",excellent,CVE-2023-29084
exploits,exploits/windows/http/trackercam_phparg_overflow,"TrackerCam PHP Argument Buffer Overflow",average,
exploits,exploits/windows/http/manageengine_adselfservice_plus_cve_2021_40539,"ManageEngine ADSelfService Plus CVE-2021-40539",excellent,CVE-2021-40539
exploits,exploits/windows/http/navicopa_get_overflow,"NaviCOPA 2.0.1 URL Handling Buffer Overflow",great,
exploits,exploits/windows/http/mcafee_epolicy_source,"McAfee ePolicy Orchestrator / ProtectionPilot Overflow",average,
exploits,exploits/windows/http/pgadmin_binary_path_api,"pgAdmin Binary Path API RCE",excellent,CVE-2024-3116
exploits,exploits/windows/http/hp_nnm_getnnmdata_hostname,"HP OpenView Network Node Manager getnnmdata.exe (Hostname) CGI Buffer Overflow",great,
exploits,exploits/windows/http/oracle_event_processing_upload,"Oracle Event Processing FileUploadServlet Arbitrary File Upload",excellent,
exploits,exploits/windows/http/sitecore_xp_cve_2025_34511,"Sitecore XP CVE-2025-34511 Post-Authentication File Upload",excellent,CVE-2025-34509;CVE-2025-34511
exploits,exploits/windows/http/rejetto_hfs_exec,"rejetto_hfs_exec",excellent,
exploits,exploits/windows/http/lg_simple_editor_rce_uploadvideo,"LG Simple Editor Command Injection (CVE-2023-40504)",excellent,CVE-2023-40504
exploits,exploits/windows/http/sharepoint_ssi_viewstate,"Microsoft SharePoint Server-Side Include and ViewState RCE",excellent,CVE-2020-16952
exploits,exploits/windows/http/manageengine_appmanager_exec,"manageengine_appmanager_exec",excellent,
exploits,exploits/windows/http/kolibri_http,"Kolibri HTTP Server HEAD Buffer Overflow",good,
exploits,exploits/windows/http/icecast_header,"Icecast Header Overwrite",great,
exploits,exploits/windows/http/zenworks_uploadservlet,"Novell ZENworks Configuration Management Remote Execution",excellent,
exploits,exploits/windows/http/wsus_deserialization_rce,"Windows Server Update Service Deserialization Remote Code Execution",great,CVE-2025-59287
exploits,exploits/windows/http/httpdx_handlepeer,"HTTPDX h_handlepeer() Function Buffer Overflow",great,
exploits,exploits/windows/http/webster_http,"Webster HTTP Server GET Buffer Overflow",average,
exploits,exploits/windows/http/fortilogger_arbitrary_fileupload,"FortiLogger Arbitrary File Upload Exploit",normal,CVE-2021-3378
exploits,exploits/windows/http/hp_loadrunner_copyfiletoserver,"HP LoadRunner EmulationAdmin Web Service Directory Traversal",excellent,
exploits,exploits/windows/http/edirectory_host,"Novell eDirectory NDS Server Host Header Overflow",great,
exploits,exploits/windows/http/sitecore_xp_cve_2021_42237,"Sitecore Experience Platform (XP) PreAuth Deserialization RCE",excellent,
exploits,exploits/windows/http/manageengine_apps_mngr,"ManageEngine Applications Manager Authenticated Code Execution",average,
exploits,exploits/windows/http/disk_pulse_enterprise_get,"Disk Pulse Enterprise GET Buffer Overflow",excellent,
exploits,exploits/windows/http/geutebrueck_gcore_x64_rce_bo,"Geutebrueck GCore - GCoreServer.exe Buffer Overflow RCE",normal,
exploits,exploits/windows/http/umbraco_upload_aspx,"Umbraco CMS Remote Command Execution",excellent,
exploits,exploits/windows/http/disk_pulse_enterprise_bof,"Disk Pulse Enterprise Login Buffer Overflow",excellent,
exploits,exploits/windows/http/ultraminihttp_bof,"ultraminihttp_bof",normal,
exploits,exploits/windows/http/ia_webmail,"IA WebMail 3.x Buffer Overflow",average,
exploits,exploits/windows/http/hp_nnm_ovbuildpath_textfile,"HP OpenView Network Node Manager ov.dll _OVBuildPath Buffer Overflow",normal,
exploits,exploits/windows/http/belkin_bulldog,"Belkin Bulldog Plus Web Service Buffer Overflow",average,
exploits,exploits/windows/http/trendmicro_officescan_widget_exec,"trendmicro_officescan_widget_exec",excellent,
exploits,exploits/windows/http/efs_easychatserver_username,"EFS Easy Chat Server Authentication Request Handling Buffer Overflow",great,
exploits,exploits/windows/http/sambar6_search_results,"Sambar 6 Search Results Buffer Overflow",normal,
exploits,exploits/windows/http/easyfilesharing_post,"Easy File Sharing HTTP Server 7.2 POST Buffer Overflow",normal,
exploits,exploits/windows/http/hp_pcm_snac_update_domain,"HP ProCurve Manager SNAC UpdateDomainControllerServlet File Upload",excellent,
exploits,exploits/windows/http/sybase_easerver,"Sybase EAServer 5.2 Remote Stack Buffer Overflow",average,
exploits,exploits/windows/http/syncbreeze_bof,"Sync Breeze Enterprise GET Buffer Overflow",great,
exploits,exploits/windows/http/sharepoint_workflows_xoml,"SharePoint Workflows XOML Injection",excellent,CVE-2020-0646
exploits,exploits/windows/http/vxsrchs_bof,"VX Search Enterprise GET Buffer Overflow",great,
exploits,exploits/windows/http/ivanti_epm_recordgoodapp_sqli_rce,"Ivanti EPM RecordGoodApp SQLi RCE",normal,CVE-2024-29824
exploits,exploits/windows/http/cogent_datahub_request_headers_bof,"Cogent DataHub HTTP Server Buffer Overflow",normal,
exploits,exploits/windows/http/dnn_cookie_deserialization_rce,"DotNetNuke Cookie Deserialization Remote Code Excecution",excellent,CVE-2018-15811;CVE-2018-15812
exploits,exploits/windows/http/plex_unpickle_dict_rce,"Plex Unpickle Dict Windows RCE",normal,CVE-2020-5741
exploits,exploits/windows/http/hp_nnm_snmp,"HP OpenView Network Node Manager Snmp.exe CGI Buffer Overflow",great,
exploits,exploits/windows/http/bea_weblogic_jsessionid,"BEA WebLogic JSESSIONID Cookie Value Overflow",good,
exploits,exploits/windows/http/maxdb_webdbm_database,"MaxDB WebDBM Database Parameter Overflow",good,
exploits,exploits/windows/http/hp_nnm_nnmrptconfig_nameparams,"hp_nnm_nnmrptconfig_nameparams",normal,
exploits,exploits/windows/winrm/winrm_script_exec,"WinRM Script Exec Remote Code Execution",manual,
exploits,exploits/windows/misc/hp_dataprotector_traversal,"HP Data Protector Backup Client Service Directory Traversal",great,
exploits,exploits/windows/misc/hta_server,"HTA Web Server",manual,
exploits,exploits/windows/misc/eiqnetworks_esa,"eIQNetworks ESA License Manager LICMGR_ADDLICENSE Overflow",average,
exploits,exploits/windows/misc/ivanti_avalanche_mdm_bof,"Ivanti Avalanche MDM Buffer Overflow",excellent,
exploits,exploits/windows/misc/poisonivy_21x_bof,"Poison Ivy 2.1.x C2 Buffer Overflow",normal,
exploits,exploits/windows/misc/enterasys_netsight_syslog_bof,"Enterasys NetSight nssyslogd.exe Buffer Overflow",normal,
exploits,exploits/windows/misc/remote_mouse_rce,"Remote Mouse RCE",normal,
exploits,exploits/windows/misc/ufo_ai,"UFO: Alien Invasion IRC Client Buffer Overflow",average,
exploits,exploits/windows/misc/fb_cnct_group,"Firebird Relational Database CNCT Group Number Buffer Overflow",normal,
exploits,exploits/windows/misc/citrix_streamprocess_get_boot_record_request,"Citrix Provisioning Services 5.6 SP1 Streamprocess Opcode 0x40020004 Buffer Overflow",normal,
exploits,exploits/windows/misc/borland_starteam,"Borland CaliberRM StarTeam Multicast Service Buffer Overflow",average,
exploits,exploits/windows/misc/citrix_streamprocess_get_objects,"Citrix Provisioning Services 5.6 SP1 Streamprocess Opcode 0x40020006 Buffer Overflow",normal,
exploits,exploits/windows/misc/hp_omniinet_2,"HP OmniInet.exe MSG_PROTOCOL Buffer Overflow",great,
exploits,exploits/windows/misc/allmediaserver_bof,"ALLMediaServer 0.8 Buffer Overflow",normal,
exploits,exploits/windows/misc/veeam_one_agent_deserialization,"Veeam ONE Agent .NET Deserialization",normal,
exploits,exploits/windows/misc/talkative_response,"Talkative IRC v0.4.4.16 Response Buffer Overflow",normal,
exploits,exploits/windows/misc/actfax_raw_server_bof,"ActFax 5.01 RAW Server Buffer Overflow",normal,
exploits,exploits/windows/misc/landesk_aolnsrvr,"LANDesk Management Suite 8.7 Alert Service Buffer Overflow",average,
exploits,exploits/windows/misc/citrix_streamprocess_get_footer,"Citrix Provisioning Services 5.6 SP1 Streamprocess Opcode 0x40020002 Buffer Overflow",normal,
exploits,exploits/windows/misc/bigant_server,"BigAnt Server 2.2 Buffer Overflow",average,
exploits,exploits/windows/misc/shixxnote_font,"ShixxNOTE 6.net Font Field Overflow",great,
exploits,exploits/windows/misc/avaya_winpmd_unihostrouter,"Avaya WinPMD UniteHostRouter Buffer Overflow",normal,
exploits,exploits/windows/misc/itunes_extm3u_bof,"Apple iTunes 10 Extended M3U Stack Buffer Overflow",normal,
exploits,exploits/windows/misc/hp_loadrunner_magentproc,"HP LoadRunner magentproc.exe Overflow",normal,
exploits,exploits/windows/misc/asus_dpcproxy_overflow,"Asus Dpcproxy Buffer Overflow",average,
exploits,exploits/windows/misc/ibm_tsm_cad_ping,"IBM Tivoli Storage Manager Express CAD Service Buffer Overflow",good,
exploits,exploits/windows/misc/hp_dataprotector_new_folder,"HP Data Protector Create New Folder Buffer Overflow",normal,CVE-2012-0124
exploits,exploits/windows/misc/bopup_comm,"Bopup Communications Server Buffer Overflow",good,
exploits,exploits/windows/misc/bcaaa_bof,"bcaaa_bof",good,
exploits,exploits/windows/misc/hp_dataprotector_dtbclslogin,"HP Data Protector DtbClsLogin Buffer Overflow",normal,
exploits,exploits/windows/misc/solidworks_workgroup_pdmwservice_file_write,"SolidWorks Workgroup PDM 2014 pdmwService.exe Arbitrary File Write",good,
exploits,exploits/windows/misc/ncr_cmcagent_rce,"NCR Command Center Agent Remote Code Execution",normal,CVE-2021-3122
exploits,exploits/windows/misc/bomberclone_overflow,"Bomberclone 0.11.6 Buffer Overflow",average,
exploits,exploits/windows/misc/disk_savvy_adm,"Disk Savvy Enterprise v10.4.18",great,
exploits,exploits/windows/misc/fb_isc_attach_database,"Firebird Relational Database isc_attach_database() Buffer Overflow",average,
exploits,exploits/windows/misc/poppeeper_uidl,"POP Peeper v3.4 UIDL Buffer Overflow",normal,
exploits,exploits/windows/misc/achat_bof,"Achat Unicode SEH Buffer Overflow",normal,
exploits,exploits/windows/misc/crosschex_device_bof,"Anviz CrossChex Buffer Overflow",normal,
exploits,exploits/windows/misc/peyara_remote_mouse_rce,"Peyara Remote Mouse 1.0.1 Unauthenticated Remote Code Execution",excellent,
exploits,exploits/windows/misc/manageengine_eventlog_analyzer_rce,"ManageEngine EventLog Analyzer Remote Code Execution",manual,
exploits,exploits/windows/misc/vmhgfs_webdav_dll_sideload,"DLL Side Loading Vulnerability in VMware Host Guest Client Redirector",normal,
exploits,exploits/windows/misc/wireshark_packet_dect,"Wireshark packet-dect.c Stack Buffer Overflow",good,
exploits,exploits/windows/misc/hp_dataprotector_cmd_exec,"HP Data Protector 8.10 Remote Command Execution",excellent,
exploits,exploits/windows/misc/altiris_ds_sqli,"Symantec Altiris DS SQL Injection",normal,
exploits,exploits/windows/misc/hp_magentservice,"HP Diagnostics Server magentservice.exe Overflow",average,
exploits,exploits/windows/misc/avidphoneticindexer,"avidphoneticindexer",normal,
exploits,exploits/windows/misc/agentxpp_receive_agentx,"AgentX++ Master AgentX::receive_agentx Stack Buffer Overflow",good,
exploits,exploits/windows/misc/delta_electronics_infrasuite_deserialization,"Delta Electronics InfraSuite Device Master Deserialization",excellent,CVE-2023-1133
exploits,exploits/windows/misc/bigant_server_250,"BigAnt Server 2.50 SP1 Buffer Overflow",great,
exploits,exploits/windows/misc/bigant_server_usv,"BigAnt Server 2.52 USV Buffer Overflow",great,
exploits,exploits/windows/misc/remote_control_collection_rce,"Remote Control Collection RCE",normal,
exploits,exploits/windows/misc/lianja_db_net,"Lianja SQL 1.0.0RC5.1 db_netserver Stack Buffer Overflow",normal,
exploits,exploits/windows/misc/hp_dataprotector_install_service,"HP Data Protector 6.10/6.11/6.20 Install Service",excellent,
exploits,exploits/windows/misc/hp_omniinet_3,"HP OmniInet.exe Opcode 27 Buffer Overflow",great,
exploits,exploits/windows/misc/mirc_privmsg_server,"mIRC PRIVMSG Handling Stack Buffer Overflow",normal,
exploits,exploits/windows/misc/gimp_script_fu,"GIMP script-fu Server Buffer Overflow",normal,
exploits,exploits/windows/misc/trendmicro_cmdprocessor_addtask,"trendmicro_cmdprocessor_addtask",good,
exploits,exploits/windows/misc/ib_isc_attach_database,"Borland InterBase isc_attach_database() Buffer Overflow",good,
exploits,exploits/windows/misc/mercury_phonebook,"Mercury/32 PH Server Module Buffer Overflow",average,
exploits,exploits/windows/misc/ahsay_backup_fileupload,"Ahsay Backup v7.x-v8.1.1.50 (authenticated) file upload",excellent,
exploits,exploits/windows/misc/cloudme_sync,"CloudMe Sync v1.10.9",great,
exploits,exploits/windows/misc/tiny_identd_overflow,"TinyIdentD 2.2 Stack Buffer Overflow",average,
exploits,exploits/windows/misc/bigant_server_dupf_upload,"BigAnt Server DUPF Command Arbitrary File Upload",excellent,
exploits,exploits/windows/misc/gh0st,"Gh0st Client buffer Overflow",normal,
exploits,exploits/windows/misc/bigant_server_sch_dupf_bof,"BigAnt Server 2 SCH And DUPF Buffer Overflow",normal,
exploits,exploits/windows/misc/sap_2005_license,"SAP Business One License Manager 2005 Buffer Overflow",great,
exploits,exploits/windows/misc/ib_isc_create_database,"Borland InterBase isc_create_database() Buffer Overflow",good,
exploits,exploits/windows/misc/eiqnetworks_esa_topology,"eIQNetworks ESA Topology DELETEDEVICE Overflow",average,
exploits,exploits/windows/misc/hp_dataprotector_encrypted_comms,"hp_dataprotector_encrypted_comms",normal,
exploits,exploits/windows/misc/fb_isc_create_database,"Firebird Relational Database isc_create_database() Buffer Overflow",average,
exploits,exploits/windows/misc/ivanti_agent_portal_cmdexec,"Ivanti EPM Agent Portal Command Execution",excellent,CVE-2023-28324
exploits,exploits/windows/misc/netcat110_nt,"Netcat v1.10 NT Stack Buffer Overflow",great,
exploits,exploits/windows/misc/bakbone_netvault_heap,"BakBone NetVault Remote Heap Overflow",average,
exploits,exploits/windows/misc/ibm_websphere_java_deserialize,"ibm_websphere_java_deserialize",excellent,
exploits,exploits/windows/misc/hp_imc_dbman_restoredbase_unauth_rce,"HPE iMC dbman RestoreDBase Unauthenticated RCE",excellent,
exploits,exploits/windows/misc/mobile_mouse_rce,"Mobile Mouse RCE",normal,
exploits,exploits/windows/misc/apple_quicktime_rtsp_response,"Apple QuickTime 7.3 RTSP Response Header Buffer Overflow",normal,
exploits,exploits/windows/misc/mini_stream,"Mini-Stream 3.0.1.1 Buffer Overflow",normal,
exploits,exploits/windows/misc/unified_remote_rce,"Unified Remote Auth Bypass to RCE",normal,
exploits,exploits/windows/misc/fb_svc_attach,"Firebird Relational Database SVC_attach() Buffer Overflow",average,
exploits,exploits/windows/misc/ais_esel_server_rce,"AIS logistics ESEL-Server Unauth SQL Injection RCE",excellent,
exploits,exploits/windows/misc/citrix_streamprocess,"Citrix Provisioning Services 5.6 streamprocess.exe Buffer Overflow",good,
exploits,exploits/windows/misc/hp_ovtrace,"HP OpenView Operations OVTrace Buffer Overflow",average,
exploits,exploits/windows/misc/nettransport,"NetTransport Download Manager 2.90.510 Buffer Overflow",normal,
exploits,exploits/windows/misc/hp_loadrunner_magentproc_cmdexec,"hp_loadrunner_magentproc_cmdexec",excellent,
exploits,exploits/windows/misc/ibm_cognos_tm1admsd_bof,"IBM Cognos tm1admsd.exe Overflow",normal,
exploits,exploits/windows/misc/hp_imc_uam,"HP Intelligent Management Center UAM Buffer Overflow",normal,
exploits,exploits/windows/misc/hp_dataprotector_crs,"HP Data Protector Cell Request Service Buffer Overflow",normal,
exploits,exploits/windows/misc/ms07_064_sami,"MS07-064 Microsoft DirectX DirectShow SAMI Buffer Overflow",normal,
exploits,exploits/windows/misc/ib_svc_attach,"Borland InterBase SVC_attach() Buffer Overflow",good,
exploits,exploits/windows/misc/wifi_mouse_rce,"Wifi Mouse RCE",normal,
exploits,exploits/windows/misc/citrix_streamprocess_data_msg,"Citrix Provisioning Services 5.6 SP1 Streamprocess Opcode 0x40020000 Buffer Overflow",normal,
exploits,exploits/windows/misc/splayer_content_type,"splayer_content_type",normal,
exploits,exploits/windows/misc/cve_2022_28381_allmediaserver_bof,"ALLMediaServer 1.6 SEH Buffer Overflow",good,
exploits,exploits/windows/misc/hp_omniinet_4,"hp_omniinet_4",good,
exploits,exploits/windows/misc/eureka_mail_err,"Eureka Email 2.2q ERR Remote Buffer Overflow",normal,
exploits,exploits/windows/misc/hp_dataprotector_exec_bar,"HP Data Protector Backup Client Service Remote Code Execution",excellent,
exploits,exploits/windows/misc/nvidia_mental_ray,"Nvidia Mental Ray Satellite Service Arbitrary DLL Injection",excellent,
exploits,exploits/windows/misc/plugx,"PlugX Controller Stack Buffer Overflow",normal,
exploits,exploits/windows/misc/hp_operations_agent_coda_34,"HP Operations Agent Opcode coda.exe 0x34 Buffer Overflow",normal,
exploits,exploits/windows/misc/doubletake,"DoubleTake/HP StorageWorks Storage Mirroring Service Authentication Overflow",average,
exploits,exploits/windows/misc/realtek_playlist,"Realtek Media Player Playlist Buffer Overflow",great,
exploits,exploits/windows/misc/poisonivy_bof,"Poison Ivy Server Buffer Overflow",normal,
exploits,exploits/windows/misc/sap_netweaver_dispatcher,"SAP NetWeaver Dispatcher DiagTraceR3Info Buffer Overflow",normal,
exploits,exploits/windows/misc/windows_rsh,"Windows RSH Daemon Buffer Overflow",average,
exploits,exploits/windows/misc/ibm_director_cim_dllinject,"IBM System Director Agent DLL Injection",excellent,
exploits,exploits/windows/misc/hp_imc_dbman_restartdb_unauth_rce,"HPE iMC dbman RestartDB Unauthenticated RCE",excellent,
exploits,exploits/windows/misc/wireshark_lua,"wireshark_lua",excellent,
exploits,exploits/windows/misc/poppeeper_date,"POP Peeper v3.4 DATE Buffer Overflow",normal,
exploits,exploits/windows/misc/borland_interbase,"Borland Interbase Create-Request Buffer Overflow",average,
exploits,exploits/windows/misc/ms10_104_sharepoint,"MS10-104 Microsoft Office SharePoint Server 2007 Remote Code Execution",excellent,
exploits,exploits/windows/misc/hp_omniinet_1,"HP OmniInet.exe MSG_PROTOCOL Buffer Overflow",great,
exploits,exploits/windows/misc/stream_down_bof,"CoCSoft StreamDown 6.8.0 Buffer Overflow",good,
exploits,exploits/windows/misc/webdav_delivery,"Serve DLL via webdav server",manual,
exploits,exploits/windows/misc/solarwinds_amqp_deserialization,"SolarWinds Information Service (SWIS) .NET Deserialization From AMQP RCE",excellent,CVE-2022-38108
exploits,exploits/windows/misc/ibm_tsm_rca_dicugetidentify,"IBM Tivoli Storage Manager Express RCA Service Buffer Overflow",great,
exploits,exploits/windows/misc/commvault_cmd_exec,"Commvault Communications Service (cvd) Command Injection",good,
exploits,exploits/windows/misc/hp_operations_agent_coda_8c,"HP Operations Agent Opcode coda.exe 0x8c Buffer Overflow",normal,
exploits,exploits/windows/backupexec/name_service,"Veritas Backup Exec Name Service Overflow",average,
exploits,exploits/windows/backupexec/remote_agent,"Veritas Backup Exec Windows Remote Agent Overflow",great,
exploits,exploits/windows/backupexec/ssl_uaf,"Veritas/Symantec Backup Exec SSL NDMP Connection Use-After-Free",normal,
exploits,exploits/windows/smb/ms04_031_netdde,"MS04-031 Microsoft NetDDE Service Overflow",good,
exploits,exploits/windows/smb/ms06_070_wkssvc,"MS06-070 Microsoft Workstation Service NetpManageIPCConnect Overflow",manual,
exploits,exploits/windows/smb/ms06_066_nwwks,"MS06-066 Microsoft Services nwwks.dll Module Exploit",good,
exploits,exploits/windows/smb/ms06_025_rras,"MS06-025 Microsoft RRAS Service Overflow",average,
exploits,exploits/windows/smb/smb_rras_erraticgopher,"Microsoft Windows RRAS Service MIBEntryGet Overflow",average,
exploits,exploits/windows/smb/psexec,"Microsoft Windows Authenticated User Code Execution",manual,
exploits,exploits/windows/smb/smb_delivery,"smb_delivery",excellent,
exploits,exploits/windows/smb/netidentity_xtierrpcpipe,"Novell NetIdentity Agent XTIERRPCPIPE Named Pipe Buffer Overflow",great,
exploits,exploits/windows/smb/ms10_046_shortcut_icon_dllloader,"Microsoft Windows Shell LNK Code Execution",excellent,
exploits,exploits/windows/smb/webexec,"WebExec Authenticated User Code Execution",manual,
exploits,exploits/windows/smb/ms06_040_netapi,"MS06-040 Microsoft Server Service NetpwPathCanonicalize Overflow",good,
exploits,exploits/windows/smb/ms04_011_lsass,"MS04-011 Microsoft LSASS Service DsRolerUpgradeDownlevelServer Overflow",good,
exploits,exploits/windows/smb/ms07_029_msdns_zonename,"MS07-029 Microsoft DNS RPC Service extractQuotedChar() Overflow (SMB)",manual,
exploits,exploits/windows/smb/smb_doublepulsar_rce,"SMB DOUBLEPULSAR Remote Code Execution",great,
exploits,exploits/windows/smb/smb_shadow,"Microsoft Windows SMB Direct Session Takeover",manual,
exploits,exploits/windows/smb/ms08_067_netapi,"MS08-067 Microsoft Server Service Relative Path Stack Corruption",great,
exploits,exploits/windows/smb/ms17_010_eternalblue,"MS17-010 EternalBlue SMB Remote Windows Kernel Pool Corruption",average,
exploits,exploits/windows/smb/ms09_050_smb2_negotiate_func_index,"MS09-050 Microsoft SRV2.SYS SMB Negotiate ProcessID Function Table Dereference",good,
exploits,exploits/windows/smb/timbuktu_plughntcommand_bof,"Timbuktu PlughNTCommand Named Pipe Buffer Overflow",great,
exploits,exploits/windows/smb/ms10_061_spoolss,"MS10-061 Microsoft Print Spooler Service Impersonation Vulnerability",excellent,
exploits,exploits/windows/smb/generic_smb_dll_injection,"Generic DLL Injection From Shared Resource",manual,
exploits,exploits/windows/smb/cve_2020_0796_smbghost,"SMBv3 Compression Buffer Overflow",average,CVE-2020-0796
exploits,exploits/windows/smb/ms06_025_rasmans_reg,"MS06-025 Microsoft RRAS Service RASMAN Registry Overflow",good,
exploits,exploits/windows/smb/ms15_020_shortcut_icon_dllloader,"Microsoft Windows Shell LNK Code Execution",excellent,CVE-2015-0096
exploits,exploits/windows/smb/ms04_007_killbill,"MS04-007 Microsoft ASN.1 Library Bitstring Heap Overflow",low,
exploits,exploits/windows/smb/ms06_066_nwapi,"MS06-066 Microsoft Services nwapi32.dll Module Exploit",good,
exploits,exploits/windows/smb/ms17_010_psexec,"MS17-010 EternalRomance/EternalSynergy/EternalChampion SMB Remote Windows Code Execution",normal,
exploits,exploits/windows/smb/ms03_049_netapi,"MS03-049 Microsoft Workstation Service NetAddAlternateComputerName Overflow",good,
exploits,exploits/windows/smb/ipass_pipe_exec,"IPass Control Pipe Remote Command Execution",excellent,
exploits,exploits/windows/smb/group_policy_startup,"Group Policy Script Execution From Shared Resource",manual,
exploits,exploits/windows/smb/ms05_039_pnp,"MS05-039 Microsoft Plug and Play Service Overflow",good,
exploits,exploits/windows/smb/smb_relay,"MS08-068 Microsoft Windows SMB Relay Code Execution",excellent,
exploits,exploits/windows/firewall/kerio_auth,"Kerio Firewall 2.1.4 Authentication Packet Overflow",average,
exploits,exploits/windows/firewall/blackice_pam_icq,"ISS PAM.dll ICQ Parser Buffer Overflow",great,
exploits,exploits/windows/persistence/wsl/registry,"Windows WSL via Registry Persistence",good,
exploits,exploits/windows/persistence/wmi/wmi_event_subscription_interval,"WMI Event Subscription Interval Persistence",normal,
exploits,exploits/windows/persistence/wmi/wmi_event_subscription_event_log,"WMI Event Subscription Event Log Persistence",normal,
exploits,exploits/windows/persistence/wmi/wmi_event_subscription_uptime,"WMI Event Subscription Logon Timer Persistence",normal,
exploits,exploits/windows/persistence/wmi/wmi_event_subscription_process,"WMI Event Subscription Process Persistence",normal,
exploits,exploits/windows/persistence/service_for_user/logon,"Windows Service for User (S4U) Scheduled Task Persistence - Logon Trigger",excellent,
exploits,exploits/windows/persistence/service_for_user/event,"Windows Service for User (S4U) Scheduled Task Persistence - Event Trigger",excellent,
exploits,exploits/windows/persistence/service_for_user/lock_unlock,"Windows Service for User (S4U) Scheduled Task Persistence - Logon Trigger",excellent,
exploits,exploits/windows/persistence/service_for_user/schedule,"Windows Service for User (S4U) Scheduled Task Persistence - Schedule Trigger",excellent,
auxiliary,auxiliary/example,"Sample Auxiliary Module",,
auxiliary,auxiliary/voip/cisco_cucdm_speed_dials,"Viproy CUCDM IP Phone XML Services - Speed Dial Attack Tool",,
auxiliary,auxiliary/voip/sip_invite_spoof,"SIP Invite Spoof",,
auxiliary,auxiliary/voip/telisca_ips_lock_control,"Telisca IPS Lock Cisco IP Phone Control",,
auxiliary,auxiliary/voip/asterisk_login,"Asterisk Manager Login Utility",,
auxiliary,auxiliary/voip/cisco_cucdm_call_forward,"Viproy CUCDM IP Phone XML Services - Call Forwarding Tool",,
auxiliary,auxiliary/voip/sip_deregister,"SIP Deregister Extension",,
auxiliary,auxiliary/sniffer/psnuffle,"pSnuffle Packet Sniffer",,
auxiliary,auxiliary/fileformat/maldoc_in_pdf_polyglot,"Maldoc in PDF Polyglot converter",,
auxiliary,auxiliary/fileformat/specialfolder_leak,"SpecialFolderDatablock - Windows LNK File Special UNC Path NTLM Leak",,
auxiliary,auxiliary/fileformat/word_unc_injector,"Microsoft Word UNC Path Injector",,
auxiliary,auxiliary/fileformat/odt_badodt,"LibreOffice 6.03 /Apache OpenOffice 4.1.5 Malicious ODT File Generator",,
auxiliary,auxiliary/fileformat/environment_variable_datablock_leak,"Right-Click Execution - Windows LNK File Special UNC Path NTLM Leak",,
auxiliary,auxiliary/fileformat/multidrop,"Windows SMB Multi Dropper",,
auxiliary,auxiliary/fileformat/icon_environment_datablock_leak,"IconEnvironmentDataBlock - Windows LNK File Special UNC Path NTLM Leak",,
auxiliary,auxiliary/fileformat/badpdf,"BADPDF Malicious PDF Creator",,
auxiliary,auxiliary/fileformat/datablock_padding_lnk,"Windows Shortcut (LNK) Padding",,
auxiliary,auxiliary/admin/registry_security_descriptor,"Windows Registry Security Descriptor Utility",,
auxiliary,auxiliary/bnat/bnat_scan,"BNAT Scanner",,
auxiliary,auxiliary/bnat/bnat_router,"BNAT Router",,
auxiliary,auxiliary/crawler/msfcrawler,"Metasploit Web Crawler",,
auxiliary,auxiliary/gather/gitlab_tags_rss_feed_email_disclosure,"GitLab Tags RSS feed email disclosure",,
auxiliary,auxiliary/gather/xymon_info,"Xymon Daemon Gather Information",,CVE-2016-2055
auxiliary,auxiliary/gather/advantech_webaccess_creds,"advantech_webaccess_creds",,CVE-2017-5154
auxiliary,auxiliary/gather/manageengine_adaudit_plus_xnode_enum,"ManageEngine ADAudit Plus Xnode Enumeration",,CVE-2020-11532
auxiliary,auxiliary/gather/zabbix_toggleids_sqli,"Zabbix toggle_ids SQL Injection",,
auxiliary,auxiliary/gather/progress_moveit_sftp_fileread_cve_2024_5806,"Progress MOVEit SFTP Authentication Bypass for Arbitrary File Read",,CVE-2024-5806
auxiliary,auxiliary/gather/peplink_bauth_sqli,"Peplink Balance routers SQLi",,
auxiliary,auxiliary/gather/opennms_xxe,"OpenNMS Authenticated XXE",,
auxiliary,auxiliary/gather/twonky_authbypass_logleak,"Twonky Server Log Leak Authentication Bypass",,CVE-2025-13315;CVE-2025-13316
auxiliary,auxiliary/gather/joomla_weblinks_sqli,"Joomla weblinks-categories Unauthenticated SQL Injection Arbitrary File Read",,
auxiliary,auxiliary/gather/kerberos_enumusers,"Kerberos Domain User Enumeration",,
auxiliary,auxiliary/gather/eaton_nsm_creds,"Network Shutdown Module sort_values Credential Dumper",,
auxiliary,auxiliary/gather/ie_sandbox_findfiles,"Internet Explorer Iframe Sandbox File Name Disclosure Vulnerability",,
auxiliary,auxiliary/gather/oats_downloadservlet_traversal,"Oracle Application Testing Suite Post-Auth DownloadServlet Directory Traversal",,
auxiliary,auxiliary/gather/nis_ypserv_map,"NIS ypserv Map Dumper",,
auxiliary,auxiliary/gather/alienvault_newpolicyform_sqli,"alienvault_newpolicyform_sqli",,
auxiliary,auxiliary/gather/wp_depicter_sqli_cve_2025_2011,"WordPress Depicter Plugin SQL Injection (CVE-2025-2011)",,CVE-2025-2011
auxiliary,auxiliary/gather/android_browser_file_theft,"Android Browser File Theft",,
auxiliary,auxiliary/gather/android_htmlfileprovider,"Android Content Provider File Disclosure",,
auxiliary,auxiliary/gather/coldfusion_pwd_props,"coldfusion_pwd_props",,
auxiliary,auxiliary/gather/dolibarr_creds_sqli,"Dolibarr Gather Credentials via SQL Injection",,
auxiliary,auxiliary/gather/corpwatch_lookup_id,"CorpWatch Company ID Information Search",,
auxiliary,auxiliary/gather/enum_dns,"DNS Record Scanner and Enumerator",,
auxiliary,auxiliary/gather/huawei_wifi_info,"huawei_wifi_info",,
auxiliary,auxiliary/gather/hp_enum_perfd,"HP Operations Manager Perfd Environment Scanner",,
auxiliary,auxiliary/gather/eventlog_cred_disclosure,"ManageEngine Eventlog Analyzer Managed Hosts Administrator Credential Disclosure",,CVE-2014-6038;CVE-2014-6039
auxiliary,auxiliary/gather/manageengine_datasecurity_plus_xnode_enum,"ManageEngine DataSecurity Plus Xnode Enumeration",,CVE-2020-11532
auxiliary,auxiliary/gather/elasticsearch_enum,"Elasticsearch Enumeration Utility",,
auxiliary,auxiliary/gather/saltstack_salt_root_key,"SaltStack Salt Master Server Root Key Disclosure",,CVE-2020-11651;CVE-2020-11652
auxiliary,auxiliary/gather/vmware_vcenter_vmdir_ldap,"VMware vCenter Server vmdir Information Disclosure",,CVE-2020-3952
auxiliary,auxiliary/gather/joomla_com_realestatemanager_sqli,"Joomla Real Estate Manager Component Error-Based SQL Injection",,
auxiliary,auxiliary/gather/ray_lfi_cve_2023_6020,"Ray static arbitrary file read",,
auxiliary,auxiliary/gather/mongodb_ops_manager_diagnostic_archive_info,"MongoDB Ops Manager Diagnostic Archive Sensitive Information Retriever",,
auxiliary,auxiliary/gather/mantisbt_admin_sqli,"mantisbt_admin_sqli",,
auxiliary,auxiliary/gather/shodan_honeyscore,"Shodan Honeyscore Client",,
auxiliary,auxiliary/gather/ldap_passwords,"LDAP Password Disclosure",,
auxiliary,auxiliary/gather/hikvision_info_disclosure_cve_2017_7921,"Unauthenticated information disclosure such as configuration, credentials and camera snapshots of a vulnerable Hikvision IP Camera",,CVE-2017-7921
auxiliary,auxiliary/gather/http_pdf_authors,"Gather PDF Authors",,
auxiliary,auxiliary/gather/piwigo_cve_2023_26876,"Piwigo CVE-2023-26876 Gather Credentials via SQL Injection ",,CVE-2023-26876
auxiliary,auxiliary/gather/gitlab_authenticated_subgroups_file_read,"GitLab Authenticated File Read",,CVE-2023-2825
auxiliary,auxiliary/gather/drupal_openid_xxe,"Drupal OpenID External Entity Injection",,
auxiliary,auxiliary/gather/xerox_pwd_extract,"Xerox Administrator Console Password Extractor",,
auxiliary,auxiliary/gather/mcafee_epo_xxe,"McAfee ePolicy Orchestrator Authenticated XXE Credentials Exposure",,
auxiliary,auxiliary/gather/ibm_sametime_enumerate_users,"IBM Lotus Notes Sametime User Enumeration",,
auxiliary,auxiliary/gather/citrix_published_applications,"Citrix MetaFrame ICA Published Applications Scanner",,
auxiliary,auxiliary/gather/pimcore_creds_sqli,"Pimcore Gather Credentials via SQL Injection",,
auxiliary,auxiliary/gather/android_stock_browser_uxss,"Android Open Source Platform (AOSP) Browser UXSS",,
auxiliary,auxiliary/gather/pulse_secure_file_disclosure,"Pulse Secure VPN Arbitrary File Disclosure",,
auxiliary,auxiliary/gather/freepbx_custom_extension_injection,"FreePBX Custom Extension SQL Injection",,CVE-2025-61675;CVE-2025-66039
auxiliary,auxiliary/gather/acronis_cyber_protect_machine_info_disclosure,"Acronis Cyber Protect/Backup machine info disclosure",,CVE-2022-30995
auxiliary,auxiliary/gather/apple_safari_ftp_url_cookie_theft,"Apple OSX/iOS/Windows Safari Non-HTTPOnly Cookie Theft",,
auxiliary,auxiliary/gather/cerberus_helpdesk_hash_disclosure,"Cerberus Helpdesk User Hash Disclosure",,
auxiliary,auxiliary/gather/natpmp_external_address,"NAT-PMP External Address Scanner",,
auxiliary,auxiliary/gather/gladinet_storage_path_traversal_cve_2025_11371,"Gladinet CentreStack/Triofox Path Traversal",,CVE-2025-11371;CVE-2025-30406
auxiliary,auxiliary/gather/wp_bookingpress_category_services_sqli,"Wordpress BookingPress bookingpress_front_get_category_services SQLi",,CVE-2022-0739
auxiliary,auxiliary/gather/glpi_inventory_plugin_unauth_sqli,"GLPI Inventory Plugin Unauthenticated Blind Boolean SQLi",,
auxiliary,auxiliary/gather/konica_minolta_pwd_extract,"Konica Minolta Password Extractor",,
auxiliary,auxiliary/gather/listmonk_env_disclosure,"Listmonk Insecure Sprig Template Functions Environment Disclosure",,
auxiliary,auxiliary/gather/ibm_sametime_room_brute,"IBM Lotus Notes Sametime Room Name Bruteforce",,
auxiliary,auxiliary/gather/emc_cta_xxe,"EMC CTA v10.0 Unauthenticated XXE Arbitrary File Read",,
auxiliary,auxiliary/gather/qnap_backtrace_admin_hash,"QNAP NAS/NVR Administrator Hash Disclosure",,
auxiliary,auxiliary/gather/c2s_dvr_password_disclosure,"C2S DVR Management Password Disclosure",,
auxiliary,auxiliary/gather/ldap_esc_vulnerable_cert_finder,"Misconfigured Certificate Template Finder",,
auxiliary,auxiliary/gather/ms14_052_xmldom,"ms14_052_xmldom",,
auxiliary,auxiliary/gather/thinmanager_traversal_download,"ThinManager Path Traversal (CVE-2023-27856) Arbitrary File Download",,CVE-2023-27856
auxiliary,auxiliary/gather/jasmin_ransomware_sqli,"Jasmin Ransomware Web Server Unauthenticated SQL Injection",,CVE-2024-30851
auxiliary,auxiliary/gather/avideo_catname_sqli,"AVideo Unauthenticated SQL Injection Credential Dump",,CVE-2026-28501
auxiliary,auxiliary/gather/apache_rave_creds,"Apache Rave User Information Disclosure",,
auxiliary,auxiliary/gather/jenkins_cred_recovery,"Jenkins Domain Credential Recovery",,
auxiliary,auxiliary/gather/external_ip,"Discover External IP via Ifconfig.me",,
auxiliary,auxiliary/gather/android_browser_new_tab_cookie_theft,"Android Browser 'Open in New Tab' Cookie Theft",,
auxiliary,auxiliary/gather/netgear_password_disclosure,"NETGEAR Administrator Password Disclosure",,CVE-2017-5521
auxiliary,auxiliary/gather/trackit_sql_domain_creds,"BMC / Numara Track-It! Domain Administrator and SQL Server User Password Disclosure",,
auxiliary,auxiliary/gather/windows_deployment_services_shares,"Microsoft Windows Deployment Services Unattend Gatherer",,
auxiliary,auxiliary/gather/zoomeye_search,"ZoomEye Search",,
auxiliary,auxiliary/gather/mybb_db_fingerprint,"MyBB Database Fingerprint",,
auxiliary,auxiliary/gather/memcached_extractor,"Memcached Extractor",,
auxiliary,auxiliary/gather/asterisk_creds,"Asterisk Gather Credentials",,
auxiliary,auxiliary/gather/samsung_browser_sop_bypass,"Samsung Internet Browser SOP Bypass",,
auxiliary,auxiliary/gather/upsmon_traversal,"POWERCOM UPSMON PRO Path Traversal (CVE-2022-38120) and Credential Harvester (CVE-2022-38121)",,CVE-2022-38120;CVE-2022-38121
auxiliary,auxiliary/gather/censys_search,"Censys Search",,
auxiliary,auxiliary/gather/darkcomet_filedownloader,"DarkComet Server Remote File Download Exploit",,
auxiliary,auxiliary/gather/search_email_collector,"Search Engine Domain Email Address Collector",,
auxiliary,auxiliary/gather/selenium_file_read,"Selenium arbitrary file read",,
auxiliary,auxiliary/gather/cve_2021_27850_apache_tapestry_hmac_key,"Apache Tapestry HMAC secret key leak",,
auxiliary,auxiliary/gather/camaleon_download_private_file,"Camaleon CMS Directory Traversal CVE-2024-46987",,CVE-2024-46987
auxiliary,auxiliary/gather/ldap_query,"LDAP Query and Enumeration Module",,
auxiliary,auxiliary/gather/kerberoast,"Gather Ticket Granting Service (TGS) tickets for User Service Principal Names (SPN)",,
auxiliary,auxiliary/gather/tplink_archer_c7_traversal,"Archer C7 Directory Traversal Vulnerability",,
auxiliary,auxiliary/gather/ibm_sametime_version,"IBM Lotus Sametime Version Enumeration",,
auxiliary,auxiliary/gather/ibm_bigfix_sites_packages_enum,"IBM BigFix Relay Server Sites and Package Enum",,
auxiliary,auxiliary/gather/prometheus_node_exporter_gather,"Prometheus Node Exporter And Windows Exporter Information Gather",,
auxiliary,auxiliary/gather/windows_secrets_dump,"Windows Secrets Dump",,
auxiliary,auxiliary/gather/apple_safari_webarchive_uxss,"Mac OS X Safari .webarchive File Format UXSS",,
auxiliary,auxiliary/gather/redis_extractor,"Redis Extractor",,
auxiliary,auxiliary/gather/leakix_search,"LeakIX Search",,
auxiliary,auxiliary/gather/adobe_coldfusion_fileread_cve_2023_26360,"Adobe ColdFusion Unauthenticated Arbitrary File Read",,CVE-2023-26360
auxiliary,auxiliary/gather/qconvergeconsole_traversal,"Marvell QConvergeConsole Path Traversal (CVE-2025-6793)",,CVE-2025-6793
auxiliary,auxiliary/gather/grandstream_ucm62xx_sql_account_guess,"Grandstream UCM62xx IP PBX WebSocket Blind SQL Injection Credential Dump",,CVE-2020-5723;CVE-2020-5724
auxiliary,auxiliary/gather/ipcamera_password_disclosure,"JVC/Siemens/Vanderbilt IP-Camera Readfile Password Disclosure",,
auxiliary,auxiliary/gather/rancher_authenticated_api_cred_exposure,"Rancher Authenticated API Credential Exposure",,CVE-2021-36782
auxiliary,auxiliary/gather/exchange_proxylogon_collector,"Microsoft Exchange ProxyLogon Collector",,CVE-2021-26855
auxiliary,auxiliary/gather/geoserver_wms_getmap_xxe_file_read,"GeoServer WMS GetMap XXE Arbitrary File Read",,CVE-2025-58360
auxiliary,auxiliary/gather/magento_xxe_cve_2024_34102,"Magento XXE Unserialize Arbitrary File Read",,CVE-2024-34102
auxiliary,auxiliary/gather/pacsserver_traversal,"Sante PACS Server Path Traversal (CVE-2025-2264)",,CVE-2025-2264
auxiliary,auxiliary/gather/d20pass,"General Electric D20 Password Recovery",,
auxiliary,auxiliary/gather/shodan_search,"Shodan Search",,
auxiliary,auxiliary/gather/wp_all_in_one_migration_export,"WordPress All-in-One Migration Export",,
auxiliary,auxiliary/gather/citrix_published_bruteforce,"Citrix MetaFrame ICA Published Applications Bruteforcer",,
auxiliary,auxiliary/gather/java_rmi_registry,"Java RMI Registry Interfaces Enumeration",,
auxiliary,auxiliary/gather/android_object_tag_webview_uxss,"Android Open Source Platform (AOSP) Browser UXSS",,
auxiliary,auxiliary/gather/asrep,"Find Users Without Pre-Auth Required (ASREP-roast)",,
auxiliary,auxiliary/gather/xbmc_traversal,"xbmc_traversal",,
auxiliary,auxiliary/gather/ie_uxss_injection,"ie_uxss_injection",,
auxiliary,auxiliary/gather/f5_bigip_cookie_disclosure,"F5 BIG-IP Backend Cookie Disclosure",,
auxiliary,auxiliary/gather/hp_snac_domain_creds,"HP ProCurve SNAC Domain Controller Credential Dumper",,
auxiliary,auxiliary/gather/ssllabs_scan,"SSL Labs API Client",,CVE-2014-0224
auxiliary,auxiliary/gather/solarwinds_orion_sqli,"Solarwinds Orion AccountManagement.asmx GetAccounts Admin Creation",,
auxiliary,auxiliary/gather/splunk_raw_server_info,"Splunk __raw Server Info Disclosure ",,
auxiliary,auxiliary/gather/crushftp_fileread_cve_2024_4040,"CrushFTP Unauthenticated Arbitrary File Read",,CVE-2024-4040
auxiliary,auxiliary/gather/browser_info,"browser_info",,
auxiliary,auxiliary/gather/solarwinds_servu_fileread_cve_2024_28995,"SolarWinds Serv-U Unauthenticated Arbitrary File Read",,CVE-2024-28995
auxiliary,auxiliary/gather/jetty_web_inf_disclosure,"Jetty WEB-INF File Disclosure",,CVE-2021-28164;CVE-2021-34429
auxiliary,auxiliary/gather/chrome_debugger,"Chrome Debugger Arbitrary File Read / Arbitrary Web Request",,
auxiliary,auxiliary/gather/xerox_workcentre_5xxx_ldap,"Xerox Workcentre 5735 LDAP Service Redential Extractor",,
auxiliary,auxiliary/gather/ni8mare_cve_2026_21858,"n8n arbitrary file read",,CVE-2026-21858
auxiliary,auxiliary/gather/python_flask_cookie_signer,"Python Flask Cookie Signer",,
auxiliary,auxiliary/gather/zookeeper_info_disclosure,"Apache ZooKeeper Information Disclosure",,
auxiliary,auxiliary/gather/jenkins_cli_ampersand_arbitrary_file_read,"Jenkins cli Ampersand Replacement Arbitrary File Read",,CVE-2024-23897
auxiliary,auxiliary/gather/fortios_vpnssl_traversal_creds_leak,"FortiOS Path Traversal Credential Gatherer",,
auxiliary,auxiliary/gather/vbulletin_getindexablecontent_sqli,"vBulletin /ajax/api/content_infraction/getIndexableContent nodeid Parameter SQL Injection",,
auxiliary,auxiliary/gather/vbulletin_vote_sqli,"vBulletin Password Collector via nodeid SQL Injection",,
auxiliary,auxiliary/gather/joomla_contenthistory_sqli,"Joomla com_contenthistory Error-Based SQL Injection",,
auxiliary,auxiliary/gather/billquick_txtid_sqli,"BillQuick Web Suite txtID SQLi",,
auxiliary,auxiliary/gather/doliwamp_traversal_creds,"doliwamp_traversal_creds",,
auxiliary,auxiliary/gather/nis_bootparamd_domain,"NIS bootparamd Domain Name Disclosure",,
auxiliary,auxiliary/gather/snare_registry,"Snare Lite for Windows Registry Access",,
auxiliary,auxiliary/gather/lansweeper_collector,"Lansweeper Credential Collector",,
auxiliary,auxiliary/gather/suite_crm_export_sqli,"SuiteCRM authenticated SQL injection in export functionality",,
auxiliary,auxiliary/gather/wp_w3_total_cache_hash_extract,"WordPress W3-Total-Cache Plugin 0.9.2.4 (or before) Username and Hash Extract",,
auxiliary,auxiliary/gather/teamtalk_creds,"TeamTalk Gather Credentials",,
auxiliary,auxiliary/gather/flash_rosetta_jsonp_url_disclosure,"Flash 'Rosetta' JSONP GET/POST Response Disclosure",,
auxiliary,auxiliary/gather/alienvault_iso27001_sqli,"alienvault_iso27001_sqli",,
auxiliary,auxiliary/gather/checkpoint_hostname,"CheckPoint Firewall-1 SecuRemote Topology Service Hostname Disclosure",,
auxiliary,auxiliary/gather/cisco_pvc2300_download_config,"Cisco PVC2300 POE Video Camera configuration download",,
auxiliary,auxiliary/gather/nuuo_cms_bruteforce,"Nuuo Central Management Server User Session Token Bruteforce",,
auxiliary,auxiliary/gather/firefox_pdfjs_file_theft,"Firefox PDF.js Browser File Theft",,
auxiliary,auxiliary/gather/rails_doubletap_file_read,"rails_doubletap_file_read",,
auxiliary,auxiliary/gather/checkpoint_gateway_fileread_cve_2024_24919,"Check Point Security Gateway Arbitrary File Read",,CVE-2024-24919
auxiliary,auxiliary/gather/osticket_arbitrary_file_read,"osTicket Arbitrary File Read via PHP Filter Chains in mPDF",,CVE-2026-22200
auxiliary,auxiliary/gather/coldfusion_pms_servlet_file_read,"CVE-2024-20767 - Adobe Coldfusion Arbitrary File Read",,CVE-2024-20767
auxiliary,auxiliary/gather/qnap_lfi,"QNAP QTS and Photo Station Local File Inclusion",,
auxiliary,auxiliary/gather/impersonate_ssl,"HTTP SSL Certificate Impersonation",,
auxiliary,auxiliary/gather/owncloud_phpinfo_reader,"ownCloud Phpinfo Reader",,CVE-2023-49103
auxiliary,auxiliary/gather/wp_photo_gallery_sqli,"WordPress Photo Gallery Plugin SQL Injection (CVE-2022-0169)",,CVE-2022-0169
auxiliary,auxiliary/gather/minio_bootstrap_verify_info_disc,"MinIO Bootstrap Verify Information Disclosure",,
auxiliary,auxiliary/gather/nuuo_cms_file_download,"Nuuo Central Management Server Authenticated Arbitrary File Download",,
auxiliary,auxiliary/gather/apache_superset_cookie_sig_priv_esc,"Apache Superset Signed Cookie Priv Esc",,CVE-2023-27524
auxiliary,auxiliary/gather/microweber_lfi,"Microweber CMS v1.2.10 Local File Inclusion (Authenticated)",,
auxiliary,auxiliary/gather/wp_ultimate_csv_importer_user_extract,"WordPress Ultimate CSV Importer User Table Extract",,
auxiliary,auxiliary/gather/argus_dvr_4_lfi_cve_2018_15745,"Argus Surveillance DVR 4.0.0.0 - Directory Traversal",,CVE-2018-15745
auxiliary,auxiliary/gather/cloud_lookup,"Cloud Lookup (and Bypass)",,
auxiliary,auxiliary/gather/corpwatch_lookup_name,"CorpWatch Company Name Information Search",,
auxiliary,auxiliary/gather/searchengine_subdomains_collector,"Search Engine Subdomains Collector",,
auxiliary,auxiliary/gather/solarwinds_webhelpdesk_backdoor,"SolarWinds Web Help Desk Backdoor (CVE-2024-28987)",,CVE-2024-28987
auxiliary,auxiliary/gather/shodan_host,"Shodan Host Port",,
auxiliary,auxiliary/gather/jasmin_ransomware_dir_traversal,"Jasmin Ransomware Web Server Unauthenticated Directory Traversal",,CVE-2024-30851
auxiliary,auxiliary/gather/prometheus_api_gather,"Prometheus API Information Gather",,
auxiliary,auxiliary/gather/crushftp_authbypass_cve_2025_2825,"CrushFTP AWS4-HMAC Authentication Bypass",,CVE-2025-2825
auxiliary,auxiliary/gather/x11_keyboard_spy,"X11 Keylogger",,
auxiliary,auxiliary/gather/cisco_rv320_config,"Cisco RV320/RV326 Configuration Disclosure",,
auxiliary,auxiliary/gather/roundcube_auth_file_read,"Roundcube TimeZone Authenticated File Disclosure",,
auxiliary,auxiliary/gather/avtech744_dvr_accounts,"AVTECH 744 DVR Account Information Retrieval",,
auxiliary,auxiliary/gather/safari_file_url_navigation,"Mac OS X Safari file:// Redirection Sandbox Escape",,
auxiliary,auxiliary/gather/mongodb_js_inject_collection_enum,"mongodb_js_inject_collection_enum",,
auxiliary,auxiliary/gather/browser_lanipleak,"HTTP Client LAN IP Address Gather",,
auxiliary,auxiliary/gather/gladinet_storage_access_ticket_forge,"Gladinet CentreStack/Triofox Access Ticket Forge",,
auxiliary,auxiliary/gather/onedev_arbitrary_file_read,"OneDev Unauthenticated Arbitrary File Read",,CVE-2024-45309
auxiliary,auxiliary/parser/unattend,"Auxiliary Parser Windows Unattend Passwords",,
auxiliary,auxiliary/server/teamviewer_uri_smb_redirect,"TeamViewer Unquoted URI Handler SMB Redirect",,CVE-2020-13699
auxiliary,auxiliary/server/socks_proxy,"SOCKS Proxy Server",,
auxiliary,auxiliary/server/wpad,"WPAD.dat File Server",,
auxiliary,auxiliary/server/icmp_exfil,"ICMP Exfiltration Service",,
auxiliary,auxiliary/server/local_hwbridge,"Hardware Bridge Server",,
auxiliary,auxiliary/server/pxeexploit,"PXE Boot Exploit Server",,
auxiliary,auxiliary/server/browser_autopwn,"HTTP Client Automatic Exploiter",framework,
auxiliary,auxiliary/server/tftp,"TFTP File Server",,
auxiliary,auxiliary/server/dhclient_bash_env,"DHCP Client Bash Environment Variable Code Injection (Shellshock)",,
auxiliary,auxiliary/server/android_mercury_parseuri,"Android Mercury Browser Intent URI Scheme and Directory Traversal Vulnerability",,
auxiliary,auxiliary/server/quectel_modem,"Quectel Cellular Modem Pivot (Serial AT)",,
auxiliary,auxiliary/server/fakedns,"Fake DNS Service",,
auxiliary,auxiliary/server/openssl_altchainsforgery_mitm_proxy,"OpenSSL Alternative Chains Certificate Forgery MITM Proxy",,
auxiliary,auxiliary/server/jsse_skiptls_mitm_proxy,"Java Secure Socket Extension (JSSE) SKIP-TLS MITM Proxy",,
auxiliary,auxiliary/server/http_ntlmrelay,"HTTP Client MS Credential Relayer",,
auxiliary,auxiliary/server/ms15_134_mcl_leak,"MS15-134 Microsoft Windows Media Center MCL Information Disclosure",,
auxiliary,auxiliary/server/netbios_spoof_nat,"NetBIOS Response 'BadTunnel' Brute Force Spoof (NAT Tunnel)",,
auxiliary,auxiliary/server/openssl_heartbeat_client_memory,"OpenSSL Heartbeat (Heartbleed) Client Memory Exposure",,
auxiliary,auxiliary/server/ftp,"FTP File Server",,
auxiliary,auxiliary/server/wget_symlink_file_write,"GNU Wget FTP Symlink Arbitrary Filesystem Access",,
auxiliary,auxiliary/server/android_browsable_msf_launch,"android_browsable_msf_launch",,
auxiliary,auxiliary/server/browser_autopwn2,"browser_autopwn2",,
auxiliary,auxiliary/server/ldap,"Native LDAP Server (Example)",,
auxiliary,auxiliary/server/dhcp,"DHCP Server",,
auxiliary,auxiliary/server/webkit_xslt_dropper,"Cross Platform Webkit File Dropper",,CVE-2011-1774
auxiliary,auxiliary/server/socks_unc,"SOCKS Proxy UNC Path Redirection",,
auxiliary,auxiliary/server/regsvr32_command_delivery_server,"Regsvr32.exe (.sct) Command Delivery Server",,
auxiliary,auxiliary/analyze/crack_webapps,"Password Cracker: Webapps",,
auxiliary,auxiliary/analyze/crack_aix,"Password Cracker: AIX",,
auxiliary,auxiliary/analyze/apply_pot,"Apply Pot File To Hashes",,
auxiliary,auxiliary/analyze/crack_windows,"Password Cracker: Windows",,
auxiliary,auxiliary/analyze/crack_mobile,"Password Cracker: Mobile",,
auxiliary,auxiliary/analyze/crack_osx,"Password Cracker: OSX",,
auxiliary,auxiliary/analyze/modbus_zip,"Extract zip from Modbus communication",,
auxiliary,auxiliary/analyze/crack_linux,"Password Cracker: Linux",,
auxiliary,auxiliary/analyze/crack_databases,"Password Cracker: Databases",,
auxiliary,auxiliary/pdf/foxit/authbypass,"Foxit Reader Authorization Bypass",,
auxiliary,auxiliary/spoof/llmnr/llmnr_response,"LLMNR Spoofer",,
auxiliary,auxiliary/spoof/cisco/cdp,"Send Cisco Discovery Protocol (CDP) Packets",,
auxiliary,auxiliary/spoof/cisco/dtp,"Forge Cisco DTP Packets",,
auxiliary,auxiliary/spoof/replay/pcap_replay,"Pcap Replay Utility",,
auxiliary,auxiliary/spoof/arp/arp_poisoning,"ARP Spoof",,
auxiliary,auxiliary/spoof/mdns/mdns_response,"mDNS Spoofer",,
auxiliary,auxiliary/spoof/dns/compare_results,"DNS Lookup Result Comparison",,
auxiliary,auxiliary/spoof/dns/bailiwicked_host,"DNS BailiWicked Host Attack",,
auxiliary,auxiliary/spoof/dns/native_spoofer,"Native DNS Spoofer (Example)",,
auxiliary,auxiliary/spoof/dns/bailiwicked_domain,"DNS BailiWicked Domain Attack",,
auxiliary,auxiliary/spoof/nbns/nbns_response,"NetBIOS Name Service Spoofer",,
auxiliary,auxiliary/vsploit/pii/web_pii,"VSploit Web PII",,
auxiliary,auxiliary/vsploit/pii/email_pii,"VSploit Email PII",,
auxiliary,auxiliary/vsploit/malware/dns/dns_query,"VSploit DNS Beaconing Emulation",,
auxiliary,auxiliary/vsploit/malware/dns/dns_mariposa,"VSploit Mariposa DNS Query Module",,
auxiliary,auxiliary/vsploit/malware/dns/dns_zeus,"VSploit Zeus DNS Query Module",,
auxiliary,auxiliary/scanner/vnc/ard_root_pw,"Apple Remote Desktop Root Vulnerability",,
auxiliary,auxiliary/scanner/vnc/vnc_none_auth,"VNC Authentication None Detection",,
auxiliary,auxiliary/scanner/vnc/vnc_login,"VNC Authentication Scanner",,
auxiliary,auxiliary/scanner/motorola/timbuktu_udp,"Motorola Timbuktu Service Detection",,
auxiliary,auxiliary/scanner/udp/udp_amplification,"UDP Amplification Scanner",,
auxiliary,auxiliary/scanner/udp/example,"UDP Scanner Example",,
auxiliary,auxiliary/scanner/pop3/pop3_login,"POP3 Login Utility",,
auxiliary,auxiliary/scanner/pop3/pop3_version,"POP3 Banner Grabber",,
auxiliary,auxiliary/scanner/scada/pcomclient,"Unitronics PCOM Client",,
auxiliary,auxiliary/scanner/scada/modbus_banner_grabbing,"Modbus Banner Grabbing",,
auxiliary,auxiliary/scanner/scada/modbus_findunitid,"Modbus Unit ID and Station ID Enumerator",,
auxiliary,auxiliary/scanner/scada/moxa_discover,"Moxa UDP Device Discovery",,CVE-2016-9361
auxiliary,auxiliary/scanner/scada/sielco_winlog_fileaccess,"Sielco Sistemi Winlog Remote File Access",,
auxiliary,auxiliary/scanner/scada/modbusdetect,"Modbus Version Scanner",,
auxiliary,auxiliary/scanner/scada/koyo_login,"Koyo DirectLogic PLC Password Brute Force Utility",,
auxiliary,auxiliary/scanner/scada/digi_addp_version,"Digi ADDP Information Discovery",,
auxiliary,auxiliary/scanner/scada/indusoft_ntwebserver_fileaccess,"Indusoft WebStudio NTWebServer Remote File Access",,
auxiliary,auxiliary/scanner/scada/bacnet_l3,"BACnet Scanner",,
auxiliary,auxiliary/scanner/scada/digi_realport_serialport_scan,"Digi RealPort Serial Server Port Scanner",,
auxiliary,auxiliary/scanner/scada/digi_addp_reboot,"Digi ADDP Remote Reboot Initiator",,
auxiliary,auxiliary/scanner/scada/digi_realport_version,"Digi RealPort Serial Server Version",,
auxiliary,auxiliary/scanner/scada/modbusclient,"Modbus Client Utility",,
auxiliary,auxiliary/scanner/scada/profinet_siemens,"Siemens Profinet Scanner",,
auxiliary,auxiliary/scanner/discovery/udp_sweep,"UDP Service Sweeper",,
auxiliary,auxiliary/scanner/discovery/ipv6_neighbor,"IPv6 Local Neighbor Discovery",,
auxiliary,auxiliary/scanner/discovery/ipv6_neighbor_router_advertisement,"IPv6 Local Neighbor Discovery Using Router Advertisement",,
auxiliary,auxiliary/scanner/discovery/ipv6_multicast_ping,"IPv6 Link Local/Node Local Ping Discovery",,
auxiliary,auxiliary/scanner/discovery/udp_probe,"UDP Service Prober",,
auxiliary,auxiliary/scanner/discovery/empty_udp,"UDP Empty Prober",,
auxiliary,auxiliary/scanner/discovery/arp_sweep,"ARP Sweep Local Network Discovery",,
auxiliary,auxiliary/scanner/llmnr/query,"LLMNR Query",,
auxiliary,auxiliary/scanner/varnish/varnish_cli_file_read,"Varnish Cache CLI File Read",,
auxiliary,auxiliary/scanner/varnish/varnish_cli_login,"Varnish Cache CLI Login Utility",,
auxiliary,auxiliary/scanner/couchdb/couchdb_login,"CouchDB Login Utility",,
auxiliary,auxiliary/scanner/couchdb/couchdb_enum,"CouchDB Enum Utility",,
auxiliary,auxiliary/scanner/ipmi/ipmi_cipher_zero,"IPMI 2.0 Cipher Zero Authentication Bypass Scanner",,
auxiliary,auxiliary/scanner/ipmi/ipmi_dumphashes,"IPMI 2.0 RAKP Remote SHA1 Password Hash Retrieval",,
auxiliary,auxiliary/scanner/ipmi/ipmi_version,"IPMI Information Discovery",,
auxiliary,auxiliary/scanner/redis/redis_login,"Redis Login Utility",,
auxiliary,auxiliary/scanner/redis/file_upload,"Redis File Upload",,
auxiliary,auxiliary/scanner/redis/redis_server,"Redis Command Execute Scanner",,
auxiliary,auxiliary/scanner/upnp/ssdp_amp,"SSDP ssdp:all M-SEARCH Amplification Scanner",,
auxiliary,auxiliary/scanner/upnp/ssdp_msearch,"UPnP SSDP M-SEARCH Information Discovery",,CVE-2012-5958;CVE-2012-5959;CVE-2013-0229;CVE-2013-0230
auxiliary,auxiliary/scanner/sage/x3_adxsrv_login,"Sage X3 AdxAdmin Login Scanner",,CVE-2020-7387
auxiliary,auxiliary/scanner/sip/sipdroid_ext_enum,"SIPDroid Extension Grabber",,
auxiliary,auxiliary/scanner/sip/enumerator_tcp,"SIP Username Enumerator (TCP)",,
auxiliary,auxiliary/scanner/sip/options_tcp,"SIP Endpoint Scanner (TCP)",,
auxiliary,auxiliary/scanner/sip/enumerator,"SIP Username Enumerator (UDP)",,
auxiliary,auxiliary/scanner/sip/options,"SIP Endpoint Scanner (UDP)",,
auxiliary,auxiliary/scanner/ssl/openssl_heartbleed,"OpenSSL Heartbeat (Heartbleed) Information Leak",,
auxiliary,auxiliary/scanner/ssl/openssl_ccs,"OpenSSL Server-Side ChangeCipherSpec Injection Scanner",,CVE-2014-0224
auxiliary,auxiliary/scanner/ssl/ssl_version,"SSL/TLS Version Detection",,CVE-2011-3389;CVE-2013-2566;CVE-2014-3566;CVE-2015-4000;CVE-2016-0800;CVE-2022-3358
auxiliary,auxiliary/scanner/smtp/smtp_relay,"SMTP Open Relay Detection",,
auxiliary,auxiliary/scanner/smtp/smtp_version,"SMTP Banner Grabber",,
auxiliary,auxiliary/scanner/smtp/smtp_ntlm_domain,"SMTP NTLM Domain Extraction",,
auxiliary,auxiliary/scanner/smtp/smtp_enum,"SMTP User Enumeration Utility",,
auxiliary,auxiliary/scanner/nessus/nessus_xmlrpc_ping,"Nessus XMLRPC Interface Ping Utility",,
auxiliary,auxiliary/scanner/nessus/nessus_xmlrpc_login,"Nessus XMLRPC Interface Login Utility",,
auxiliary,auxiliary/scanner/nessus/nessus_rest_login,"Nessus RPC Interface Login Utility",,
auxiliary,auxiliary/scanner/nessus/nessus_ntp_login,"Nessus NTP Login Utility",,
auxiliary,auxiliary/scanner/kerberos/kerberos_login,"Kerberos Authentication Check Scanner",,
auxiliary,auxiliary/scanner/nexpose/nexpose_api_login,"NeXpose API Interface Login Utility",,
auxiliary,auxiliary/scanner/amqp/amqp_login,"AMQP 0-9-1 Login Check Scanner",,
auxiliary,auxiliary/scanner/amqp/amqp_version,"AMQP 0-9-1 Version Scanner",,
auxiliary,auxiliary/scanner/dcerpc/endpoint_mapper,"Endpoint Mapper Service Discovery",,
auxiliary,auxiliary/scanner/dcerpc/nrpc_enumusers,"MS-NRPC Domain Users Enumeration",,
auxiliary,auxiliary/scanner/dcerpc/dfscoerce,"DFSCoerce",,
auxiliary,auxiliary/scanner/dcerpc/petitpotam,"PetitPotam",,
auxiliary,auxiliary/scanner/dcerpc/hidden,"Hidden DCERPC Service Discovery",,
auxiliary,auxiliary/scanner/dcerpc/management,"Remote Management Interface Discovery",,
auxiliary,auxiliary/scanner/dcerpc/windows_deployment_services,"Microsoft Windows Deployment Services Unattend Retrieval",,
auxiliary,auxiliary/scanner/dcerpc/tcp_dcerpc_auditor,"DCERPC TCP Service Auditor",,
auxiliary,auxiliary/scanner/postgres/postgres_version,"PostgreSQL Version Probe",,
auxiliary,auxiliary/scanner/postgres/postgres_hashdump,"Postgres Password Hashdump",,
auxiliary,auxiliary/scanner/postgres/postgres_login,"PostgreSQL Login Utility",,
auxiliary,auxiliary/scanner/postgres/postgres_schemadump,"Postgres Schema Dump",,
auxiliary,auxiliary/scanner/postgres/postgres_dbname_flag_injection,"PostgreSQL Database Name Command Line Flag Injection",,CVE-2013-1899
auxiliary,auxiliary/scanner/ftp/colorado_ftp_traversal,"ColoradoFTP Server 1.3 Build 8 Directory Traversal Information Disclosure",,
auxiliary,auxiliary/scanner/ftp/konica_ftp_traversal,"Konica Minolta FTP Utility 1.00 Directory Traversal Information Disclosure",,
auxiliary,auxiliary/scanner/ftp/easy_file_sharing_ftp,"Easy File Sharing FTP Server 3.6 Directory Traversal",,
auxiliary,auxiliary/scanner/ftp/ftp_version,"FTP Version Scanner",,
auxiliary,auxiliary/scanner/ftp/bison_ftp_traversal,"BisonWare BisonFTP Server 3.5 Directory Traversal Information Disclosure",,
auxiliary,auxiliary/scanner/ftp/pcman_ftp_traversal,"PCMan FTP Server 2.0.7 Directory Traversal Information Disclosure",,
auxiliary,auxiliary/scanner/ftp/ftp_anonymous,"Anonymous FTP Access Detection",,
auxiliary,auxiliary/scanner/ftp/ftp_login,"FTP Authentication Scanner",,
auxiliary,auxiliary/scanner/ftp/titanftp_xcrc_traversal,"Titan FTP XCRC Directory Traversal Information Disclosure",,
auxiliary,auxiliary/scanner/portmap/portmap_amp,"Portmapper Amplification Scanner",,
auxiliary,auxiliary/scanner/emc/alphastor_devicemanager,"EMC AlphaStor Device Manager Service",,
auxiliary,auxiliary/scanner/emc/alphastor_librarymanager,"EMC AlphaStor Library Manager Service",,
auxiliary,auxiliary/scanner/rdp/cve_2019_0708_bluekeep,"CVE-2019-0708 BlueKeep Microsoft Remote Desktop RCE Check",,CVE-2019-0708
auxiliary,auxiliary/scanner/rdp/ms12_020_check,"MS12-020 Microsoft Remote Desktop Checker",,
auxiliary,auxiliary/scanner/rdp/rdp_scanner,"Identify endpoints speaking the Remote Desktop Protocol (RDP)",,
auxiliary,auxiliary/scanner/kademlia/server_info,"Gather Kademlia Server Information",,
auxiliary,auxiliary/scanner/ssh/juniper_backdoor,"Juniper SSH Backdoor Scanner",,CVE-2015-7755
auxiliary,auxiliary/scanner/ssh/karaf_login,"Apache Karaf Login Utility",,
auxiliary,auxiliary/scanner/ssh/ssh_enum_git_keys,"Test SSH Github Access",,
auxiliary,auxiliary/scanner/ssh/detect_kippo,"Kippo SSH Honeypot Detector",,
auxiliary,auxiliary/scanner/ssh/cerberus_sftp_enumusers,"Cerberus FTP Server SFTP Username Enumeration",,
auxiliary,auxiliary/scanner/ssh/ssh_login,"SSH Login Check Scanner",,
auxiliary,auxiliary/scanner/ssh/ssh_identify_pubkeys,"SSH Public Key Acceptance Scanner",,
auxiliary,auxiliary/scanner/ssh/ssh_enumusers,"SSH Username Enumeration",,CVE-2018-15473
auxiliary,auxiliary/scanner/ssh/libssh_auth_bypass,"libssh Authentication Bypass Scanner",,CVE-2018-10933
auxiliary,auxiliary/scanner/ssh/ssh_version,"SSH Version Scanner",,CVE-2008-5161
auxiliary,auxiliary/scanner/ssh/apache_karaf_command_execution,"apache_karaf_command_execution",,
auxiliary,auxiliary/scanner/ssh/eaton_xpert_backdoor,"Eaton Xpert Meter SSH Private Key Exposure Scanner",,
auxiliary,auxiliary/scanner/ssh/fortinet_backdoor,"Fortinet SSH Backdoor Scanner",,
auxiliary,auxiliary/scanner/mssql/mssql_ping,"MSSQL Ping Utility",,
auxiliary,auxiliary/scanner/mssql/mssql_schemadump,"MSSQL Schema Dump",,
auxiliary,auxiliary/scanner/mssql/mssql_hashdump,"MSSQL Password Hashdump",,
auxiliary,auxiliary/scanner/mssql/mssql_version,"MSSQL Version Utility",,
auxiliary,auxiliary/scanner/mssql/mssql_login,"MSSQL Login Utility",,
auxiliary,auxiliary/scanner/natpmp/natpmp_portscan,"NAT-PMP External Port Scanner",,
auxiliary,auxiliary/scanner/imap/imap_version,"IMAP4 Banner Grabber",,
auxiliary,auxiliary/scanner/vmware/vmware_enum_users,"VMware Enumerate User Accounts",,
auxiliary,auxiliary/scanner/vmware/vmware_screenshot_stealer,"VMware Screenshot Stealer",,
auxiliary,auxiliary/scanner/vmware/vmware_http_login,"VMware Web Login Scanner",,
auxiliary,auxiliary/scanner/vmware/vmware_enum_vms,"VMware Enumerate Virtual Machines",,
auxiliary,auxiliary/scanner/vmware/esx_fingerprint,"VMware ESX/ESXi Fingerprint Scanner",,
auxiliary,auxiliary/scanner/vmware/vmware_update_manager_traversal,"VMware Update Manager 4 Directory Traversal",,
auxiliary,auxiliary/scanner/vmware/vmauthd_login,"VMware Authentication Daemon Login Scanner",,
auxiliary,auxiliary/scanner/vmware/vmware_server_dir_trav,"VMware Server Directory Traversal Vulnerability",,
auxiliary,auxiliary/scanner/vmware/vmauthd_version,"VMware Authentication Daemon Version Scanner",,
auxiliary,auxiliary/scanner/vmware/vmware_enum_permissions,"VMware Enumerate Permissions",,
auxiliary,auxiliary/scanner/vmware/vmware_enum_sessions,"VMware Enumerate Active Sessions",,
auxiliary,auxiliary/scanner/vmware/vmware_host_details,"VMware Enumerate Host Details",,
auxiliary,auxiliary/scanner/finger/finger_users,"Finger Service User Enumerator",,
auxiliary,auxiliary/scanner/dlsw/dlsw_leak_capture,"Cisco DLSw Information Disclosure Scanner",,CVE-2014-7992
auxiliary,auxiliary/scanner/backdoor/energizer_duo_detect,"Energizer DUO Trojan Scanner",,
auxiliary,auxiliary/scanner/chargen/chargen_probe,"Chargen Probe Utility",,
auxiliary,auxiliary/scanner/memcached/memcached_udp_version,"Memcached UDP Version Scanner",,
auxiliary,auxiliary/scanner/memcached/memcached_amp,"Memcached Stats Amplification Scanner",,
auxiliary,auxiliary/scanner/mdns/query,"mDNS Query",,
auxiliary,auxiliary/scanner/telephony/wardial,"Wardialer",,
auxiliary,auxiliary/scanner/dect/call_scanner,"DECT Call Scanner",,
auxiliary,auxiliary/scanner/dect/station_scanner,"DECT Base Station Scanner",,
auxiliary,auxiliary/scanner/oracle/spy_sid,"Oracle Application Server Spy Servlet SID Enumeration",,
auxiliary,auxiliary/scanner/oracle/isqlplus_sidbrute,"Oracle iSQLPlus SID Check",,
auxiliary,auxiliary/scanner/oracle/xdb_sid_brute,"Oracle XML DB SID Discovery via Brute Force",,
auxiliary,auxiliary/scanner/oracle/emc_sid,"Oracle Enterprise Manager Control SID Discovery",,
auxiliary,auxiliary/scanner/oracle/sid_enum,"Oracle TNS Listener SID Enumeration",,
auxiliary,auxiliary/scanner/oracle/sid_brute,"Oracle TNS Listener SID Bruteforce",,
auxiliary,auxiliary/scanner/oracle/tnspoison_checker,"Oracle TNS Listener Checker",,
auxiliary,auxiliary/scanner/oracle/oracle_login,"Oracle RDBMS Login Utility",,
auxiliary,auxiliary/scanner/oracle/isqlplus_login,"Oracle iSQL*Plus Login Utility",,
auxiliary,auxiliary/scanner/oracle/xdb_sid,"Oracle XML DB SID Discovery",,
auxiliary,auxiliary/scanner/oracle/oracle_hashdump,"Oracle Password Hashdump",,
auxiliary,auxiliary/scanner/oracle/tnslsnr_version,"Oracle TNS Listener Service Version Query",,
auxiliary,auxiliary/scanner/etcd/open_key_scanner,"Etcd Keys API Information Gathering",,
auxiliary,auxiliary/scanner/etcd/version,"Etcd Version Scanner",,
auxiliary,auxiliary/scanner/ivanti/ivanti_login,"Ivanti Connect Secure HTTP Scanner",,
auxiliary,auxiliary/scanner/jenkins/jenkins_udp_broadcast_enum,"Jenkins Server Broadcast Enumeration",,
auxiliary,auxiliary/scanner/mysql/mysql_authbypass_hashdump,"MySQL Authentication Bypass Password Dump",,CVE-2012-2122
auxiliary,auxiliary/scanner/mysql/mysql_version,"MySQL Server Version Enumeration",,
auxiliary,auxiliary/scanner/mysql/mysql_login,"MySQL Login Utility",,
auxiliary,auxiliary/scanner/mysql/mysql_file_enum,"MYSQL File/Directory Enumerator",,
auxiliary,auxiliary/scanner/mysql/mysql_hashdump,"MYSQL Password Hashdump",,
auxiliary,auxiliary/scanner/mysql/mysql_writable_dirs,"MYSQL Directory Write Test",,
auxiliary,auxiliary/scanner/mysql/mysql_schemadump,"MYSQL Schema Dump",,
auxiliary,auxiliary/scanner/snmp/snmp_set,"SNMP Set Module",,
auxiliary,auxiliary/scanner/snmp/cisco_upload_file,"Cisco IOS SNMP File Upload (TFTP)",,
auxiliary,auxiliary/scanner/snmp/cnpilot_r_snmp_loot,"Cambium cnPilot r200/r201 SNMP Enumeration",,
auxiliary,auxiliary/scanner/snmp/snmp_enumusers,"SNMP Windows Username Enumeration",,
auxiliary,auxiliary/scanner/snmp/snmp_enum_hp_laserjet,"HP LaserJet Printer SNMP Enumeration",,
auxiliary,auxiliary/scanner/snmp/xerox_workcentre_enumusers,"Xerox WorkCentre User Enumeration (SNMP)",,
auxiliary,auxiliary/scanner/snmp/snmp_enumshares,"SNMP Windows SMB Share Enumeration",,
auxiliary,auxiliary/scanner/snmp/ubee_ddw3611,"Ubee DDW3611b Cable Modem WiFi Enumeration",,
auxiliary,auxiliary/scanner/snmp/snmp_enum,"SNMP Enumeration Module",,
auxiliary,auxiliary/scanner/snmp/sbg6580_enum,"ARRIS / Motorola SBG6580 Cable Modem SNMP Enumeration Module",,
auxiliary,auxiliary/scanner/snmp/cisco_config_tftp,"Cisco IOS SNMP Configuration Grabber (TFTP)",,
auxiliary,auxiliary/scanner/snmp/aix_version,"AIX SNMP Scanner",,
auxiliary,auxiliary/scanner/snmp/arris_dg950,"Arris DG950A Cable Modem Wifi Enumeration",,CVE-2014-4862;CVE-2014-4863
auxiliary,auxiliary/scanner/snmp/snmp_login,"SNMP Community Login Scanner",,
auxiliary,auxiliary/scanner/snmp/netopia_enum,"Netopia 3347 Cable Modem Wifi Enumeration",,
auxiliary,auxiliary/scanner/snmp/epmp1000_snmp_loot,"Cambium ePMP 1000 SNMP Enumeration",,
auxiliary,auxiliary/scanner/snmp/brocade_enumhash,"Brocade Password Hash Enumeration",,
auxiliary,auxiliary/scanner/ubiquiti/ubiquiti_discover,"Ubiquiti Discovery Scanner",,
auxiliary,auxiliary/scanner/openvas/openvas_gsad_login,"OpenVAS gsad Web Interface Login Utility",,
auxiliary,auxiliary/scanner/openvas/openvas_omp_login,"OpenVAS OMP Login Utility",,
auxiliary,auxiliary/scanner/openvas/openvas_otp_login,"OpenVAS OTP Login Utility",,
auxiliary,auxiliary/scanner/tftp/ipswitch_whatsupgold_tftp,"ipswitch_whatsupgold_tftp",,
auxiliary,auxiliary/scanner/tftp/tftpbrute,"TFTP Brute Forcer",,
auxiliary,auxiliary/scanner/tftp/netdecision_tftp,"netdecision_tftp",,
auxiliary,auxiliary/scanner/nfs/nfsmount,"NFS Mount Scanner",,
auxiliary,auxiliary/scanner/db2/db2_auth,"DB2 Authentication Brute Force Utility",,
auxiliary,auxiliary/scanner/db2/discovery,"DB2 Discovery Service Detection",,
auxiliary,auxiliary/scanner/db2/db2_version,"DB2 Probe Utility",,
auxiliary,auxiliary/scanner/msf/msf_rpc_login,"Metasploit RPC Interface Login Utility",,
auxiliary,auxiliary/scanner/msf/msf_web_login,"Metasploit Web Interface Login Utility",,
auxiliary,auxiliary/scanner/ldap/ldap_login,"LDAP Login Scanner",,
auxiliary,auxiliary/scanner/steam/server_info,"Gather Steam Server Information",,
auxiliary,auxiliary/scanner/ntp/ntp_req_nonce_dos,"NTP Mode 6 REQ_NONCE DRDoS Scanner",,
auxiliary,auxiliary/scanner/ntp/ntp_peer_list_dos,"NTP Mode 7 PEER_LIST DoS Scanner",,
auxiliary,auxiliary/scanner/ntp/ntp_nak_to_the_future,"NTP 'NAK to the Future'",,
auxiliary,auxiliary/scanner/ntp/ntp_readvar,"NTP Clock Variables Disclosure",,
auxiliary,auxiliary/scanner/ntp/ntp_monlist,"NTP Monitor List Scanner",,CVE-2013-5211
auxiliary,auxiliary/scanner/ntp/ntp_reslist_dos,"NTP Mode 7 GET_RESTRICT DRDoS Scanner",,
auxiliary,auxiliary/scanner/ntp/timeroast,"NTP Timeroast",,
auxiliary,auxiliary/scanner/ntp/ntp_unsettrap_dos,"NTP Mode 6 UNSETTRAP DRDoS Scanner",,
auxiliary,auxiliary/scanner/ntp/ntp_peer_list_sum_dos,"NTP Mode 7 PEER_LIST_SUM DoS Scanner",,
auxiliary,auxiliary/scanner/dns/dns_amp,"DNS Amplification Scanner",,
auxiliary,auxiliary/scanner/gprs/gtp_echo,"GTP Echo Scanner",,
auxiliary,auxiliary/scanner/pcanywhere/pcanywhere_udp,"PcAnywhere UDP Service Discovery",,
auxiliary,auxiliary/scanner/pcanywhere/pcanywhere_tcp,"PcAnywhere TCP Service Discovery",,
auxiliary,auxiliary/scanner/pcanywhere/pcanywhere_login,"PcAnywhere Login Scanner",,
auxiliary,auxiliary/scanner/printer/printer_delete_file,"printer_delete_file",,
auxiliary,auxiliary/scanner/printer/printer_upload_file,"printer_upload_file",,
auxiliary,auxiliary/scanner/printer/printer_env_vars,"printer_env_vars",,
auxiliary,auxiliary/scanner/printer/printer_list_volumes,"printer_list_volumes",,
auxiliary,auxiliary/scanner/printer/printer_list_dir,"printer_list_dir",,
auxiliary,auxiliary/scanner/printer/printer_download_file,"printer_download_file",,
auxiliary,auxiliary/scanner/printer/printer_version_info,"printer_version_info",,
auxiliary,auxiliary/scanner/printer/printer_ready_message,"printer_ready_message",,
auxiliary,auxiliary/scanner/printer/canon_iradv_pwd_extract,"Canon IR-Adv Password Extractor",,
auxiliary,auxiliary/scanner/sonicwall/sonicwall_login,"SonicWall HTTP Login Scanner",,
auxiliary,auxiliary/scanner/rogue/rogue_send,"Rogue Gateway Detection: Sender",,
auxiliary,auxiliary/scanner/rogue/rogue_recv,"Rogue Gateway Detection: Receiver",,
auxiliary,auxiliary/scanner/ike/cisco_ike_benigncertain,"Cisco IKE Information Disclosure",,CVE-2016-6415
auxiliary,auxiliary/scanner/teamcity/teamcity_login,"JetBrains TeamCity Login Scanner",,
auxiliary,auxiliary/scanner/x11/open_x11,"X11 No-Auth Scanner",,
auxiliary,auxiliary/scanner/lotus/lotus_domino_version,"Lotus Domino Version",,
auxiliary,auxiliary/scanner/lotus/lotus_domino_hashes,"Lotus Domino Password Hash Collector",,
auxiliary,auxiliary/scanner/lotus/lotus_domino_login,"Lotus Domino Brute Force Utility",,
auxiliary,auxiliary/scanner/afp/afp_server_info,"Apple Filing Protocol Info Enumerator",,
auxiliary,auxiliary/scanner/afp/afp_login,"Apple Filing Protocol Login Utility",,
auxiliary,auxiliary/scanner/nntp/nntp_login,"NNTP Login Utility",,
auxiliary,auxiliary/scanner/telnet/lantronix_telnet_password,"Lantronix Telnet Password Recovery",,
auxiliary,auxiliary/scanner/telnet/satel_cmd_exec,"Satel Iberia SenNet Data Logger and Electricity Meters Command Injection Vulnerability",,
auxiliary,auxiliary/scanner/telnet/telnet_encrypt_overflow,"Telnet Service Encryption Key ID Overflow Detection",,
auxiliary,auxiliary/scanner/telnet/brocade_enable_login,"Brocade Enable Login Check Scanner",,
auxiliary,auxiliary/scanner/telnet/lantronix_telnet_version,"Lantronix Telnet Service Banner Detection",,
auxiliary,auxiliary/scanner/telnet/telnet_ruggedcom,"RuggedCom Telnet Password Generator",,
auxiliary,auxiliary/scanner/telnet/telnet_login,"Telnet Login Check Scanner",,
auxiliary,auxiliary/scanner/telnet/telnet_version,"Telnet Service Banner Detection",,
auxiliary,auxiliary/scanner/ip/ipidseq,"IPID Sequence Scanner",,
auxiliary,auxiliary/scanner/wsdd/wsdd_query,"WS-Discovery Information Discovery",,
auxiliary,auxiliary/scanner/msmq/cve_2023_21554_queuejumper,"CVE-2023-21554 - QueueJumper - MSMQ RCE Check",,CVE-2023-21554
auxiliary,auxiliary/scanner/rservices/rlogin_login,"rlogin Authentication Scanner",,
auxiliary,auxiliary/scanner/rservices/rsh_login,"rsh Authentication Scanner",,
auxiliary,auxiliary/scanner/rservices/rexec_login,"rexec Authentication Scanner",,
auxiliary,auxiliary/scanner/gopher/gopher_gophermap,"Gopher gophermap Scanner",,
auxiliary,auxiliary/scanner/portscan/ack,"TCP ACK Firewall Scanner",,
auxiliary,auxiliary/scanner/portscan/tcp,"TCP Port Scanner",,
auxiliary,auxiliary/scanner/portscan/syn,"TCP SYN Port Scanner",,
auxiliary,auxiliary/scanner/portscan/xmas,"TCP 'XMas' Port Scanner",,
auxiliary,auxiliary/scanner/portscan/ftpbounce,"FTP Bounce Port Scanner",,
auxiliary,auxiliary/scanner/http/rewrite_proxy_bypass,"Apache Reverse Proxy Bypass Vulnerability Scanner",,
auxiliary,auxiliary/scanner/http/nagios_xi_scanner,"Nagios XI Scanner",,
auxiliary,auxiliary/scanner/http/apache_normalize_path,"Apache 2.4.49/2.4.50 Traversal RCE scanner",,CVE-2021-41773;CVE-2021-42013
auxiliary,auxiliary/scanner/http/mybook_live_login,"Western Digital MyBook Live Login Utility",,
auxiliary,auxiliary/scanner/http/cisco_directory_traversal,"Cisco ASA Directory Traversal",,
auxiliary,auxiliary/scanner/http/soap_xml,"HTTP SOAP Verb/Noun Brute Force Scanner",,
auxiliary,auxiliary/scanner/http/frontpage_login,"FrontPage Server Extensions Anonymous Login Scanner",,
auxiliary,auxiliary/scanner/http/smt_ipmi_49152_exposure,"Supermicro Onboard IPMI Port 49152 Sensitive File Exposure",,
auxiliary,auxiliary/scanner/http/wordpress_ghost_scanner,"WordPress XMLRPC GHOST Vulnerability Scanner",,CVE-2015-0235
auxiliary,auxiliary/scanner/http/manageengine_deviceexpert_user_creds,"ManageEngine DeviceExpert User Credentials",,
auxiliary,auxiliary/scanner/http/novell_file_reporter_fsfui_fileaccess,"NFR Agent FSFUI Record Arbitrary Remote File Access",,CVE-2012-4959
auxiliary,auxiliary/scanner/http/squiz_matrix_user_enum,"Squiz Matrix User Enumeration Scanner",,
auxiliary,auxiliary/scanner/http/elasticsearch_traversal,"ElasticSearch Snapshot API Directory Traversal",,CVE-2015-5531
auxiliary,auxiliary/scanner/http/mod_negotiation_brute,"Apache HTTPD mod_negotiation Filename Bruter",,
auxiliary,auxiliary/scanner/http/cisco_ios_auth_bypass,"Cisco IOS HTTP Unauthorized Administrative Access",,
auxiliary,auxiliary/scanner/http/servicedesk_plus_traversal,"servicedesk_plus_traversal",,
auxiliary,auxiliary/scanner/http/wp_ti_woocommerce_wishlist_sqli,"WordPress TI WooCommerce Wishlist SQL Injection (CVE-2024-43917)",,CVE-2024-43917
auxiliary,auxiliary/scanner/http/surgenews_user_creds,"SurgeNews User Credentials",,
auxiliary,auxiliary/scanner/http/verb_auth_bypass,"HTTP Verb Authentication Bypass Scanner",,
auxiliary,auxiliary/scanner/http/epmp1000_web_login,"Cambium ePMP 1000 Login Scanner",,
auxiliary,auxiliary/scanner/http/accellion_fta_statecode_file_read,"accellion_fta_statecode_file_read",,CVE-2015-2856;CVE-2015-2857
auxiliary,auxiliary/scanner/http/softing_sis_login,"Softing Secure Integration Server Login Utility",,
auxiliary,auxiliary/scanner/http/backup_file,"HTTP Backup File Scanner",,
auxiliary,auxiliary/scanner/http/apache_nifi_version,"Apache NiFi Version Scanner",,
auxiliary,auxiliary/scanner/http/canon_wireless,"Canon Printer Wireless Configuration Disclosure",,
auxiliary,auxiliary/scanner/http/dicoogle_traversal,"Dicoogle PACS Web Server Directory Traversal",,
auxiliary,auxiliary/scanner/http/hp_imc_reportimgservlt_traversal,"HP Intelligent Management ReportImgServlt Directory Traversal",,
auxiliary,auxiliary/scanner/http/bavision_cam_login,"BAVision IP Camera Web Server Login",,
auxiliary,auxiliary/scanner/http/hp_imc_faultdownloadservlet_traversal,"HP Intelligent Management FaultDownloadServlet Directory Traversal",,
auxiliary,auxiliary/scanner/http/joomla_pages,"Joomla Page Scanner",,
auxiliary,auxiliary/scanner/http/pretalx_file_read_cve_2023_28459,"Pretalx Arbitrary File Read/Limited File Write",,
auxiliary,auxiliary/scanner/http/ektron_cms400net,"Ektron CMS400.NET Default Password Scanner",,
auxiliary,auxiliary/scanner/http/git_scanner,"HTTP Git Scanner",,
auxiliary,auxiliary/scanner/http/apache_mod_cgi_bash_env,"Apache mod_cgi Bash Environment Variable Injection (Shellshock) Scanner",,CVE-2014-6271;CVE-2014-6278
auxiliary,auxiliary/scanner/http/a10networks_ax_directory_traversal,"A10 Networks AX Loadbalancer Directory Traversal",,
auxiliary,auxiliary/scanner/http/wordpress_content_injection,"WordPress REST API Content Injection",,
auxiliary,auxiliary/scanner/http/tvt_nvms_traversal,"TVT NVMS-1000 Directory Traversal",,
auxiliary,auxiliary/scanner/http/epmp1000_get_chart_cmd_exec,"epmp1000_get_chart_cmd_exec",,
auxiliary,auxiliary/scanner/http/sockso_traversal,"Sockso Music Host Server 1.5 Directory Traversal",,
auxiliary,auxiliary/scanner/http/httpbl_lookup,"Http:BL Lookup",,
auxiliary,auxiliary/scanner/http/springcloud_directory_traversal,"Directory Traversal in Spring Cloud Config Server",,CVE-2020-5410
auxiliary,auxiliary/scanner/http/wp_paid_membership_pro_code_sqli,"Wordpress Paid Membership Pro code Unauthenticated SQLi",,
auxiliary,auxiliary/scanner/http/xorcom_completepbx_file_disclosure,"Xorcom CompletePBX Authenticated File Disclosure via Backup Download",,
auxiliary,auxiliary/scanner/http/vicidial_multiple_sqli,"VICIdial Multiple Authenticated SQLi",,
auxiliary,auxiliary/scanner/http/wp_registrationmagic_sqli,"Wordpress RegistrationMagic task_ids Authenticated SQLi",,CVE-2021-24862
auxiliary,auxiliary/scanner/http/exchange_web_server_pushsubscription,"Microsoft Exchange Privilege Escalation Exploit",,CVE-2019-0724
auxiliary,auxiliary/scanner/http/sybase_easerver_traversal,"Sybase Easerver 6.3 Directory Traversal",,
auxiliary,auxiliary/scanner/http/glassfish_traversal,"Path Traversal in Oracle GlassFish Server Open Source Edition",,
auxiliary,auxiliary/scanner/http/wp_easy_wp_smtp,"WordPress Easy WP SMTP Password Reset",,
auxiliary,auxiliary/scanner/http/cisco_ssl_vpn_priv_esc,"Cisco ASA SSL VPN Privilege Escalation Vulnerability",,
auxiliary,auxiliary/scanner/http/openmind_messageos_login,"OpenMind Message-OS Portal Login Brute Force Utility",,
auxiliary,auxiliary/scanner/http/citrix_netscaler_cve_2026_3055,"Citrix ADC (NetScaler) CVE-2026-3055 Scanner",,CVE-2023-4966;CVE-2026-3055
auxiliary,auxiliary/scanner/http/wordpress_cp_calendar_sqli,"WordPress CP Multi-View Calendar Unauthenticated SQL Injection Scanner",,
auxiliary,auxiliary/scanner/http/netgear_sph200d_traversal,"Netgear SPH200D Directory Traversal Vulnerability",,
auxiliary,auxiliary/scanner/http/jupyter_login,"Jupyter Login Utility",,
auxiliary,auxiliary/scanner/http/binom3_login_config_pass_dump,"Binom3 Web Management Login Scanner, Config and Password File Dump",,
auxiliary,auxiliary/scanner/http/pfsense_login,"pfSense Login Scanner",,
auxiliary,auxiliary/scanner/http/opnsense_login,"OPNSense Login Scanner",,
auxiliary,auxiliary/scanner/http/crawler,"Web Site Crawler",,
auxiliary,auxiliary/scanner/http/symantec_brightmail_ldapcreds,"Symantec Messaging Gateway 10 Exposure of Stored AD Password Vulnerability",,
auxiliary,auxiliary/scanner/http/dlink_user_agent_backdoor,"D-Link User-Agent Backdoor Scanner",,
auxiliary,auxiliary/scanner/http/sap_businessobjects_user_enum,"SAP BusinessObjects User Enumeration",,
auxiliary,auxiliary/scanner/http/jenkins_enum,"Jenkins-CI Enumeration",,
auxiliary,auxiliary/scanner/http/goahead_traversal,"Embedthis GoAhead Embedded Web Server Directory Traversal",,
auxiliary,auxiliary/scanner/http/wp_ultimate_member_sorting_sqli,"WordPress Ultimate Member SQL Injection (CVE-2024-1071)",,CVE-2024-1071
auxiliary,auxiliary/scanner/http/webdav_website_content,"HTTP WebDAV Website Content Scanner",,
auxiliary,auxiliary/scanner/http/azure_ad_login,"Microsoft Azure Active Directory Login Enumeration",,
auxiliary,auxiliary/scanner/http/manageengine_desktop_central_login,"ManageEngine Desktop Central Login Utility",,
auxiliary,auxiliary/scanner/http/blind_sql_query,"HTTP Blind SQL Injection Scanner",,
auxiliary,auxiliary/scanner/http/wp_contus_video_gallery_sqli,"WordPress Contus Video Gallery Unauthenticated SQL Injection Scanner",,
auxiliary,auxiliary/scanner/http/wp_secure_copy_content_protection_sqli,"Wordpress Secure Copy Content Protection and Content Locking sccp_id Unauthenticated SQLi",,CVE-2021-24931
auxiliary,auxiliary/scanner/http/rails_json_yaml_scanner,"Ruby on Rails JSON Processor YAML Deserialization Scanner",,CVE-2013-0156
auxiliary,auxiliary/scanner/http/cisco_asa_clientless_vpn,"Cisco ASA Clientless SSL VPN (WebVPN) Brute-force Login Utility",,
auxiliary,auxiliary/scanner/http/wordpress_pingback_access,"Wordpress Pingback Locator",,
auxiliary,auxiliary/scanner/http/chromecast_wifi,"Chromecast Wifi Enumeration",,
auxiliary,auxiliary/scanner/http/mediawiki_svg_fileaccess,"MediaWiki SVG XML Entity Expansion Remote File Access",,
auxiliary,auxiliary/scanner/http/smt_ipmi_static_cert_scanner,"Supermicro Onboard IPMI Static SSL Certificate Scanner",,CVE-2013-3619
auxiliary,auxiliary/scanner/http/synology_forget_passwd_user_enum,"Synology Forget Password User Enumeration Scanner",,
auxiliary,auxiliary/scanner/http/webdav_scanner,"HTTP WebDAV Scanner",,
auxiliary,auxiliary/scanner/http/hp_sys_mgmt_login,"hp_sys_mgmt_login",,
auxiliary,auxiliary/scanner/http/cgit_traversal,"cgit Directory Traversal",,
auxiliary,auxiliary/scanner/http/wp_learnpress_c_fields_sqli,"WordPress LearnPress Unauthenticated SQLi (CVE-2024-8522, CVE-2024-8529)",,CVE-2024-8522;CVE-2024-8529
auxiliary,auxiliary/scanner/http/ntlm_info_enumeration,"Host Information Enumeration via NTLM Authentication",,
auxiliary,auxiliary/scanner/http/owa_login,"Outlook Web App (OWA) Brute Force Utility",,
auxiliary,auxiliary/scanner/http/host_header_injection,"HTTP Host Header Injection Detection",,
auxiliary,auxiliary/scanner/http/telerik_report_server_auth_bypass,"Telerik Report Server Auth Bypass",,CVE-2024-1800;CVE-2024-4358
auxiliary,auxiliary/scanner/http/allegro_rompager_misfortune_cookie,"allegro_rompager_misfortune_cookie",,CVE-2014-9222
auxiliary,auxiliary/scanner/http/sentry_cdu_enum,"Sentry Switched CDU Bruteforce Login Utility",,
auxiliary,auxiliary/scanner/http/citrix_dir_traversal,"Citrix ADC (NetScaler) Directory Traversal Scanner",,CVE-2019-19781
auxiliary,auxiliary/scanner/http/http_hsts,"HTTP Strict Transport Security (HSTS) Detection",,
auxiliary,auxiliary/scanner/http/emby_version_ssrf,"Emby Version Scanner",,CVE-2020-26948
auxiliary,auxiliary/scanner/http/cisco_ironport_enum,"Cisco Ironport Bruteforce Login Utility",,
auxiliary,auxiliary/scanner/http/splunk_web_login,"Splunk Web Interface Login Utility",,
auxiliary,auxiliary/scanner/http/tomcat_enum,"Apache Tomcat User Enumeration",,
auxiliary,auxiliary/scanner/http/grafana_plugin_traversal,"Grafana Plugin Path Traversal",,CVE-2021-43798
auxiliary,auxiliary/scanner/http/trace_axd,"HTTP trace.axd Content Scanner",,
auxiliary,auxiliary/scanner/http/files_dir,"HTTP Interesting File Scanner",,
auxiliary,auxiliary/scanner/http/novell_file_reporter_srs_fileaccess,"NFR Agent SRS Record Arbitrary Remote File Access",,CVE-2012-4959
auxiliary,auxiliary/scanner/http/zabbix_login,"Zabbix Server Brute Force Utility",,
auxiliary,auxiliary/scanner/http/netdecision_traversal,"NetDecision NOCVision Server Directory Traversal",,
auxiliary,auxiliary/scanner/http/wordpress_scanner,"Wordpress Scanner",,
auxiliary,auxiliary/scanner/http/robots_txt,"HTTP Robots.txt Content Scanner",,
auxiliary,auxiliary/scanner/http/zenload_balancer_traversal,"Zen Load Balancer Directory Traversal",,
auxiliary,auxiliary/scanner/http/syncovery_linux_token_cve_2022_36536,"Syncovery For Linux Web-GUI Session Token Brute-Forcer",,
auxiliary,auxiliary/scanner/http/apache_optionsbleed,"Apache Optionsbleed Scanner",,
auxiliary,auxiliary/scanner/http/httpdasm_directory_traversal,"Httpdasm Directory Traversal",,
auxiliary,auxiliary/scanner/http/kodi_traversal,"Kodi 17.0 Local File Inclusion Vulnerability",,
auxiliary,auxiliary/scanner/http/iis_internal_ip,"Microsoft IIS HTTP Internal IP Disclosure",,CVE-2000-0649
auxiliary,auxiliary/scanner/http/oracle_demantra_database_credentials_leak,"Oracle Demantra Database Credentials Leak",,CVE-2013-5795;CVE-2013-5880
auxiliary,auxiliary/scanner/http/http_version,"HTTP Version Detection",,
auxiliary,auxiliary/scanner/http/scraper,"HTTP Page Scraper",,
auxiliary,auxiliary/scanner/http/gitlab_version,"Gitlab Version Scanner",,
auxiliary,auxiliary/scanner/http/joomla_ecommercewd_sqli_scanner,"Web-Dorado ECommerce WD for Joomla! search_category_id SQL Injection Scanner",,CVE-2015-2562
auxiliary,auxiliary/scanner/http/owa_iis_internal_ip,"Outlook Web App (OWA) / Client Access Server (CAS) IIS HTTP Internal IP Disclosure",,
auxiliary,auxiliary/scanner/http/http_traversal,"Generic HTTP Directory Traversal Utility",,
auxiliary,auxiliary/scanner/http/svn_wcdb_scanner,"SVN wc.db Scanner",,
auxiliary,auxiliary/scanner/http/novell_mdm_creds,"Novell Zenworks Mobile Device Management Admin Credentials",,
auxiliary,auxiliary/scanner/http/bmc_trackit_passwd_reset,"BMC TrackIt! Unauthenticated Arbitrary User Password Change",,
auxiliary,auxiliary/scanner/http/oracle_demantra_file_retrieval,"Oracle Demantra Arbitrary File Retrieval with Authentication Bypass",,CVE-2013-5877;CVE-2013-5880
auxiliary,auxiliary/scanner/http/hp_imc_som_file_download,"HP Intelligent Management SOM FileDownloadServlet Arbitrary Download",,
auxiliary,auxiliary/scanner/http/coldfusion_version,"ColdFusion Version Scanner",,
auxiliary,auxiliary/scanner/http/sap_businessobjects_user_brute_web,"SAP BusinessObjects Web User Bruteforcer",,
auxiliary,auxiliary/scanner/http/coldfusion_locale_traversal,"ColdFusion Server Check",,CVE-2010-2861
auxiliary,auxiliary/scanner/http/wp_simple_backup_file_read,"WordPress Simple Backup File Read Vulnerability",,
auxiliary,auxiliary/scanner/http/phpmyadmin_login,"PhpMyAdmin Login Scanner",,
auxiliary,auxiliary/scanner/http/wp_perfect_survey_sqli,"WordPress Plugin Perfect Survey 1.5.1 SQLi (Unauthenticated)",,
auxiliary,auxiliary/scanner/http/vicidial_sql_enum_users_pass,"Vicidial SQL Injection Time-based Admin Credentials Enumeration",,
auxiliary,auxiliary/scanner/http/brute_dirs,"HTTP Directory Brute Force Scanner",,
auxiliary,auxiliary/scanner/http/dir_scanner,"HTTP Directory Scanner",,
auxiliary,auxiliary/scanner/http/apache_userdir_enum,"Apache 'mod_userdir' User Enumeration",,
auxiliary,auxiliary/scanner/http/strapi_3_password_reset,"Strapi CMS Unauthenticated Password Reset",,CVE-2019-18818
auxiliary,auxiliary/scanner/http/wowza_streaming_engine_manager_login,"Wowza Streaming Engine Manager Login Utility",,
auxiliary,auxiliary/scanner/http/barracuda_directory_traversal,"Barracuda Multiple Product 'locale' Directory Traversal",,
auxiliary,auxiliary/scanner/http/litellm_proxy_sqli,"BerriAI LiteLLM Proxy Pre-Auth SQL Injection Scanner",,CVE-2026-42208
auxiliary,auxiliary/scanner/http/wp_abandoned_cart_sqli,"Abandoned Cart for WooCommerce SQLi Scanner",,
auxiliary,auxiliary/scanner/http/cisco_firepower_login,"Cisco Firepower Management Console 6.0 Login",,
auxiliary,auxiliary/scanner/http/cnpilot_r_web_login_loot,"Cambium cnPilot r200/r201 Login Scanner and Config Dump",,
auxiliary,auxiliary/scanner/http/wp_mobileedition_file_read,"WordPress Mobile Edition File Read Vulnerability",,
auxiliary,auxiliary/scanner/http/hp_imc_ictdownloadservlet_traversal,"HP Intelligent Management IctDownloadServlet Directory Traversal",,
auxiliary,auxiliary/scanner/http/epmp1000_ping_cmd_exec,"epmp1000_ping_cmd_exec",,
auxiliary,auxiliary/scanner/http/springcloud_traversal,"Spring Cloud Config Server Directory Traversal",,CVE-2019-3799
auxiliary,auxiliary/scanner/http/xorcom_completepbx_diagnostics_file_read,"Xorcom CompletePBX Arbitrary File Read and Deletion via systemDataFileName",,CVE-2025-30005
auxiliary,auxiliary/scanner/http/hp_sitescope_getsitescopeconfiguration,"HP SiteScope SOAP Call getSiteScopeConfiguration Configuration Access",,
auxiliary,auxiliary/scanner/http/concrete5_member_list,"Concrete5 Member List Enumeration",,
auxiliary,auxiliary/scanner/http/xpath,"HTTP Blind XPATH 1.0 Injector",,
auxiliary,auxiliary/scanner/http/joomla_version,"Joomla Version Scanner",,
auxiliary,auxiliary/scanner/http/elasticsearch_memory_disclosure,"Elasticsearch Memory Disclosure",,
auxiliary,auxiliary/scanner/http/apache_nifi_login,"Apache NiFi Login Scanner",,
auxiliary,auxiliary/scanner/http/support_center_plus_directory_traversal,"support_center_plus_directory_traversal",,
auxiliary,auxiliary/scanner/http/influxdb_enum,"InfluxDB Enum Utility",,
auxiliary,auxiliary/scanner/http/chromecast_webserver,"Chromecast Web Server Scanner",,
auxiliary,auxiliary/scanner/http/gitlab_login,"GitLab Login Utility",,
auxiliary,auxiliary/scanner/http/dolibarr_login,"Dolibarr ERP/CRM Login Utility",,
auxiliary,auxiliary/scanner/http/citrix_bleed_cve_2023_4966,"Citrix ADC (NetScaler) Bleed Scanner",,CVE-2023-4966
auxiliary,auxiliary/scanner/http/apache_activemq_traversal,"Apache ActiveMQ Directory Traversal",,
auxiliary,auxiliary/scanner/http/wp_fastest_cache_sqli,"WordPress WP Fastest Cache Unauthenticated SQLi (CVE-2023-6063)",,CVE-2023-6063
auxiliary,auxiliary/scanner/http/wp_nextgen_galley_file_read,"WordPress NextGEN Gallery Directory Read Vulnerability",,
auxiliary,auxiliary/scanner/http/glassfish_login,"GlassFish Brute Force Utility",,
auxiliary,auxiliary/scanner/http/majordomo2_directory_traversal,"Majordomo2 _list_file_get() Directory Traversal",,
auxiliary,auxiliary/scanner/http/meteocontrol_weblog_extractadmin,"Meteocontrol WEBlog Password Extractor",,
auxiliary,auxiliary/scanner/http/nginx_source_disclosure,"Nginx Source Code Disclosure/Download",,
auxiliary,auxiliary/scanner/http/dolibarr_16_contact_dump,"Dolibarr 16 pre-auth contact database dump",,
auxiliary,auxiliary/scanner/http/ms15_034_http_sys_memory_dump,"MS15-034 HTTP Protocol Stack Request Handling HTTP.SYS Memory Information Disclosure",,
auxiliary,auxiliary/scanner/http/dir_listing,"HTTP Directory Listing Scanner",,
auxiliary,auxiliary/scanner/http/radware_appdirector_enum,"Radware AppDirector Bruteforce Login Utility",,
auxiliary,auxiliary/scanner/http/dlink_dir_300_615_http_login,"D-Link DIR-300A / DIR-320 / DIR-615D HTTP Login Utility",,
auxiliary,auxiliary/scanner/http/manageengine_securitymanager_traversal,"ManageEngine SecurityManager Plus 5.5 Directory Traversal",,
auxiliary,auxiliary/scanner/http/jboss_vulnscan,"JBoss Vulnerability Scanner",,
auxiliary,auxiliary/scanner/http/vcms_login,"V-CMS Login Utility",,
auxiliary,auxiliary/scanner/http/oracle_ilom_login,"Oracle ILO Manager Login Brute Force Utility",,
auxiliary,auxiliary/scanner/http/zenworks_assetmanagement_getconfig,"Novell ZENworks Asset Management 7.5 Configuration Access",,CVE-2012-4933
auxiliary,auxiliary/scanner/http/joomla_bruteforce_login,"Joomla Bruteforce Login Utility",,
auxiliary,auxiliary/scanner/http/joomla_plugins,"Joomla Plugins Scanner",,
auxiliary,auxiliary/scanner/http/webpagetest_traversal,"WebPageTest Directory Traversal",,
auxiliary,auxiliary/scanner/http/error_sql_injection,"HTTP Error Based SQL Injection Scanner",,
auxiliary,auxiliary/scanner/http/ipboard_login,"IP Board Login Auxiliary Module",,
auxiliary,auxiliary/scanner/http/cisco_asa_asdm_bruteforce,"Cisco ASA ASDM Brute-force Login",,
auxiliary,auxiliary/scanner/http/rails_mass_assignment,"Ruby On Rails Attributes Mass Assignment Scanner",,
auxiliary,auxiliary/scanner/http/joomla_gallerywd_sqli_scanner,"Gallery WD for Joomla! Unauthenticated SQL Injection Scanner",,
auxiliary,auxiliary/scanner/http/jira_user_enum,"Jira Users Enumeration",,
auxiliary,auxiliary/scanner/http/atlassian_crowd_fileaccess,"Atlassian Crowd XML Entity Expansion Remote File Access",,
auxiliary,auxiliary/scanner/http/clansphere_traversal,"ClanSphere 2011.3 Local File Inclusion Vulnerability",,
auxiliary,auxiliary/scanner/http/linknat_vos_traversal,"Linknat Vos Manager Traversal",,
auxiliary,auxiliary/scanner/http/bitweaver_overlay_type_traversal,"Bitweaver overlay_type Directory Traversal",,
auxiliary,auxiliary/scanner/http/totaljs_traversal,"Total.js prior to 3.2.4 Directory Traversal",,CVE-2019-8903
auxiliary,auxiliary/scanner/http/s40_traversal,"S40 0.4.2 CMS Directory Traversal Vulnerability",,
auxiliary,auxiliary/scanner/http/symantec_brightmail_logfile,"Symantec Messaging Gateway 9.5 Log File Download Vulnerability",,
auxiliary,auxiliary/scanner/http/advantech_webaccess_login,"Advantech WebAccess Login",,
auxiliary,auxiliary/scanner/http/wp_subscribe_comments_file_read,"WordPress Subscribe Comments File Read Vulnerability",,
auxiliary,auxiliary/scanner/http/wp_arbitrary_file_deletion,"Wordpress Arbitrary File Deletion",,
auxiliary,auxiliary/scanner/http/http_put,"HTTP Writable Path PUT/DELETE File Access",,
auxiliary,auxiliary/scanner/http/buffalo_login,"Buffalo NAS Login Utility",,
auxiliary,auxiliary/scanner/http/litespeed_source_disclosure,"LiteSpeed Source Code Disclosure/Download",,
auxiliary,auxiliary/scanner/http/http_login,"HTTP Login Utility",,
auxiliary,auxiliary/scanner/http/webdav_internal_ip,"HTTP WebDAV Internal IP Scanner",,
auxiliary,auxiliary/scanner/http/chef_webui_login,"Chef Web UI Brute Force Utility",,
auxiliary,auxiliary/scanner/http/octopusdeploy_login,"Octopus Deploy Login Utility",,
auxiliary,auxiliary/scanner/http/intel_amt_digest_bypass,"Intel AMT Digest Authentication Bypass Scanner",,CVE-2017-5689
auxiliary,auxiliary/scanner/http/caidao_bruteforce_login,"Chinese Caidao Backdoor Bruteforce",,
auxiliary,auxiliary/scanner/http/nextjs_middleware_auth_bypass,"Next.js Middleware Authorization Bypass Scanner",,CVE-2025-29927
auxiliary,auxiliary/scanner/http/epmp1000_dump_config,"Cambium ePMP 1000 Dump Device Config",,
auxiliary,auxiliary/scanner/http/cassandra_web_file_read,"Cassandra Web File Read Vulnerability",,
auxiliary,auxiliary/scanner/http/simple_webserver_traversal,"Simple Web Server 2.3-RC1 Directory Traversal",,
auxiliary,auxiliary/scanner/http/cisco_ssl_vpn,"Cisco SSL VPN Bruteforce Login Utility",,
auxiliary,auxiliary/scanner/http/wp_email_sub_news_sqli,"WordPress Email Subscribers and Newsletter Hash SQLi Scanner",,
auxiliary,auxiliary/scanner/http/tomcat_mgr_login,"Tomcat Application Manager Login Utility",,
auxiliary,auxiliary/scanner/http/axis_login,"Apache Axis2 Brute Force Utility",,
auxiliary,auxiliary/scanner/http/emby_ssrf_scanner,"Emby SSRF HTTP Scanner",,CVE-2020-26948
auxiliary,auxiliary/scanner/http/groupwise_agents_http_traversal,"Novell Groupwise Agents HTTP Directory Traversal",,
auxiliary,auxiliary/scanner/http/sevone_enum,"SevOne Network Performance Management Application Brute Force Login Utility",,
auxiliary,auxiliary/scanner/http/zenworks_assetmanagement_fileaccess,"Novell ZENworks Asset Management 7.5 Remote File Access",,CVE-2012-4933
auxiliary,auxiliary/scanner/http/owa_ews_login,"OWA Exchange Web Services (EWS) Login Scanner",,
auxiliary,auxiliary/scanner/http/syncovery_linux_login,"Syncovery For Linux Web-GUI Login Utility",,
auxiliary,auxiliary/scanner/http/lucky_punch,"HTTP Microsoft SQL Injection Table XSS Infection",,
auxiliary,auxiliary/scanner/http/cisco_firepower_download,"cisco_firepower_download",,
auxiliary,auxiliary/scanner/http/hp_sitescope_getfileinternal_fileaccess,"HP SiteScope SOAP Call getFileInternal Remote File Access",,
auxiliary,auxiliary/scanner/http/symantec_web_gateway_login,"Symantec Web Gateway Login Utility",,
auxiliary,auxiliary/scanner/http/gitlab_graphql_user_enum,"GitLab GraphQL API User Enumeration",,CVE-2021-4191
auxiliary,auxiliary/scanner/http/wp_learnpress_sqli,"Wordpress LearnPress current_items Authenticated SQLi",,
auxiliary,auxiliary/scanner/http/vhost_scanner,"HTTP Virtual Host Brute Force Scanner",,
auxiliary,auxiliary/scanner/http/titan_ftp_admin_pwd,"Titan FTP Administrative Password Disclosure",,
auxiliary,auxiliary/scanner/http/infovista_enum,"InfoVista VistaPortal Application Bruteforce Login Utility",,
auxiliary,auxiliary/scanner/http/etherpad_duo_login,"EtherPAD Duo Login Bruteforce Utility",,
auxiliary,auxiliary/scanner/http/wp_loginizer_log_sqli,"WordPress Loginizer log SQLi Scanner",,
auxiliary,auxiliary/scanner/http/http_sickrage_password_leak,"HTTP SickRage Password Leak",,
auxiliary,auxiliary/scanner/http/wp_mobile_pack_info_disclosure,"WordPress Mobile Pack Information Disclosure Vulnerability",,
auxiliary,auxiliary/scanner/http/web_vulndb,"HTTP Vuln Scanner",,
auxiliary,auxiliary/scanner/http/mod_negotiation_scanner,"Apache HTTPD mod_negotiation Scanner",,
auxiliary,auxiliary/scanner/http/enum_wayback,"Archive.org Stored Domain URLs",,
auxiliary,auxiliary/scanner/http/epmp1000_reset_pass,"Cambium ePMP 1000 Account Password Reset",,
auxiliary,auxiliary/scanner/http/apache_flink_jobmanager_traversal,"Apache Flink JobManager Traversal",,CVE-2020-17519
auxiliary,auxiliary/scanner/http/fortinet_ssl_vpn,"Fortinet SSL VPN Bruteforce Login Utility",,
auxiliary,auxiliary/scanner/http/prev_dir_same_name_file,"HTTP Previous Directory File Scanner",,
auxiliary,auxiliary/scanner/http/hp_sitescope_loadfilecontent_fileaccess,"HP SiteScope SOAP Call loadFileContent Remote File Access",,
auxiliary,auxiliary/scanner/http/title,"HTTP HTML Title Tag Content Grabber",,
auxiliary,auxiliary/scanner/http/dir_webdav_unicode_bypass,"MS09-020 IIS6 WebDAV Unicode Auth Bypass Directory Scanner",,
auxiliary,auxiliary/scanner/http/nable_ncentral_auth_bypass_xxe,"N-able N-Central Authentication Bypass and XXE Scanner",,CVE-2025-11700;CVE-2025-9316
auxiliary,auxiliary/scanner/http/es_file_explorer_open_port,"ES File Explorer Open Port",,
auxiliary,auxiliary/scanner/http/ollama_info,"Ollama Scanner",,
auxiliary,auxiliary/scanner/http/axis_local_file_include,"Apache Axis2 v1.4.1 Local File Inclusion",,
auxiliary,auxiliary/scanner/http/appletv_login,"AppleTV AirPlay Login Utility",,
auxiliary,auxiliary/scanner/http/yaws_traversal,"yaws_traversal",,
auxiliary,auxiliary/scanner/http/docker_version,"Docker Server Version Scanner",,
auxiliary,auxiliary/scanner/http/wp_chopslider_id_sqli,"WordPress ChopSlider3 id SQLi Scanner",,
auxiliary,auxiliary/scanner/http/squid_pivot_scanning,"Squid Proxy Port Scanner",,
auxiliary,auxiliary/scanner/http/thinvnc_traversal,"ThinVNC Directory Traversal",,
auxiliary,auxiliary/scanner/http/wp_modern_events_calendar_sqli,"WordPress Modern Events Calendar SQLi Scanner",,CVE-2021-24946
auxiliary,auxiliary/scanner/http/riverbed_steelhead_vcx_file_read,"Riverbed SteelHead VCX File Read",,
auxiliary,auxiliary/scanner/http/cisco_device_manager,"Cisco Device HTTP Device Manager Access",,
auxiliary,auxiliary/scanner/http/ms09_020_webdav_unicode_bypass,"MS09-020 IIS6 WebDAV Unicode Authentication Bypass",,
auxiliary,auxiliary/scanner/http/rips_traversal,"RIPS Scanner Directory Traversal",,
auxiliary,auxiliary/scanner/http/rails_xml_yaml_scanner,"Ruby on Rails XML Processor YAML Deserialization Scanner",,CVE-2013-0156
auxiliary,auxiliary/scanner/http/gavazzi_em_login_loot,"Carlo Gavazzi Energy Meters - Login Brute Force, Extract Info and Dump Plant Database",,
auxiliary,auxiliary/scanner/http/wp_wps_hide_login_revealer,"WordPress WPS Hide Login Login Page Revealer",,
auxiliary,auxiliary/scanner/http/wp_total_upkeep_downloader,"WordPress Total Upkeep Unauthenticated Backup Downloader",,
auxiliary,auxiliary/scanner/http/dlink_dir_615h_http_login,"D-Link DIR-615H HTTP Login Utility",,
auxiliary,auxiliary/scanner/http/apache_activemq_source_disclosure,"Apache ActiveMQ JSP Files Source Disclosure",,
auxiliary,auxiliary/scanner/http/cisco_nac_manager_traversal,"Cisco Network Access Manager Directory Traversal Vulnerability",,
auxiliary,auxiliary/scanner/http/frontpage_credential_dump,"FrontPage .pwd File Credential Dump",,
auxiliary,auxiliary/scanner/http/jboss_status,"JBoss Status Servlet Information Gathering",,
auxiliary,auxiliary/scanner/http/epmp1000_dump_hashes,"epmp1000_dump_hashes",,
auxiliary,auxiliary/scanner/http/audiobookshelf_auth_bypass,"Audiobookshelf Unauthenticated API Authentication Bypass Scanner",,CVE-2025-25205
auxiliary,auxiliary/scanner/http/directadmin_login,"DirectAdmin Web Control Panel Login Utility",,
auxiliary,auxiliary/scanner/http/drupal_views_user_enum,"Drupal Views Module Users Enumeration",,
auxiliary,auxiliary/scanner/http/graphql_introspection_scanner,"GraphQL Introspection Scanner",,
auxiliary,auxiliary/scanner/http/adobe_xml_inject,"Adobe XML External Entity Injection",,
auxiliary,auxiliary/scanner/http/open_proxy,"HTTP Open Proxy Detection",,
auxiliary,auxiliary/scanner/http/smt_ipmi_url_redirect_traversal,"Supermicro Onboard IPMI url_redirect.cgi Authenticated Directory Traversal",,
auxiliary,auxiliary/scanner/http/wangkongbao_traversal,"WANGKONGBAO CNS-1000 and 1100 UTM Directory Traversal",,
auxiliary,auxiliary/scanner/http/trace,"HTTP Cross-Site Tracing Detection",,
auxiliary,auxiliary/scanner/http/log4shell_scanner,"Log4Shell HTTP Scanner",,CVE-2021-44228
auxiliary,auxiliary/scanner/http/sap_businessobjects_version_enum,"SAP BusinessObjects Version Detection",,
auxiliary,auxiliary/scanner/http/smt_ipmi_cgi_scanner,"Supermicro Onboard IPMI CGI Vulnerability Scanner",,CVE-2013-3621;CVE-2013-3623
auxiliary,auxiliary/scanner/http/dlink_dir_session_cgi_http_login,"D-Link DIR-300B / DIR-600B / DIR-815 / DIR-645 HTTP Login Utility",,
auxiliary,auxiliary/scanner/http/buildmaster_login,"Inedo BuildMaster Login Scanner",,
auxiliary,auxiliary/scanner/http/jenkins_login,"Jenkins-CI Login Utility",,
auxiliary,auxiliary/scanner/http/manageengine_deviceexpert_traversal,"ManageEngine DeviceExpert 5.6 ScheduleResultViewer FileName Traversal",,
auxiliary,auxiliary/scanner/http/wp_gimedia_library_file_read,"WordPress GI-Media Library Plugin Directory Traversal Vulnerability",,
auxiliary,auxiliary/scanner/http/svn_scanner,"HTTP Subversion Scanner",,
auxiliary,auxiliary/scanner/http/dnalims_file_retrieve,"DnaLIMS Directory Traversal",,
auxiliary,auxiliary/scanner/http/wp_bulletproofsecurity_backups,"Wordpress BulletProof Security Backup Disclosure",,CVE-2021-39327
auxiliary,auxiliary/scanner/http/linksys_e1500_traversal,"Linksys E1500 Directory Traversal Vulnerability",,
auxiliary,auxiliary/scanner/http/dell_idrac,"Dell iDRAC Default Login",,
auxiliary,auxiliary/scanner/http/typo3_bruteforce,"Typo3 Login Bruteforcer",,
auxiliary,auxiliary/scanner/http/replace_ext,"HTTP File Extension Scanner",,
auxiliary,auxiliary/scanner/http/wildfly_traversal,"WildFly Directory Traversal",,CVE-2014-7816
auxiliary,auxiliary/scanner/http/redoc_exposed,"ReDoc API Docs UI Exposed",,
auxiliary,auxiliary/scanner/http/pocketpad_login,"PocketPAD Login Bruteforce Force Utility",,
auxiliary,auxiliary/scanner/http/http_header,"HTTP Header Detection",,
auxiliary,auxiliary/scanner/http/file_same_name_dir,"HTTP File Same Name Directory Scanner",,
auxiliary,auxiliary/scanner/http/wordpress_login_enum,"WordPress Brute Force and User Enumeration Utility",,
auxiliary,auxiliary/scanner/http/copy_of_file,"HTTP Copy File Scanner",,
auxiliary,auxiliary/scanner/http/limesurvey_zip_traversals,"LimeSurvey Zip Path Traversals",,CVE-2019-9960;CVE-2020-11455
auxiliary,auxiliary/scanner/http/iis_shortname_scanner,"Microsoft IIS shortname vulnerability scanner",,
auxiliary,auxiliary/scanner/http/gitlab_user_enum,"GitLab User Enumeration",,
auxiliary,auxiliary/scanner/http/wordpress_multicall_creds,"Wordpress XML-RPC system.multicall Credential Collector",,
auxiliary,auxiliary/scanner/http/jenkins_command,"Jenkins-CI Unauthenticated Script-Console Scanner",,
auxiliary,auxiliary/scanner/http/icinga_static_library_file_directory_traversal,"Icingaweb Directory Traversal in Static Library File Requests",,
auxiliary,auxiliary/scanner/http/netalertx_file_read," NetAlertX File Read Vulnerability",,CVE-2024-46506
auxiliary,auxiliary/scanner/http/tplink_traversal_noauth,"TP-Link Wireless Lite N Access Point Directory Traversal Vulnerability",,
auxiliary,auxiliary/scanner/http/cert,"HTTP SSL Certificate Checker",,
auxiliary,auxiliary/scanner/http/simplehelp_toolbox_path_traversal,"SimpleHelp Path Traversal Vulnerability CVE-2024-57727",,CVE-2024-57727
auxiliary,auxiliary/scanner/http/hp_imc_bims_downloadservlet_traversal,"HP Intelligent Management BIMS DownloadServlet Directory Traversal",,
auxiliary,auxiliary/scanner/http/rfcode_reader_enum,"RFCode Reader Web Interface Login / Bruteforce Utility",,
auxiliary,auxiliary/scanner/http/f5_bigip_virtual_server,"F5 BigIP HTTP Virtual Server Scanner",,
auxiliary,auxiliary/scanner/http/joomla_api_improper_access_checks,"Joomla API Improper Access Checks",,CVE-2023-23752
auxiliary,auxiliary/scanner/http/sap_businessobjects_user_brute,"SAP BusinessObjects User Bruteforcer",,
auxiliary,auxiliary/scanner/http/wordpress_xmlrpc_login,"Wordpress XML-RPC Username/Password Login Scanner",,
auxiliary,auxiliary/scanner/http/options,"HTTP Options Detection",,
auxiliary,auxiliary/scanner/http/wp_dukapress_file_read,"WordPress DukaPress Plugin File Read Vulnerability",,
auxiliary,auxiliary/scanner/http/exchange_proxylogon,"Microsoft Exchange ProxyLogon Scanner",,CVE-2021-26855;CVE-2021-27065
auxiliary,auxiliary/scanner/http/wp_duplicator_file_read,"WordPress Duplicator File Read Vulnerability",,
auxiliary,auxiliary/scanner/http/wp_woocommerce_payments_add_user,"Wordpress Plugin WooCommerce Payments Unauthenticated Admin Creation",,CVE-2023-28121
auxiliary,auxiliary/scanner/http/f5_mgmt_scanner,"F5 Networks Devices Management Interface Scanner",,
auxiliary,auxiliary/scanner/http/fortimail_login_bypass_detection,"FortiMail Unauthenticated Login Bypass Scanner",,CVE-2020-9294
auxiliary,auxiliary/scanner/sap/sap_router_portscanner,"SAPRouter Port Scanner",,
auxiliary,auxiliary/scanner/sap/sap_mgmt_con_instanceproperties,"SAP Management Console Instance Properties",,
auxiliary,auxiliary/scanner/sap/sap_mgmt_con_brute_login,"SAP Management Console Brute Force",,
auxiliary,auxiliary/scanner/sap/sap_icm_urlscan,"SAP URL Scanner",,
auxiliary,auxiliary/scanner/sap/sap_soap_rfc_system_info,"SAP /sap/bc/soap/rfc SOAP Service RFC_SYSTEM_INFO Function Sensitive Information Gathering",,
auxiliary,auxiliary/scanner/sap/sap_mgmt_con_getaccesspoints,"SAP Management Console Get Access Points",,
auxiliary,auxiliary/scanner/sap/sap_soap_rfc_eps_get_directory_listing,"SAP SOAP RFC EPS_GET_DIRECTORY_LISTING Directories Information Disclosure",,
auxiliary,auxiliary/scanner/sap/sap_soap_rfc_sxpg_command_exec,"SAP SOAP RFC SXPG_COMMAND_EXECUTE",,
auxiliary,auxiliary/scanner/sap/sap_mgmt_con_getlogfiles,"SAP Management Console Get Logfile",,
auxiliary,auxiliary/scanner/sap/sap_soap_rfc_read_table,"SAP /sap/bc/soap/rfc SOAP Service RFC_READ_TABLE Function Dump Data",,
auxiliary,auxiliary/scanner/sap/sap_mgmt_con_listlogfiles,"SAP Management Console List Logfiles",,
auxiliary,auxiliary/scanner/sap/sap_mgmt_con_version,"SAP Management Console Version Detection",,
auxiliary,auxiliary/scanner/sap/sap_icf_public_info,"SAP ICF /sap/public/info Service Sensitive Information Gathering",,
auxiliary,auxiliary/scanner/sap/sap_soap_bapi_user_create1,"SAP /sap/bc/soap/rfc SOAP Service BAPI_USER_CREATE1 Function User Creation",,
auxiliary,auxiliary/scanner/sap/sap_mgmt_con_abaplog,"SAP Management Console ABAP Syslog Disclosure",,
auxiliary,auxiliary/scanner/sap/sap_mgmt_con_startprofile,"SAP Management Console getStartProfile",,
auxiliary,auxiliary/scanner/sap/sap_soap_rfc_dbmcli_sxpg_command_exec,"SAP /sap/bc/soap/rfc SOAP Service SXPG_COMMAND_EXEC Function Command Injection",,
auxiliary,auxiliary/scanner/sap/sap_ctc_verb_tampering_user_mgmt,"SAP CTC Service Verb Tampering User Management",,
auxiliary,auxiliary/scanner/sap/sap_service_discovery,"SAP Service Discovery",,
auxiliary,auxiliary/scanner/sap/sap_soap_th_saprel_disclosure,"SAP /sap/bc/soap/rfc SOAP Service TH_SAPREL Function Information Disclosure",,
auxiliary,auxiliary/scanner/sap/sap_soap_rfc_susr_rfc_user_interface,"SAP /sap/bc/soap/rfc SOAP Service SUSR_RFC_USER_INTERFACE Function User Creation",,
auxiliary,auxiliary/scanner/sap/sap_smb_relay,"SAP SMB Relay Abuse",,
auxiliary,auxiliary/scanner/sap/sap_mgmt_con_extractusers,"SAP Management Console Extract Users",,
auxiliary,auxiliary/scanner/sap/sap_web_gui_brute_login,"SAP Web GUI Login Brute Forcer",,
auxiliary,auxiliary/scanner/sap/sap_soap_rfc_rzl_read_dir,"SAP SOAP RFC RZL_READ_DIR_LOCAL Directory Contents Listing",,
auxiliary,auxiliary/scanner/sap/sap_soap_rfc_ping,"SAP /sap/bc/soap/rfc SOAP Service RFC_PING Function Service Discovery",,
auxiliary,auxiliary/scanner/sap/sap_mgmt_con_getprocessparameter,"SAP Management Console Get Process Parameters",,
auxiliary,auxiliary/scanner/sap/sap_soap_rfc_brute_login,"SAP SOAP Service RFC_PING Login Brute Forcer",,
auxiliary,auxiliary/scanner/sap/sap_soap_rfc_pfl_check_os_file_existence,"SAP SOAP RFC PFL_CHECK_OS_FILE_EXISTENCE File Existence Check",,
auxiliary,auxiliary/scanner/sap/sap_mgmt_con_listconfigfiles,"SAP Management Console List Config Files",,
auxiliary,auxiliary/scanner/sap/sap_mgmt_con_getprocesslist,"SAP Management Console GetProcessList",,
auxiliary,auxiliary/scanner/sap/sap_soap_rfc_sxpg_call_system_exec,"SAP /sap/bc/soap/rfc SOAP Service SXPG_CALL_SYSTEM Function Command Execution",,
auxiliary,auxiliary/scanner/sap/sap_soap_rfc_dbmcli_sxpg_call_system_command_exec,"SAP /sap/bc/soap/rfc SOAP Service SXPG_CALL_SYSTEM Function Command Injection",,
auxiliary,auxiliary/scanner/sap/sap_hostctrl_getcomputersystem,"SAP Host Agent Information Disclosure",,CVE-2013-3319
auxiliary,auxiliary/scanner/sap/sap_router_info_request,"SAPRouter Admin Request",,
auxiliary,auxiliary/scanner/sap/sap_mgmt_con_getenv,"SAP Management Console getEnvironment",,
auxiliary,auxiliary/scanner/rsync/modules_list,"List Rsync Modules",,
auxiliary,auxiliary/scanner/h323/h323_version,"H.323 Version Scanner",,
auxiliary,auxiliary/scanner/vxworks/urgent11_check,"URGENT/11 Scanner, Based on Detection Tool by Armis",,CVE-2019-12258
auxiliary,auxiliary/scanner/vxworks/wdbrpc_version,"VxWorks WDB Agent Version Scanner",,
auxiliary,auxiliary/scanner/vxworks/wdbrpc_bootline,"VxWorks WDB Agent Boot Parameter Scanner",,
auxiliary,auxiliary/scanner/acpp/login,"Apple Airport ACPP Authentication Scanner",,
auxiliary,auxiliary/scanner/winrm/winrm_login,"WinRM Login Utility",,
auxiliary,auxiliary/scanner/winrm/winrm_wql,"WinRM WQL Query Runner",,
auxiliary,auxiliary/scanner/winrm/winrm_cmd,"WinRM Command Runner",,
auxiliary,auxiliary/scanner/winrm/winrm_auth_methods,"WinRM Authentication Method Detection",,
auxiliary,auxiliary/scanner/quake/server_info,"Gather Quake Server Information",,
auxiliary,auxiliary/scanner/voice/recorder,"Telephone Line Voice Scanner",,
auxiliary,auxiliary/scanner/misc/sercomm_backdoor_scanner,"SerComm Network Device Backdoor Detection",,
auxiliary,auxiliary/scanner/misc/rocketmq_version,"Apache RocketMQ Version Scanner",,CVE-2023-33246
auxiliary,auxiliary/scanner/misc/java_jmx_server,"Java JMX Server Insecure Endpoint Code Execution Scanner",,
auxiliary,auxiliary/scanner/misc/ibm_mq_enum,"Identify Queue Manager Name and MQ Version",,
auxiliary,auxiliary/scanner/misc/ibm_mq_channel_brute,"IBM WebSphere MQ Channel Name Bruteforce",,
auxiliary,auxiliary/scanner/misc/sunrpc_portmapper,"SunRPC Portmap Program Enumerator",,
auxiliary,auxiliary/scanner/misc/poisonivy_control_scanner,"Poison Ivy Command and Control Scanner",,
auxiliary,auxiliary/scanner/misc/rosewill_rxs3211_passwords,"Rosewill RXS-3211 IP Camera Password Retriever",,
auxiliary,auxiliary/scanner/misc/cctv_dvr_login,"CCTV DVR Login Scanning Utility",,
auxiliary,auxiliary/scanner/misc/dvr_config_disclosure,"Multiple DVR Manufacturers Configuration Disclosure",,
auxiliary,auxiliary/scanner/misc/cisco_smart_install,"Identify Cisco Smart Install endpoints",,
auxiliary,auxiliary/scanner/misc/java_rmi_server,"Java RMI Server Insecure Endpoint Code Execution Scanner",,
auxiliary,auxiliary/scanner/misc/raysharp_dvr_passwords,"Ray Sharp DVR Password Retriever",,
auxiliary,auxiliary/scanner/misc/oki_scanner,"OKI Printer Default Login Credential Scanner",,
auxiliary,auxiliary/scanner/misc/dahua_dvr_auth_bypass,"dahua_dvr_auth_bypass",,CVE-2013-6117
auxiliary,auxiliary/scanner/misc/clamav_control,"ClamAV Remote Command Transmitter",,
auxiliary,auxiliary/scanner/misc/cups_browsed_info_disclosure,"cups-browsed Information Disclosure",,
auxiliary,auxiliary/scanner/misc/freeswitch_event_socket_login,"FreeSWITCH Event Socket Login",,
auxiliary,auxiliary/scanner/misc/zenworks_preboot_fileaccess,"Novell ZENworks Configuration Management Preboot Service Remote File Access",,
auxiliary,auxiliary/scanner/misc/easycafe_server_fileaccess,"EasyCafe Server Remote File Access",,
auxiliary,auxiliary/scanner/misc/ibm_mq_login,"IBM WebSphere MQ Login Check",,
auxiliary,auxiliary/scanner/misc/ib_service_mgr_info,"Borland InterBase Services Manager Information",,
auxiliary,auxiliary/scanner/smb/smb_uninit_cred,"Samba _netr_ServerPasswordSet Uninitialized Credential State",,CVE-2015-0240
auxiliary,auxiliary/scanner/smb/pipe_auditor,"SMB Session Pipe Auditor",,
auxiliary,auxiliary/scanner/smb/pipe_dcerpc_auditor,"SMB Session Pipe DCERPC Auditor",,
auxiliary,auxiliary/scanner/smb/smb_ms17_010,"MS17-010 SMB RCE Detection",,
auxiliary,auxiliary/scanner/smb/smb_enumusers_domain,"SMB Domain User Enumeration",,
auxiliary,auxiliary/scanner/smb/smb_enumusers,"SMB User Enumeration (SAM EnumUsers)",,
auxiliary,auxiliary/scanner/smb/smb_version,"SMB Version Detection",,
auxiliary,auxiliary/scanner/smb/smb_login,"SMB Login Check Scanner",,
auxiliary,auxiliary/scanner/smb/psexec_loggedin_users,"Microsoft Windows Authenticated Logged In Users Enumeration",,
auxiliary,auxiliary/scanner/smb/smb_lookupsid,"SMB SID User Enumeration (LookupSid)",,
auxiliary,auxiliary/scanner/smb/smb_enumshares,"SMB Share Enumeration",,
auxiliary,auxiliary/scanner/smb/smb_enum_gpp,"SMB Group Policy Preference Saved Passwords Enumeration",,
auxiliary,auxiliary/scanner/mongodb/mongodb_login,"MongoDB Login Utility",,
auxiliary,auxiliary/scanner/mongodb/cve_2025_14847_mongobleed,"MongoDB Memory Disclosure (CVE-2025-14847) - Mongobleed",,CVE-2025-14847
auxiliary,auxiliary/scanner/mqtt/connect,"MQTT Authentication Scanner",,
auxiliary,auxiliary/scanner/netbios/nbname,"NetBIOS Information Discovery",,
auxiliary,auxiliary/admin/vnc/realvnc_41_bypass,"RealVNC NULL Authentication Mode Bypass",,
auxiliary,auxiliary/admin/motorola/wr850g_cred,"Motorola WR850G v4.03 Credentials",,
auxiliary,auxiliary/admin/scada/modicon_stux_transfer,"Schneider Modicon Ladder Logic Upload/Download",,
auxiliary,auxiliary/admin/scada/yokogawa_bkbcopyd_client,"Yokogawa BKBCopyD.exe Client",,
auxiliary,auxiliary/admin/scada/modicon_password_recovery,"Schneider Modicon Quantum Password Recovery",,
auxiliary,auxiliary/admin/scada/multi_cip_command,"Allen-Bradley/Rockwell Automation EtherNet/IP CIP Commands",,
auxiliary,auxiliary/admin/scada/ge_proficy_substitute_traversal,"GE Proficy Cimplicity WebView substitute.bcl Directory Traversal",,
auxiliary,auxiliary/admin/scada/pcom_command,"Unitronics PCOM remote START/STOP/RESET command",,
auxiliary,auxiliary/admin/scada/advantech_webaccess_dbvisitor_sqli,"Advantech WebAccess DBVisitor.dll ChartThemeConfig SQL Injection",,
auxiliary,auxiliary/admin/scada/mypro_mgr_creds,"mySCADA myPRO Manager Credential Harvester (CVE-2025-24865 and CVE-2025-22896)",,CVE-2025-22896;CVE-2025-24865
auxiliary,auxiliary/admin/scada/modicon_command,"Schneider Modicon Remote START/STOP Command",,
auxiliary,auxiliary/admin/scada/phoenix_command,"PhoenixContact PLC Remote START/STOP Command",,
auxiliary,auxiliary/admin/scada/moxa_credentials_recovery,"Moxa Device Credential Retrieval",,
auxiliary,auxiliary/admin/firetv/firetv_youtube,"Amazon Fire TV YouTube Remote Control",,
auxiliary,auxiliary/admin/pop2/uw_fileretrieval,"UoW pop2d Remote File Retrieval Vulnerability",,
auxiliary,auxiliary/admin/upnp/soap_portmapping,"UPnP IGD SOAP Port Mapping Utility",,
auxiliary,auxiliary/admin/kerberos/inspect_ticket,"Kerberos Ticket Inspecting",,
auxiliary,auxiliary/admin/kerberos/forge_ticket,"Kerberos Silver/Golden/Diamond/Sapphire Ticket Forging",,
auxiliary,auxiliary/admin/kerberos/get_ticket,"Kerberos TGT/TGS Ticket Requester",,
auxiliary,auxiliary/admin/kerberos/ms14_068_kerberos_checksum,"MS14-068 Microsoft Kerberos Checksum Validation Vulnerability",,CVE-2014-6324
auxiliary,auxiliary/admin/kerberos/ticket_converter,"Kerberos ticket converter",,
auxiliary,auxiliary/admin/kerberos/keytab,"Kerberos keytab utilities",,
auxiliary,auxiliary/admin/dcerpc/samr_account,"SAMR Account Management",,
auxiliary,auxiliary/admin/dcerpc/cve_2022_26923_certifried,"Active Directory Certificate Services (ADCS) privilege escalation (Certifried)",,CVE-2022-26923
auxiliary,auxiliary/admin/dcerpc/cve_2020_1472_zerologon,"Netlogon Weak Cryptographic Authentication",,CVE-2020-1472
auxiliary,auxiliary/admin/dcerpc/icpr_cert,"ICPR Certificate Management",,
auxiliary,auxiliary/admin/dcerpc/esc_update_ldap_object,"Exploits AD CS Template misconfigurations which involve updating an LDAP object: ESC9, ESC10, and ESC16",,
auxiliary,auxiliary/admin/postgres/postgres_readfile,"PostgreSQL Server Generic Query",,
auxiliary,auxiliary/admin/postgres/postgres_sql,"PostgreSQL Server Generic Query",,
auxiliary,auxiliary/admin/maxdb/maxdb_cons_exec,"SAP MaxDB cons.exe Remote Command Injection",,
auxiliary,auxiliary/admin/atg/atg_client,"Veeder-Root Automatic Tank Gauge (ATG) Administrative Client",,
auxiliary,auxiliary/admin/officescan/tmlisten_traversal,"TrendMicro OfficeScanNT Listener Traversal Arbitrary File Access",,
auxiliary,auxiliary/admin/emc/alphastor_devicemanager_exec,"EMC AlphaStor Device Manager Arbitrary Command Execution",,
auxiliary,auxiliary/admin/emc/alphastor_librarymanager_exec,"EMC AlphaStor Library Manager Arbitrary Command Execution",,
auxiliary,auxiliary/admin/chromecast/chromecast_youtube,"Chromecast YouTube Remote Control",,
auxiliary,auxiliary/admin/chromecast/chromecast_reset,"Chromecast Factory Reset DoS",,
auxiliary,auxiliary/admin/webmin/edit_html_fileaccess,"Webmin edit_html.cgi file Parameter Traversal Arbitrary File Access",,
auxiliary,auxiliary/admin/webmin/file_disclosure,"Webmin File Disclosure",,
auxiliary,auxiliary/admin/wemo/crockpot,"Belkin Wemo-Enabled Crock-Pot Remote Control",,
auxiliary,auxiliary/admin/mssql/mssql_enum,"Microsoft SQL Server Configuration Enumerator",,
auxiliary,auxiliary/admin/mssql/mssql_escalate_dbowner_sqli,"Microsoft SQL Server SQLi Escalate Db_Owner",,
auxiliary,auxiliary/admin/mssql/mssql_enum_domain_accounts,"Microsoft SQL Server SUSER_SNAME Windows Domain Account Enumeration",,
auxiliary,auxiliary/admin/mssql/mssql_sql,"Microsoft SQL Server Generic Query",,
auxiliary,auxiliary/admin/mssql/mssql_exec,"Microsoft SQL Server Command Execution",,
auxiliary,auxiliary/admin/mssql/mssql_escalate_dbowner,"Microsoft SQL Server Escalate Db_Owner",,
auxiliary,auxiliary/admin/mssql/mssql_escalate_execute_as_sqli,"Microsoft SQL Server SQLi Escalate Execute AS",,
auxiliary,auxiliary/admin/mssql/mssql_findandsampledata,"Microsoft SQL Server Find and Sample Data",,
auxiliary,auxiliary/admin/mssql/mssql_ntlm_stealer_sqli,"Microsoft SQL Server SQLi NTLM Stealer",,
auxiliary,auxiliary/admin/mssql/mssql_sql_file,"Microsoft SQL Server Generic Query from File",,
auxiliary,auxiliary/admin/mssql/mssql_idf,"Microsoft SQL Server Interesting Data Finder",,
auxiliary,auxiliary/admin/mssql/mssql_enum_sql_logins,"Microsoft SQL Server SUSER_SNAME SQL Logins Enumeration",,
auxiliary,auxiliary/admin/mssql/mssql_escalate_execute_as,"Microsoft SQL Server Escalate EXECUTE AS",,
auxiliary,auxiliary/admin/mssql/mssql_enum_domain_accounts_sqli,"Microsoft SQL Server SQLi SUSER_SNAME Windows Domain Account Enumeration",,
auxiliary,auxiliary/admin/mssql/mssql_ntlm_stealer,"Microsoft SQL Server NTLM Stealer",,
auxiliary,auxiliary/admin/citrix/citrix_netscaler_config_decrypt,"Decrypt Citrix NetScaler Config Secrets",,
auxiliary,auxiliary/admin/natpmp/natpmp_map,"NAT-PMP Port Mapper",,
auxiliary,auxiliary/admin/sccm/get_naa_credentials,"Get NAA Credentials",,
auxiliary,auxiliary/admin/vmware/terminate_esx_sessions,"VMWare Terminate ESX Login Sessions",,
auxiliary,auxiliary/admin/vmware/poweroff_vm,"VMWare Power Off Virtual Machine",,
auxiliary,auxiliary/admin/vmware/tag_vm,"VMWare Tag Virtual Machine",,
auxiliary,auxiliary/admin/vmware/vcenter_forge_saml_token,"VMware vCenter Forge SAML Authentication Credentials",,
auxiliary,auxiliary/admin/vmware/poweron_vm,"VMWare Power On Virtual Machine",,
auxiliary,auxiliary/admin/vmware/vcenter_offline_mdb_extract,"VMware vCenter Extract Secrets from vmdir / vmafd DB File",,
auxiliary,auxiliary/admin/android/google_play_store_uxss_xframe_rce,"Android Browser RCE Through Google Play Store XFO",,CVE-2014-6041
auxiliary,auxiliary/admin/oracle/osb_execqr,"Oracle Secure Backup exec_qr() Command Injection Vulnerability",,
auxiliary,auxiliary/admin/oracle/oracle_index_privesc,"Oracle DB Privilege Escalation via Function-Based Index",,
auxiliary,auxiliary/admin/oracle/sid_brute,"Oracle TNS Listener SID Brute Forcer",,
auxiliary,auxiliary/admin/oracle/oracle_login,"Oracle Account Discovery",,
auxiliary,auxiliary/admin/oracle/osb_execqr2,"Oracle Secure Backup Authentication Bypass/Command Injection Vulnerability",,
auxiliary,auxiliary/admin/oracle/oraenum,"Oracle Database Enumeration",,
auxiliary,auxiliary/admin/oracle/osb_execqr3,"Oracle Secure Backup Authentication Bypass/Command Injection Vulnerability",,
auxiliary,auxiliary/admin/oracle/ora_ntlm_stealer,"Oracle SMB Relay Code Execution",,
auxiliary,auxiliary/admin/oracle/tnscmd,"Oracle TNS Listener Command Issuer",,
auxiliary,auxiliary/admin/oracle/oracle_sql,"Oracle SQL Generic Query",,
auxiliary,auxiliary/admin/mysql/mysql_sql,"MySQL SQL Generic Query",,
auxiliary,auxiliary/admin/mysql/mysql_enum,"MySQL Enumeration Module",,
auxiliary,auxiliary/admin/networking/cisco_secure_acs_bypass,"Cisco Secure ACS Unauthorized Password Change",,
auxiliary,auxiliary/admin/networking/cisco_sdwan_auth_bypass,"Cisco Catalyst SD-WAN Controller Authentication Bypass",,CVE-2026-20127
auxiliary,auxiliary/admin/networking/cisco_config,"Cisco Configuration Importer",,
auxiliary,auxiliary/admin/networking/mikrotik_config,"Mikrotik Configuration Importer",,
auxiliary,auxiliary/admin/networking/thinmanager_traversal_delete,"ThinManager Path Traversal (CVE-2023-2915) Arbitrary File Delete",,CVE-2023-2915
auxiliary,auxiliary/admin/networking/juniper_config,"Juniper Configuration Importer",,
auxiliary,auxiliary/admin/networking/brocade_config,"Brocade Configuration Importer",,
auxiliary,auxiliary/admin/networking/f5_config,"F5 Configuration Importer",,
auxiliary,auxiliary/admin/networking/cisco_dcnm_auth_bypass,"Cisco DCNM auth bypass",,
auxiliary,auxiliary/admin/networking/vyos_config,"VyOS Configuration Importer",,
auxiliary,auxiliary/admin/networking/cisco_sdwan_vhub_auth_bypass,"Cisco Catalyst SD-WAN Controller vHub Authentication Bypass",,CVE-2026-20182
auxiliary,auxiliary/admin/networking/thinmanager_traversal_upload2,"ThinManager Path Traversal (CVE-2023-2917) Arbitrary File Upload",,CVE-2023-2917
auxiliary,auxiliary/admin/networking/thinmanager_traversal_upload,"ThinManager Path Traversal (CVE-2023-27855) Arbitrary File Upload",,CVE-2023-27855
auxiliary,auxiliary/admin/networking/arista_config,"Arista Configuration Importer",,
auxiliary,auxiliary/admin/networking/cisco_asa_extrabacon,"Cisco ASA Authentication Bypass (EXTRABACON)",,CVE-2016-6366
auxiliary,auxiliary/admin/networking/cisco_vpn_3000_ftp_bypass,"Cisco VPN Concentrator 3000 FTP Unauthorized Administrative Access",,
auxiliary,auxiliary/admin/networking/ubiquiti_config,"Ubiquiti Configuration Importer",,
auxiliary,auxiliary/admin/networking/cisco_dcnm_download,"Cisco Data Center Network Manager Unauthenticated File Download",,
auxiliary,auxiliary/admin/tftp/tftp_transfer_util,"TFTP File Transfer Utility",,
auxiliary,auxiliary/admin/db2/db2rcmd,"IBM DB2 db2rcmd.exe Command Execution Vulnerability",,
auxiliary,auxiliary/admin/ldap/shadow_credentials,"Shadow Credentials",,
auxiliary,auxiliary/admin/ldap/bad_successor,"BadSuccessor: dMSA abuse to Escalate Privileges in Windows Active Directory",,
auxiliary,auxiliary/admin/ldap/ldap_object_attribute,"LDAP Update Object",,
auxiliary,auxiliary/admin/ldap/vmware_vcenter_vmdir_auth_bypass,"VMware vCenter Server vmdir Authentication Bypass",,CVE-2020-3952
auxiliary,auxiliary/admin/ldap/ad_cs_cert_template,"AD CS Certificate Template Management",,
auxiliary,auxiliary/admin/ldap/change_password,"Change Password",,
auxiliary,auxiliary/admin/ldap/rbcd,"Role Base Constrained Delegation",,
auxiliary,auxiliary/admin/tikiwiki/tikidblib,"TikiWiki Information Disclosure",,
auxiliary,auxiliary/admin/dns/dyn_dns_update,"DNS Server Dynamic Update Record Injection",,
auxiliary,auxiliary/admin/hp/hp_imc_som_create_account,"HP Intelligent Management SOM Account Creation",,
auxiliary,auxiliary/admin/hp/hp_data_protector_cmd,"HP Data Protector 6.1 EXEC_CMD Command Execution",,
auxiliary,auxiliary/admin/hp/hp_ilo_create_admin_account,"HP iLO 4 1.00-2.50 Authentication Bypass Administrator Account Creation",,
auxiliary,auxiliary/admin/printer/escpos_tcp_command_injector,"ESC/POS Printer Command Injector",,
auxiliary,auxiliary/admin/edirectory/edirectory_edirutil,"Novell eDirectory eMBox Unauthenticated File Access",,
auxiliary,auxiliary/admin/edirectory/edirectory_dhost_cookie,"Novell eDirectory DHOST Predictable Session Cookie",,
auxiliary,auxiliary/admin/appletv/appletv_display_image,"Apple TV Image Remote Control",,
auxiliary,auxiliary/admin/appletv/appletv_display_video,"Apple TV Video Remote Control",,
auxiliary,auxiliary/admin/sunrpc/solaris_kcms_readfile,"Solaris KCMS + TTDB Arbitrary File Read",,
auxiliary,auxiliary/admin/http/cisco_ssm_onprem_account,"Cisco Smart Software Manager (SSM) On-Prem Account Takeover (CVE-2024-20419)",,CVE-2024-20419
auxiliary,auxiliary/admin/http/cisco_ios_xe_cli_exec_cve_2023_20198,"Cisco IOX XE unauthenticated Command Line Interface (CLI) execution",,CVE-2023-20198
auxiliary,auxiliary/admin/http/cnpilot_r_fpt,"Cambium cnPilot r200/r201 File Path Traversal",,
auxiliary,auxiliary/admin/http/foreman_openstack_satellite_priv_esc,"Foreman (Red Hat OpenStack/Satellite) users/create Mass Assignment",,
auxiliary,auxiliary/admin/http/manage_engine_dc_create_admin,"ManageEngine Desktop Central Administrator Account Creation",,
auxiliary,auxiliary/admin/http/dlink_dir_300_600_exec_noauth,"D-Link DIR-600 / DIR-300 Unauthenticated Remote Command Execution",,
auxiliary,auxiliary/admin/http/novell_file_reporter_filedelete,"Novell File Reporter Agent Arbitrary File Delete",,
auxiliary,auxiliary/admin/http/netflow_file_download,"ManageEngine NetFlow Analyzer Arbitrary File Download",,
auxiliary,auxiliary/admin/http/scadabr_credential_dump,"ScadaBR Credentials Dumper",,
auxiliary,auxiliary/admin/http/hp_web_jetadmin_exec,"HP Web JetAdmin 6.5 Server Arbitrary Command Execution",,
auxiliary,auxiliary/admin/http/wp_masterstudy_privesc,"Wordpress MasterStudy Admin Account Creation",,
auxiliary,auxiliary/admin/http/supra_smart_cloud_tv_rfi,"Supra Smart Cloud TV Remote File Inclusion",,CVE-2019-12477
auxiliary,auxiliary/admin/http/dlink_dsl320b_password_extractor,"D-Link DSL 320B Password Extractor",,
auxiliary,auxiliary/admin/http/limesurvey_file_download,"Limesurvey Unauthenticated File Download",,
auxiliary,auxiliary/admin/http/whatsup_gold_sqli,"WhatsUp Gold SQL Injection (CVE-2024-6670)",,CVE-2024-6670
auxiliary,auxiliary/admin/http/arris_motorola_surfboard_backdoor_xss,"Arris / Motorola Surfboard SBG6580 Web Interface Takeover",,
auxiliary,auxiliary/admin/http/contentkeeper_fileaccess,"ContentKeeper Web Appliance mimencode File Access",,
auxiliary,auxiliary/admin/http/sysaid_sql_creds,"SysAid Help Desk Database Credentials Disclosure",,
auxiliary,auxiliary/admin/http/netgear_pnpx_getsharefolderlist_auth_bypass,"Netgear PNPX_GetShareFolderList Authentication Bypass",,
auxiliary,auxiliary/admin/http/typo3_news_module_sqli,"TYPO3 News Module SQL Injection",,
auxiliary,auxiliary/admin/http/wp_post_smtp_acct_takeover,"Wordpress POST SMTP Account Takeover",,CVE-2023-6875
auxiliary,auxiliary/admin/http/sysaid_admin_acct,"SysAid Help Desk Administrator Account Creation",,
auxiliary,auxiliary/admin/http/hikvision_unauth_pwd_reset_cve_2017_7921,"Hikvision IP Camera Unauthenticated Password Change Via Improper Authentication Logic",,CVE-2017-7921
auxiliary,auxiliary/admin/http/rails_devise_pass_reset,"Ruby on Rails Devise Authentication Password Reset",,
auxiliary,auxiliary/admin/http/linksys_tmunblock_admin_reset_bof,"Linksys WRT120N tmUnblock Stack Buffer Overflow",,
auxiliary,auxiliary/admin/http/web_enrollment_cert,"AD/CS Authenticated Web Enrollment Services Module",,
auxiliary,auxiliary/admin/http/pihole_domains_api_exec,"Pi-Hole Top Domains API Authenticated Exec",,
auxiliary,auxiliary/admin/http/wp_google_maps_sqli,"WordPress Google Maps Plugin SQL Injection",,
auxiliary,auxiliary/admin/http/vbulletin_upgrade_admin,"vBulletin Administrator Account Creation",,
auxiliary,auxiliary/admin/http/axigen_file_access,"Axigen Arbitrary File Read and Delete",,
auxiliary,auxiliary/admin/http/intersil_pass_reset,"Intersil (Boa) HTTPd Basic Authentication Password Reset",,
auxiliary,auxiliary/admin/http/tomcat_utf8_traversal,"Tomcat UTF-8 Directory Traversal Vulnerability",,
auxiliary,auxiliary/admin/http/kaseya_master_admin,"Kaseya VSA Master Administrator Account Creation",,
auxiliary,auxiliary/admin/http/idsecure_auth_bypass,"Control iD iDSecure Authentication Bypass (CVE-2023-6329)",,CVE-2023-6329
auxiliary,auxiliary/admin/http/joomla_registration_privesc,"Joomla Account Creation and Privilege Escalation",,
auxiliary,auxiliary/admin/http/tomcat_ghostcat,"Apache Tomcat AJP File Read",,
auxiliary,auxiliary/admin/http/sophos_wpa_traversal,"Sophos Web Protection Appliance patience.cgi Directory Traversal",,
auxiliary,auxiliary/admin/http/wp_wplms_privilege_escalation,"WordPress WPLMS Theme Privilege Escalation",,
auxiliary,auxiliary/admin/http/fortinet_fortiweb_create_admin,"Fortinet FortiWeb create new local admin",,
auxiliary,auxiliary/admin/http/linksys_wrt54gl_exec,"Linksys WRT54GL Remote Command Execution",,
auxiliary,auxiliary/admin/http/netgear_r6700_pass_reset,"Netgear R6700v3 Unauthenticated LAN Admin Password Reset",,CVE-2020-10923;CVE-2020-10924
auxiliary,auxiliary/admin/http/fortra_filecatalyst_workflow_sqli,"Fortra FileCatalyst Workflow SQL Injection (CVE-2024-5276)",,CVE-2024-5276
auxiliary,auxiliary/admin/http/telpho10_credential_dump,"Telpho10 Backup Credentials Dumper",,
auxiliary,auxiliary/admin/http/linksys_e1500_e2500_exec,"Linksys E1500/E2500 Remote Command Execution",,
auxiliary,auxiliary/admin/http/typo3_sa_2009_001,"TYPO3 sa-2009-001 Weak Encryption Key File Disclosure",,
auxiliary,auxiliary/admin/http/nexpose_xxe_file_read,"Nexpose XXE Arbitrary File Read",,
auxiliary,auxiliary/admin/http/typo3_sa_2009_002,"Typo3 sa-2009-002 File Disclosure",,
auxiliary,auxiliary/admin/http/manageengine_dir_listing,"ManageEngine Multiple Products Arbitrary Directory Listing",,
auxiliary,auxiliary/admin/http/scrutinizer_add_user,"Plixer Scrutinizer NetFlow and sFlow Analyzer HTTP Authentication Bypass",,
auxiliary,auxiliary/admin/http/iomega_storcenterpro_sessionid,"Iomega StorCenter Pro NAS Web Authentication Bypass",,
auxiliary,auxiliary/admin/http/wp_easycart_privilege_escalation,"WordPress WP EasyCart Plugin Privilege Escalation",,
auxiliary,auxiliary/admin/http/cisco_ios_xe_os_exec_cve_2023_20273,"Cisco IOX XE unauthenticated OS command execution",,CVE-2023-20198;CVE-2023-20273
auxiliary,auxiliary/admin/http/netgear_soap_password_extractor,"Netgear Unauthenticated SOAP Password Extractor",,
auxiliary,auxiliary/admin/http/pfadmin_set_protected_alias,"Postfixadmin Protected Alias Deletion Vulnerability",,
auxiliary,auxiliary/admin/http/allegro_rompager_auth_bypass,"allegro_rompager_auth_bypass",,CVE-2014-9222
auxiliary,auxiliary/admin/http/katello_satellite_priv_esc,"Katello (Red Hat Satellite) users/update_roles Missing Authorization",,
auxiliary,auxiliary/admin/http/gitlab_password_reset_account_takeover,"GitLab Password Reset Account Takeover",,CVE-2023-7028
auxiliary,auxiliary/admin/http/cfme_manageiq_evm_pass_reset,"Red Hat CloudForms Management Engine 5.1 miq_policy/explorer SQL Injection",,
auxiliary,auxiliary/admin/http/webnms_cred_disclosure,"WebNMS Framework Server Credential Disclosure",,
auxiliary,auxiliary/admin/http/wp_gdpr_compliance_privesc,"WordPress WP GDPR Compliance Plugin Privilege Escalation",,
auxiliary,auxiliary/admin/http/wp_custom_contact_forms,"WordPress custom-contact-forms Plugin SQL Upload",,
auxiliary,auxiliary/admin/http/mantisbt_password_reset,"MantisBT password reset",,
auxiliary,auxiliary/admin/http/iis_auth_bypass,"MS10-065 Microsoft IIS 5 NTFS Stream Authentication Bypass",,
auxiliary,auxiliary/admin/http/atlassian_confluence_auth_bypass,"Atlassian Confluence Data Center and Server Authentication Bypass via Broken Access Control",,CVE-2023-22515
auxiliary,auxiliary/admin/http/tomcat_administration,"Tomcat Administration Tool Default Access",,
auxiliary,auxiliary/admin/http/mutiny_frontend_read_delete,"Mutiny 5 Arbitrary File Read and Delete",,
auxiliary,auxiliary/admin/http/cnpilot_r_cmd_exec,"cnpilot_r_cmd_exec",,
auxiliary,auxiliary/admin/http/typo3_sa_2010_020,"TYPO3 sa-2010-020 Remote File Disclosure",,
auxiliary,auxiliary/admin/http/gitstack_rest,"GitStack Unauthenticated REST API Requests",,
auxiliary,auxiliary/admin/http/jboss_seam_exec,"JBoss Seam 2 Remote Command Execution",,
auxiliary,auxiliary/admin/http/zyxel_admin_password_extractor,"ZyXEL GS1510-16 Password Extractor",,
auxiliary,auxiliary/admin/http/openbravo_xxe,"Openbravo ERP XXE Arbitrary File Read",,
auxiliary,auxiliary/admin/http/jboss_bshdeployer,"JBoss JMX Console Beanshell Deployer WAR Upload and Deployment",,
auxiliary,auxiliary/admin/http/trendmicro_dlp_traversal,"TrendMicro Data Loss Prevention 5.5 Directory Traversal",,
auxiliary,auxiliary/admin/http/manageengine_file_download,"ManageEngine Multiple Products Arbitrary File Download",,
auxiliary,auxiliary/admin/http/ibm_drm_download,"IBM Data Risk Manager Arbitrary File Download",,CVE-2020-4427;CVE-2020-4428;CVE-2020-4429;CVE-2020-4430
auxiliary,auxiliary/admin/http/netgear_auth_download,"NETGEAR ProSafe Network Management System 300 Authenticated File Download",,
auxiliary,auxiliary/admin/http/netgear_r7000_backup_cgi_heap_overflow_rce,"Netgear R7000 backup.cgi Heap Overflow RCE",,
auxiliary,auxiliary/admin/http/netgear_wnr2000_pass_recovery,"NETGEAR WNR2000v5 Administrator Password Recovery",,
auxiliary,auxiliary/admin/http/jboss_deploymentfilerepository,"JBoss JMX Console DeploymentFileRepository WAR Upload and Deployment",,
auxiliary,auxiliary/admin/http/wp_symposium_sql_injection,"WordPress Symposium Plugin SQL Injection",,
auxiliary,auxiliary/admin/http/ivanti_vtm_admin,"Ivanti Virtual Traffic Manager Authentication Bypass (CVE-2024-7593)",,CVE-2024-7593
auxiliary,auxiliary/admin/http/typo3_winstaller_default_enc_keys,"TYPO3 Winstaller Default Encryption Keys",,
auxiliary,auxiliary/admin/http/ulterius_file_download,"Ulterius Server File Download Vulnerability",,
auxiliary,auxiliary/admin/http/dlink_dir_645_password_extractor,"D-Link DIR 645 Password Extractor",,
auxiliary,auxiliary/admin/http/wp_automatic_plugin_privesc,"WordPress Plugin Automatic Config Change to RCE",,
auxiliary,auxiliary/admin/http/webnms_file_download,"WebNMS Framework Server Arbitrary Text File Download",,
auxiliary,auxiliary/admin/http/manageengine_pmp_privesc,"ManageEngine Password Manager SQLAdvancedALSearchResult.cc Pro SQL Injection",,
auxiliary,auxiliary/admin/http/sysaid_file_download,"SysAid Help Desk Arbitrary File Download",,CVE-2015-2996;CVE-2015-2997
auxiliary,auxiliary/admin/http/nuuo_nvrmini_reset,"NUUO NVRmini 2 / NETGEAR ReadyNAS Surveillance Default Configuration Load and Administrator Password Reset",,
auxiliary,auxiliary/admin/sap/cve_2020_6287_ws_add_user,"SAP Unauthenticated WebService User Creation",,
auxiliary,auxiliary/admin/sap/cve_2020_6207_solman_rce,"SAP Solution Manager remote unauthorized OS commands execution",,CVE-2020-6207
auxiliary,auxiliary/admin/sap/sap_configservlet_exec_noauth,"SAP ConfigServlet OS Command Execution",,
auxiliary,auxiliary/admin/sap/sap_igs_xmlchart_xxe,"SAP Internet Graphics Server (IGS) XMLCHART XXE",,CVE-2018-2392;CVE-2018-2393
auxiliary,auxiliary/admin/sap/sap_mgmt_con_osexec,"SAP Management Console OSExecute",,
auxiliary,auxiliary/admin/ms/ms08_059_his2006,"Microsoft Host Integration Server 2006 Command Execution Vulnerability",,
auxiliary,auxiliary/admin/serverprotect/file,"TrendMicro ServerProtect File Access",,
auxiliary,auxiliary/admin/vxworks/wdbrpc_reboot,"VxWorks WDB Agent Remote Reboot",,
auxiliary,auxiliary/admin/vxworks/dlink_i2eye_autoanswer,"D-Link i2eye Video Conference AutoAnswer (WDBRPC)",,
auxiliary,auxiliary/admin/vxworks/wdbrpc_memory_dump,"VxWorks WDB Agent Remote Memory Dump",,
auxiliary,auxiliary/admin/vxworks/apple_airport_extreme_password,"Apple Airport Extreme Password Extraction (WDBRPC)",,
auxiliary,auxiliary/admin/2wire/xslt_password_reset,"2Wire Cross-Site Request Forgery Password Reset Vulnerability",,
auxiliary,auxiliary/admin/aws/aws_launch_instances,"Launches Hosts in AWS",,
auxiliary,auxiliary/admin/zend/java_bridge,"Zend Server Java Bridge Design Flaw Remote Code Execution",,
auxiliary,auxiliary/admin/misc/brother_default_admin_auth_bypass_cve_2024_51978,"Multiple Brother devices authentication bypass via default administrator password generation",,CVE-2024-51977;CVE-2024-51978
auxiliary,auxiliary/admin/misc/sercomm_dump_config,"SerComm Device Configuration Dump",,
auxiliary,auxiliary/admin/misc/wol,"UDP Wake-On-Lan (WOL)",,
auxiliary,auxiliary/admin/backupexec/dump,"Veritas Backup Exec Windows Remote File Access",,
auxiliary,auxiliary/admin/backupexec/registry,"Veritas Backup Exec Server Registry Access",,
auxiliary,auxiliary/admin/smb/list_directory,"SMB Directory Listing Utility",,
auxiliary,auxiliary/admin/smb/check_dir_file,"SMB Scanner Check File/Directory Utility",,
auxiliary,auxiliary/admin/smb/psexec_ntdsgrab,"PsExec NTDS.dit And SYSTEM Hive Download Utility",,
auxiliary,auxiliary/admin/smb/webexec_command,"WebEx Remote Command Execution Utility",,
auxiliary,auxiliary/admin/smb/ms17_010_command,"MS17-010 EternalRomance/EternalSynergy/EternalChampion SMB Remote Windows Command Execution",,
auxiliary,auxiliary/admin/smb/samba_symlink_traversal,"Samba Symlink Directory Traversal",,
auxiliary,auxiliary/admin/smb/upload_file,"SMB File Upload Utility",,
auxiliary,auxiliary/admin/smb/delete_file,"SMB File Delete Utility",,
auxiliary,auxiliary/admin/smb/change_password,"SMB Password Change",,
auxiliary,auxiliary/admin/smb/download_file,"SMB File Download Utility",,
auxiliary,auxiliary/admin/netbios/netbios_spoof,"NetBIOS Response Brute Force Spoof (Direct)",,
auxiliary,auxiliary/admin/oracle/post_exploitation/win32exec,"Oracle Java execCommand (Win32)",,
auxiliary,auxiliary/admin/oracle/post_exploitation/win32upload,"Oracle URL Download",,
auxiliary,auxiliary/client/mms/send_mms,"MMS Client",,
auxiliary,auxiliary/client/smtp/emailer,"Generic Emailer (SMTP)",,
auxiliary,auxiliary/client/hwbridge/connect,"Hardware Bridge Session Connector",,
auxiliary,auxiliary/client/telegram/send_message,"Telegram Message Client",,
auxiliary,auxiliary/client/sms/send_text,"SMS Client",,
auxiliary,auxiliary/client/iec104/iec104,"IEC104 Client Utility",,
auxiliary,auxiliary/sqli/openemr/openemr_sqli_dump,"OpenEMR 5.0.1 Patch 6 SQLi Dump",,
auxiliary,auxiliary/sqli/oracle/dbms_cdc_publish2,"Oracle DB SQL Injection via SYS.DBMS_CDC_PUBLISH.DROP_CHANGE_SOURCE",,
auxiliary,auxiliary/sqli/oracle/dbms_export_extension,"Oracle DB SQL Injection via DBMS_EXPORT_EXTENSION",,
auxiliary,auxiliary/sqli/oracle/jvm_os_code_10g,"Oracle DB 10gR2, 11gR1/R2 DBMS_JVM_EXP_PERMS OS Command Execution",,
auxiliary,auxiliary/sqli/oracle/dbms_metadata_get_granted_xml,"Oracle DB SQL Injection via SYS.DBMS_METADATA.GET_GRANTED_XML",,
auxiliary,auxiliary/sqli/oracle/dbms_metadata_open,"Oracle DB SQL Injection via SYS.DBMS_METADATA.OPEN",,
auxiliary,auxiliary/sqli/oracle/dbms_metadata_get_xml,"Oracle DB SQL Injection via SYS.DBMS_METADATA.GET_XML",,
auxiliary,auxiliary/sqli/oracle/dbms_cdc_publish,"Oracle DB SQL Injection via SYS.DBMS_CDC_PUBLISH.ALTER_AUTOLOG_CHANGE_SOURCE",,
auxiliary,auxiliary/sqli/oracle/dbms_cdc_publish3,"Oracle DB SQL Injection via SYS.DBMS_CDC_PUBLISH.CREATE_CHANGE_SET",,
auxiliary,auxiliary/sqli/oracle/lt_mergeworkspace,"Oracle DB SQL Injection via SYS.LT.MERGEWORKSPACE",,
auxiliary,auxiliary/sqli/oracle/dbms_cdc_subscribe_activate_subscription,"Oracle DB SQL Injection via SYS.DBMS_CDC_SUBSCRIBE.ACTIVATE_SUBSCRIPTION",,
auxiliary,auxiliary/sqli/oracle/lt_rollbackworkspace,"Oracle DB SQL Injection via SYS.LT.ROLLBACKWORKSPACE",,
auxiliary,auxiliary/sqli/oracle/droptable_trigger,"Oracle DB SQL Injection in MDSYS.SDO_TOPO_DROP_FTBL Trigger",,
auxiliary,auxiliary/sqli/oracle/lt_findricset_cursor,"Oracle DB SQL Injection via SYS.LT.FINDRICSET Evil Cursor Method",,
auxiliary,auxiliary/sqli/oracle/jvm_os_code_11g,"Oracle DB 11g R1/R2 DBMS_JVM_EXP_PERMS OS Code Execution",,
auxiliary,auxiliary/sqli/oracle/lt_removeworkspace,"Oracle DB SQL Injection via SYS.LT.REMOVEWORKSPACE",,
auxiliary,auxiliary/sqli/oracle/dbms_cdc_ipublish,"Oracle DB SQL Injection via SYS.DBMS_CDC_IPUBLISH.ALTER_HOTLOG_INTERNAL_CSOURCE",,
auxiliary,auxiliary/sqli/oracle/lt_compressworkspace,"Oracle DB SQL Injection via SYS.LT.COMPRESSWORKSPACE",,
auxiliary,auxiliary/sqli/dlink/dlink_central_wifimanager_sqli,"D-Link Central WiFiManager SQL injection",,
auxiliary,auxiliary/cloud/kubernetes/enum_kubernetes,"Kubernetes Enumeration",,
auxiliary,auxiliary/cloud/aws/enum_ec2,"Amazon Web Services EC2 instance enumeration",,
auxiliary,auxiliary/cloud/aws/enum_s3,"Amazon Web Services S3 instance enumeration",,
auxiliary,auxiliary/cloud/aws/enum_iam,"Amazon Web Services IAM credential enumeration",,
auxiliary,auxiliary/cloud/aws/enum_ssm,"Amazon Web Services EC2 SSM enumeration",,
auxiliary,auxiliary/dos/rpc/rpcbomb,"RPC DoS targeting *nix rpcbind/libtirpc",,
auxiliary,auxiliary/dos/scada/beckhoff_twincat,"Beckhoff TwinCAT SCADA PLC 2.11.0.2004 DoS",,
auxiliary,auxiliary/dos/scada/igss9_dataserver,"7-Technologies IGSS 9 IGSSdataServer.exe DoS",,
auxiliary,auxiliary/dos/scada/yokogawa_logsvr,"Yokogawa CENTUM CS 3000 BKCLogSvr.exe Heap Buffer Overflow",,
auxiliary,auxiliary/dos/scada/allen_bradley_pccc,"allen_bradley_pccc",,CVE-2017-7924
auxiliary,auxiliary/dos/scada/siemens_siprotec4,"Siemens SIPROTEC 4 and SIPROTEC Compact EN100 Ethernet Module - Denial of Service",,CVE-2015-5374
auxiliary,auxiliary/dos/scada/d20_tftp_overflow,"General Electric D20ME TFTP Server Buffer Overflow DoS",,
auxiliary,auxiliary/dos/cisco/ios_telnet_rocem,"Cisco IOS Telnet Denial of Service",,
auxiliary,auxiliary/dos/cisco/ios_http_percentpercent,"Cisco IOS HTTP GET /%% Request Denial of Service",,
auxiliary,auxiliary/dos/upnp/miniupnpd_dos,"MiniUPnPd 1.4 Denial of Service (DoS) Exploit",,
auxiliary,auxiliary/dos/ssl/dtls_changecipherspec,"OpenSSL DTLS ChangeCipherSpec Remote DoS",,
auxiliary,auxiliary/dos/ssl/dtls_fragment_overflow,"OpenSSL DTLS Fragment Buffer Overflow DoS",,CVE-2014-0195
auxiliary,auxiliary/dos/ssl/openssl_aesni,"OpenSSL TLS 1.1 and 1.2 AES-NI DoS",,
auxiliary,auxiliary/dos/smtp/sendmail_prescan,"Sendmail SMTP Address prescan Memory Corruption",,
auxiliary,auxiliary/dos/dhcp/isc_dhcpd_clientid,"ISC DHCP Zero Length ClientID Denial of Service Module",,
auxiliary,auxiliary/dos/ftp/vsftpd_232,"VSFTPD 2.3.2 and Earlier STAT Denial of Service",,
auxiliary,auxiliary/dos/syslog/rsyslog_long_tag,"rsyslog Long Tag Off-By-Two DoS",,
auxiliary,auxiliary/dos/android/android_stock_browser_iframe,"Android Stock Browser Iframe DOS",,
auxiliary,auxiliary/dos/wireshark/cldap,"Wireshark CLDAP Dissector DOS",,
auxiliary,auxiliary/dos/wireshark/ldap,"Wireshark LDAP Dissector DOS",,
auxiliary,auxiliary/dos/wireshark/capwap,"Wireshark CAPWAP Dissector DoS",,
auxiliary,auxiliary/dos/wireshark/chunked,"Wireshark chunked_encoding_dissector Function DOS",,
auxiliary,auxiliary/dos/mdns/avahi_portzero,"Avahi Source Port 0 DoS",,
auxiliary,auxiliary/dos/pptp/ms02_063_pptp_dos,"MS02-063 PPTP Malformed Control Data Kernel Denial of Service",,
auxiliary,auxiliary/dos/tcp/junos_tcp_opt,"Juniper JunOS Malformed TCP Option",,
auxiliary,auxiliary/dos/tcp/synflood,"TCP SYN Flooder",,
auxiliary,auxiliary/dos/mirageos/qubes_mirage_firewall_dos,"Mirage firewall for QubesOS 0.8.0-0.8.3 Denial of Service (DoS) Exploit",,
auxiliary,auxiliary/dos/ntp/ntpd_reserved_dos,"NTP.org ntpd Reserved Mode Denial of Service",,
auxiliary,auxiliary/dos/dns/bind_tsig,"BIND TSIG Query Denial of Service",,CVE-2016-2776
auxiliary,auxiliary/dos/dns/bind_tsig_badtime,"BIND TSIG Badtime Query Denial of Service",,
auxiliary,auxiliary/dos/dns/bind_tkey,"BIND TKEY Query Denial of Service",,CVE-2015-5477
auxiliary,auxiliary/dos/hp/data_protector_rds,"HP Data Protector Manager RDS DOS",,
auxiliary,auxiliary/dos/samba/read_nttrans_ea_list,"Samba read_nttrans_ea_list Integer Overflow",,
auxiliary,auxiliary/dos/samba/lsa_addprivs_heap,"Samba lsa_io_privilege_set Heap Overflow",,
auxiliary,auxiliary/dos/samba/lsa_transnames_heap,"Samba lsa_io_trans_names Heap Overflow",,
auxiliary,auxiliary/dos/apple_ios/webkit_backdrop_filter_blur,"iOS Safari Denial of Service with CSS",,
auxiliary,auxiliary/dos/http/novell_file_reporter_heap_bof,"NFR Agent Heap Overflow Vulnerability",,CVE-2012-4959
auxiliary,auxiliary/dos/http/apache_tomcat_transfer_encoding,"Apache Tomcat Transfer-Encoding Information Disclosure and DoS",,
auxiliary,auxiliary/dos/http/gzip_bomb_dos,"Gzip Memory Bomb Denial Of Service",,
auxiliary,auxiliary/dos/http/apache_range_dos,"Apache Range Header DoS (Apache Killer)",,
auxiliary,auxiliary/dos/http/sonicwall_ssl_format,"SonicWALL SSL-VPN Format String Vulnerability",,
auxiliary,auxiliary/dos/http/nodejs_pipelining,"Node.js HTTP Pipelining Denial of Service",,
auxiliary,auxiliary/dos/http/apache_mod_isapi,"Apache mod_isapi Dangling Pointer",,
auxiliary,auxiliary/dos/http/webrick_regex,"Ruby WEBrick::HTTP::DefaultFileHandler DoS",,
auxiliary,auxiliary/dos/http/dell_openmanage_post,"Dell OpenManage POST Request Heap Overflow (win32)",,
auxiliary,auxiliary/dos/http/cable_haunt_websocket_dos,"'Cablehaunt' Cable Modem WebSocket DoS",,
auxiliary,auxiliary/dos/http/marked_redos,"marked npm module 'heading' ReDoS",,CVE-2017-17461
auxiliary,auxiliary/dos/http/flexense_http_server_dos,"Flexense HTTP Server Denial Of Service",,
auxiliary,auxiliary/dos/http/wordpress_long_password_dos,"WordPress Long Password DoS",,CVE-2014-9034
auxiliary,auxiliary/dos/http/brother_debut_dos,"Brother Debut http Denial Of Service",,
auxiliary,auxiliary/dos/http/tautulli_shutdown_exec,"Tautulli v2.1.9 - Shutdown Denial of Service",,
auxiliary,auxiliary/dos/http/3com_superstack_switch,"3Com SuperStack Switch Denial of Service",,
auxiliary,auxiliary/dos/http/apache_commons_fileupload_dos,"Apache Commons FileUpload and Apache Tomcat DoS",,
auxiliary,auxiliary/dos/http/monkey_headers,"Monkey HTTPD Header Parsing Denial of Service (DoS)",,
auxiliary,auxiliary/dos/http/ibm_lotus_notes2,"IBM Notes Denial Of Service",,
auxiliary,auxiliary/dos/http/wordpress_xmlrpc_dos,"Wordpress XMLRPC DoS",,
auxiliary,auxiliary/dos/http/f5_bigip_apm_max_sessions,"F5 BigIP Access Policy Manager Session Exhaustion Denial of Service",,
auxiliary,auxiliary/dos/http/squid_range_dos,"Squid Proxy Range Header DoS",,CVE-2021-31806;CVE-2021-31807
auxiliary,auxiliary/dos/http/rails_action_view,"Ruby on Rails Action View MIME Memory Exhaustion",,
auxiliary,auxiliary/dos/http/hashcollision_dos,"Hashtable Collisions",,
auxiliary,auxiliary/dos/http/ws_dos,"ws - Denial of Service",,
auxiliary,auxiliary/dos/http/ms15_034_ulonglongadd,"MS15-034 HTTP Protocol Stack Request Handling Denial-of-Service",,CVE-2015-1635
auxiliary,auxiliary/dos/http/wordpress_directory_traversal_dos,"WordPress Traversal Directory DoS",,CVE-2016-6896
auxiliary,auxiliary/dos/http/rails_json_float_dos,"Ruby on Rails JSON Processor Floating Point Heap Overflow DoS",,
auxiliary,auxiliary/dos/http/webkitplus,"WebKitGTK+ WebKitFaviconDatabase DoS",,CVE-2018-11646
auxiliary,auxiliary/dos/http/ibm_lotus_notes,"IBM Notes encodeURI DOS",,
auxiliary,auxiliary/dos/http/metasploit_httphandler_dos,"Metasploit HTTP(S) handler DoS",,
auxiliary,auxiliary/dos/http/ua_parser_js_redos,"ua-parser-js npm module ReDoS",,
auxiliary,auxiliary/dos/http/canon_wireless_printer,"Canon Wireless Printer Denial Of Service",,
auxiliary,auxiliary/dos/sap/sap_soap_rfc_eps_delete_file,"SAP SOAP EPS_DELETE_FILE File Deletion",,
auxiliary,auxiliary/dos/misc/ibm_tsm_dos,"IBM Tivoli Storage Manager FastBack Server Opcode 0x534 Denial of Service",,
auxiliary,auxiliary/dos/misc/ibm_sametime_webplayer_dos,"IBM Lotus Sametime WebPlayer DoS",,
auxiliary,auxiliary/dos/misc/dopewars,"Dopewars Denial of Service",,
auxiliary,auxiliary/dos/misc/memcached,"Memcached Remote Denial of Service",,
auxiliary,auxiliary/dos/smb/smb_loris,"smb_loris",,
auxiliary,auxiliary/dos/solaris/lpd/cascade_delete,"Solaris LPD Arbitrary File Delete",,
auxiliary,auxiliary/dos/freebsd/nfsd/nfsd_mount,"FreeBSD Remote NFS RPC Request Denial of Service",,
auxiliary,auxiliary/dos/windows/llmnr/ms11_030_dnsapi,"Microsoft Windows DNSAPI.dll LLMNR Buffer Underrun DoS",,
auxiliary,auxiliary/dos/windows/smtp/ms06_019_exchange,"MS06-019 Exchange MODPROP Heap Overflow",,
auxiliary,auxiliary/dos/windows/games/kaillera,"Kaillera 0.86 Server Denial of Service",,
auxiliary,auxiliary/dos/windows/ftp/filezilla_admin_user,"FileZilla FTP Server Admin Interface Denial of Service",,
auxiliary,auxiliary/dos/windows/ftp/winftp230_nlst,"WinFTP 2.3.0 NLST Denial of Service",,
auxiliary,auxiliary/dos/windows/ftp/xmeasy570_nlst,"XM Easy Personal FTP Server 5.7.0 NLST DoS",,
auxiliary,auxiliary/dos/windows/ftp/iis75_ftpd_iac_bof,"Microsoft IIS FTP Server Encoded Response Overflow Trigger",,
auxiliary,auxiliary/dos/windows/ftp/solarftp_user,"Solar FTP Server Malformed USER Denial of Service",,
auxiliary,auxiliary/dos/windows/ftp/vicftps50_list,"Victory FTP Server 5.0 LIST DoS",,
auxiliary,auxiliary/dos/windows/ftp/xmeasy560_nlst,"XM Easy Personal FTP Server 5.6.0 NLST DoS",,
auxiliary,auxiliary/dos/windows/ftp/filezilla_server_port,"FileZilla FTP Server Malformed PORT Denial of Service",,
auxiliary,auxiliary/dos/windows/ftp/guildftp_cwdlist,"Guild FTPd 0.999.8.11/0.999.14 Heap Corruption",,
auxiliary,auxiliary/dos/windows/ftp/titan626_site,"Titan FTP Server 6.26.630 SITE WHO DoS",,
auxiliary,auxiliary/dos/windows/ftp/iis_list_exhaustion,"Microsoft IIS FTP Server LIST Stack Exhaustion",,
auxiliary,auxiliary/dos/windows/rdp/ms12_020_maxchannelids,"MS12-020 Microsoft Remote Desktop Use-After-Free DoS",,
auxiliary,auxiliary/dos/windows/ssh/sysax_sshd_kexchange,"Sysax Multi-Server 6.10 SSHD Key Exchange Denial of Service",,
auxiliary,auxiliary/dos/windows/appian/appian_bpm,"Appian Enterprise Business Suite 5.6 SP1 DoS",,
auxiliary,auxiliary/dos/windows/nat/nat_helper,"Microsoft Windows NAT Helper Denial of Service",,
auxiliary,auxiliary/dos/windows/browser/ms09_065_eot_integer,"Microsoft Windows EOT Font Table Directory Integer Overflow",,
auxiliary,auxiliary/dos/windows/tftp/pt360_write,"PacketTrap TFTP Server 2.2.5459.0 DoS",,
auxiliary,auxiliary/dos/windows/tftp/solarwinds,"SolarWinds TFTP Server 10.4.0.10 Denial of Service",,
auxiliary,auxiliary/dos/windows/http/ms10_065_ii6_asp_dos,"Microsoft IIS 6.0 ASP Stack Exhaustion Denial of Service",,
auxiliary,auxiliary/dos/windows/http/pi3web_isapi,"Pi3Web ISAPI DoS",,
auxiliary,auxiliary/dos/windows/http/http_sys_accept_encoding_dos_cve_2021_31166,"Windows IIS HTTP Protocol Stack DOS",,CVE-2021-31166
auxiliary,auxiliary/dos/windows/smb/ms06_063_trans,"Microsoft SRV.SYS Pipe Transaction No Null",,
auxiliary,auxiliary/dos/windows/smb/ms09_050_smb2_negotiate_pidhigh,"Microsoft SRV2.SYS SMB Negotiate ProcessID Function Table Dereference",,
auxiliary,auxiliary/dos/windows/smb/ms05_047_pnp,"Microsoft Plug and Play Service Registry Overflow",,
auxiliary,auxiliary/dos/windows/smb/rras_vls_null_deref,"Microsoft RRAS InterfaceAdjustVLSPointers NULL Dereference",,
auxiliary,auxiliary/dos/windows/smb/ms11_019_electbowser,"Microsoft Windows Browser Pool DoS",,
auxiliary,auxiliary/dos/windows/smb/ms06_035_mailslot,"Microsoft SRV.SYS Mailslot Write Corruption",,
auxiliary,auxiliary/dos/windows/smb/ms09_050_smb2_session_logoff,"Microsoft SRV2.SYS SMB2 Logoff Remote Kernel NULL Pointer Dereference",,
auxiliary,auxiliary/dos/windows/smb/ms10_054_queryfs_pool_overflow,"Microsoft Windows SRV.SYS SrvSmbQueryFsInformation Pool Overflow DoS",,
auxiliary,auxiliary/dos/windows/smb/ms09_001_write,"Microsoft SRV.SYS WriteAndX Invalid DataOffset",,
auxiliary,auxiliary/dos/windows/smb/vista_negotiate_stop,"Microsoft Vista SP0 SMB Negotiate Protocol DoS",,
auxiliary,auxiliary/dos/windows/smb/ms10_006_negotiate_response_loop,"Microsoft Windows 7 / Server 2008 R2 SMB Client Infinite Loop",,
auxiliary,auxiliary/server/relay/http_to_ldap,"Microsoft Windows HTTP to LDAP Relay",,
auxiliary,auxiliary/server/relay/smb_to_mssql,"Microsoft Windows SMB to MSSQL Relay",,
auxiliary,auxiliary/server/relay/http_to_smb,"Microsoft Windows HTTP to SMB Relay",,
auxiliary,auxiliary/server/relay/relay_get_naa_credentials,"SMB to HTTP relay version of Get NAA Creds",,
auxiliary,auxiliary/server/relay/esc8,"ESC8 Relay: SMB to HTTP(S)",,
auxiliary,auxiliary/server/relay/smb_to_ldap,"Microsoft Windows SMB to LDAP Relay",,
auxiliary,auxiliary/server/capture/mysql,"Authentication Capture: MySQL",,
auxiliary,auxiliary/server/capture/http_javascript_keylogger,"Capture: HTTP JavaScript Keylogger",,
auxiliary,auxiliary/server/capture/printjob_capture,"Printjob Capture Service",,
auxiliary,auxiliary/server/capture/imap,"Authentication Capture: IMAP",,
auxiliary,auxiliary/server/capture/sip,"Authentication Capture: SIP",,
auxiliary,auxiliary/server/capture/drda,"Authentication Capture: DRDA (DB2, Informix, Derby)",,
auxiliary,auxiliary/server/capture/smb,"Authentication Capture: SMB",,
auxiliary,auxiliary/server/capture/http_basic,"HTTP Client Basic Authentication Credential Collector",,
auxiliary,auxiliary/server/capture/smtp,"Authentication Capture: SMTP",,
auxiliary,auxiliary/server/capture/telnet,"Authentication Capture: Telnet",,
auxiliary,auxiliary/server/capture/vnc,"Authentication Capture: VNC",,
auxiliary,auxiliary/server/capture/mssql,"Authentication Capture: MSSQL",,
auxiliary,auxiliary/server/capture/ftp,"Authentication Capture: FTP",,
auxiliary,auxiliary/server/capture/pop3,"Authentication Capture: POP3",,
auxiliary,auxiliary/server/capture/ldap,"Authentication Capture: LDAP",,
auxiliary,auxiliary/server/capture/postgresql,"Authentication Capture: PostgreSQL",,
auxiliary,auxiliary/server/capture/http_ntlm,"HTTP Client MS Credential Catcher",,
auxiliary,auxiliary/server/capture/http,"Authentication Capture: HTTP",,
auxiliary,auxiliary/server/dns/native_server,"Native DNS Server (Example)",,
auxiliary,auxiliary/server/dns/spoofhelper,"DNS Spoofing Helper Service",,
auxiliary,auxiliary/fuzzers/smtp/smtp_fuzzer,"SMTP Simple Fuzzer",,
auxiliary,auxiliary/fuzzers/tds/tds_login_username,"TDS Protocol Login Request Username Fuzzer",,
auxiliary,auxiliary/fuzzers/tds/tds_login_corrupt,"TDS Protocol Login Request Corruption Fuzzer",,
auxiliary,auxiliary/fuzzers/ftp/client_ftp,"Simple FTP Client Fuzzer",,
auxiliary,auxiliary/fuzzers/ftp/ftp_pre_post,"Simple FTP Fuzzer",,
auxiliary,auxiliary/fuzzers/ssh/ssh_version_2,"SSH 2.0 Version Fuzzer",,
auxiliary,auxiliary/fuzzers/ssh/ssh_version_corrupt,"SSH Version Corruption",,
auxiliary,auxiliary/fuzzers/ssh/ssh_kexinit_corrupt,"SSH Key Exchange Init Corruption",,
auxiliary,auxiliary/fuzzers/ssh/ssh_version_15,"SSH 1.5 Version Fuzzer",,
auxiliary,auxiliary/fuzzers/ntp/ntp_protocol_fuzzer,"NTP Protocol Fuzzer",,
auxiliary,auxiliary/fuzzers/dns/dns_fuzzer,"DNS and DNSSEC Fuzzer",,
auxiliary,auxiliary/fuzzers/http/http_get_uri_long,"HTTP GET Request URI Fuzzer (Incrementing Lengths)",,
auxiliary,auxiliary/fuzzers/http/http_form_field,"HTTP Form Field Fuzzer",,
auxiliary,auxiliary/fuzzers/http/http_get_uri_strings,"HTTP GET Request URI Fuzzer (Fuzzer Strings)",,
auxiliary,auxiliary/fuzzers/smb/smb_tree_connect_corrupt,"SMB Tree Connect Request Corruption",,
auxiliary,auxiliary/fuzzers/smb/smb_create_pipe,"SMB Create Pipe Request Fuzzer",,
auxiliary,auxiliary/fuzzers/smb/smb_create_pipe_corrupt,"SMB Create Pipe Request Corruption",,
auxiliary,auxiliary/fuzzers/smb/smb_tree_connect,"SMB Tree Connect Request Fuzzer",,
auxiliary,auxiliary/fuzzers/smb/smb_ntlm1_login_corrupt,"SMB NTLMv1 Login Request Corruption",,
auxiliary,auxiliary/fuzzers/smb/smb_negotiate_corrupt,"SMB Negotiate Dialect Corruption",,
auxiliary,auxiliary/fuzzers/smb/smb2_negotiate_corrupt,"SMB Negotiate SMB2 Dialect Corruption",,
post,post/aix/hashdump,"AIX Gather Dump Password Hashes",,
post,post/multi/escalate/cups_root_file_read,"CUPS 1.6.1 Root File Read",,
post,post/multi/escalate/metasploit_pcaplog,"Multi Escalate Metasploit pcap_log Local Privilege Escalation",manual,
post,post/multi/escalate/aws_create_iam_user,"Create an AWS IAM User",,
post,post/multi/gather/multi_command,"Multi Gather Run Shell Command Resource File",,
post,post/multi/gather/dbvis_enum,"Multi Gather DbVisualizer Connections Settings",,
post,post/multi/gather/dns_bruteforce,"Multi Gather DNS Forward Lookup Bruteforce",,
post,post/multi/gather/firefox_creds,"Multi Gather Firefox Signon Credential Collection",,
post,post/multi/gather/memory_search,"Memory Search",,
post,post/multi/gather/pidgin_cred,"Multi Gather Pidgin Instant Messenger Credential Collection",,
post,post/multi/gather/rubygems_api_key,"Multi Gather RubyGems API Key",,
post,post/multi/gather/irssi_creds,"Multi Gather IRSSI IRC Password(s)",,
post,post/multi/gather/aws_ec2_instance_metadata,"Gather AWS EC2 Instance Metadata",,
post,post/multi/gather/dns_srv_lookup,"Multi Gather DNS Service Record Lookup Scan",,
post,post/multi/gather/dbeaver,"Gather Dbeaver Passwords",,
post,post/multi/gather/grub_creds,"Gather GRUB Password",,
post,post/multi/gather/chrome_cookies,"Chrome Gather Cookies",,
post,post/multi/gather/unix_cached_ad_hashes,"UNIX Gather Cached AD Hashes",,
post,post/multi/gather/fetchmailrc_creds,"UNIX Gather .fetchmailrc Credentials",,
post,post/multi/gather/ssh_creds,"Multi Gather OpenSSH PKI Credentials Collection",,
post,post/multi/gather/enum_vbox,"Multi Gather VirtualBox VM Enumeration",,
post,post/multi/gather/wlan_geolocate,"Multiplatform WLAN Enumeration and Geolocation",,
post,post/multi/gather/filezilla_client_cred,"Multi Gather FileZilla FTP Client Credential Collection",,
post,post/multi/gather/pgpass_creds,"Multi Gather pgpass Credentials",,
post,post/multi/gather/jenkins_gather,"Jenkins Credential Collector",,
post,post/multi/gather/gpg_creds,"Multi Gather GnuPG Credentials Collection",,
post,post/multi/gather/tomcat_gather,"Gather Tomcat Credentials",,
post,post/multi/gather/unix_kerberos_tickets,"UNIX Gather Kerberos Tickets",,
post,post/multi/gather/apple_ios_backup,"Windows Gather Apple iOS MobileSync Backup File Collection",,
post,post/multi/gather/azure_cli_creds,"Azure CLI Credentials Gatherer",,
post,post/multi/gather/thunderbird_creds,"Multi Gather Mozilla Thunderbird Signon Credential Collection",,
post,post/multi/gather/resolve_hosts,"Multi Gather Resolve Hosts",,
post,post/multi/gather/enum_hexchat,"Linux Gather HexChat/XChat Enumeration",,
post,post/multi/gather/maven_creds,"Multi Gather Maven Credentials Collection",,
post,post/multi/gather/rsyncd_creds,"UNIX Gather RSYNC Credentials",,
post,post/multi/gather/docker_creds,"Multi Gather Docker Credentials Collection",,
post,post/multi/gather/find_vmx,"Multi Gather VMWare VM Identification",,
post,post/multi/gather/wowza_streaming_engine_creds,"Gather Wowza Streaming Engine Credentials",,
post,post/multi/gather/jboss_gather,"JBoss Credential Collector",,
post,post/multi/gather/skype_enum,"Multi Gather Skype User Data Enumeration",,
post,post/multi/gather/minio_client,"Gather MinIO Client Key",,
post,post/multi/gather/remmina_creds,"UNIX Gather Remmina Credentials",,
post,post/multi/gather/ping_sweep,"Multi Gather Ping Sweep",,
post,post/multi/gather/run_console_rc_file,"Multi Gather Run Console Resource File",,
post,post/multi/gather/dns_reverse_lookup,"Multi Gather DNS Reverse Lookup Scan",,
post,post/multi/gather/electerm,"Gather electerm Passwords",,
post,post/multi/gather/enum_software_versions,"Multiplatform Installed Software Version Enumerator",,
post,post/multi/gather/netrc_creds,"UNIX Gather .netrc Credentials",,
post,post/multi/gather/check_malware,"Multi Gather Malware Verifier",,
post,post/multi/gather/env,"Multi Gather Generic Operating System Environment Settings",,
post,post/multi/gather/ubiquiti_unifi_backup,"Multi Gather Ubiquiti UniFi Controller Backup",,
post,post/multi/gather/saltstack_salt,"SaltStack Salt Information Gatherer",,
post,post/multi/gather/lastpass_creds,"LastPass Vault Decryptor",,
post,post/multi/gather/aws_keys,"UNIX Gather AWS Keys",,
post,post/multi/recon/multiport_egress_traffic,"Generate TCP/UDP Outbound Traffic On Multiple Ports",,
post,post/multi/recon/reverse_lookup,"Reverse Lookup IP Addresses",,
post,post/multi/recon/local_exploit_suggester,"Multi Recon Local Exploit Suggester",,
post,post/multi/recon/sudo_commands,"Sudo Commands",,
post,post/multi/recon/persistence_suggester,"Persistence Exploit Suggester",,
post,post/multi/manage/fileshare,"Browse the session filesystem in a Web Browser",,
post,post/multi/manage/zip,"Multi Manage File Compressor",,
post,post/multi/manage/open,"Open a file or URL on the target computer",,
post,post/multi/manage/dbvis_query,"Multi Manage DbVisualizer Query",,
post,post/multi/manage/shell_to_meterpreter,"Shell to Meterpreter Upgrade",,
post,post/multi/manage/set_wallpaper,"Multi Manage Set Wallpaper",,
post,post/multi/manage/upload_exec,"Upload and Execute",,
post,post/multi/manage/hsts_eraser,"Web browsers HSTS entries eraser",,
post,post/multi/manage/play_youtube,"Multi Manage YouTube Broadcast",,
post,post/multi/manage/system_session,"Multi Manage System Remote TCP Shell Session",,
post,post/multi/manage/dbvis_add_db_admin,"Multi Manage DbVisualizer Add Db Admin",,
post,post/multi/manage/sudo,"Multiple Linux / Unix Post Sudo Upgrade Shell",,
post,post/multi/manage/autoroute,"Multi Manage Network Route via Meterpreter Session",,
post,post/multi/manage/multi_post,"Multi Manage Post Module Macro Execution",,
post,post/multi/manage/screenshare,"Multi Manage the screen of the target meterpreter session",,
post,post/multi/manage/record_mic,"Multi Manage Record Microphone",,
post,post/multi/manage/screensaver,"Multi Manage the screensaver of the target computer",excellent,
post,post/multi/general/wall,"Write Messages to Users",,
post,post/multi/general/close,"Multi Generic Operating System Session Close",,
post,post/multi/general/execute,"Multi Generic Operating System Session Command Execution",,
post,post/multi/sap/smdagent_get_properties,"Diagnostics Agent in Solution Manager, stores unencrypted credentials for Solution Manager server",,
post,post/solaris/escalate/pfexec,"Solaris pfexec Upgrade Shell",,
post,post/solaris/escalate/srsexec_readline,"Solaris srsexec Arbitrary File Reader",,
post,post/solaris/gather/enum_services,"Solaris Gather Configured Services",,
post,post/solaris/gather/enum_packages,"Solaris Gather Installed Packages",,
post,post/solaris/gather/checkvm,"Solaris Gather Virtual Environment Detection",,
post,post/solaris/gather/hashdump,"Solaris Gather Dump Password Hashes for Solaris Systems",,
post,post/android/gather/wireless_ap,"Gather Wireless SSIDs and PSKs",,
post,post/android/gather/sub_info,"Extract Subscriber Info",,
post,post/android/gather/hashdump,"Android Gather Dump Password Hashes for Android Systems",,
post,post/android/capture/screen,"Android Screen Capture",,
post,post/android/local/koffee,"KOFFEE - Kia OFFensivE Exploit",,CVE-2020-8539
post,post/android/manage/remove_lock_root,"Android Root Remove Device Locks (root)",,
post,post/android/manage/remove_lock,"Android Settings Remove Device Locks (4.0-4.3)",normal,
post,post/osx/escalate/tccbypass,"Bypass the macOS TCC Framework",,CVE-2020-9934
post,post/osx/admin/say,"OS X Text to Speech Utility",,
post,post/osx/gather/safari_lastsession,"OSX Gather Safari LastSession.plist",,
post,post/osx/gather/gitignore,"Git Ignore Retriever",,
post,post/osx/gather/enum_messages,"OS X Gather Messages",,
post,post/osx/gather/password_prompt_spoof,"OSX Password Prompt Spoof",,
post,post/osx/gather/enum_osx,"OS X Gather Mac OS X System Information Enumeration",,
post,post/osx/gather/autologin_password,"OSX Gather Autologin Password as Root",,
post,post/osx/gather/enum_keychain,"OS X Gather Keychain Enumeration",,
post,post/osx/gather/apfs_encrypted_volume_passwd,"Mac OS X APFS Encrypted Volume Password Disclosure",,
post,post/osx/gather/enum_colloquy,"OS X Gather Colloquy Enumeration",,
post,post/osx/gather/enum_adium,"OS X Gather Adium Enumeration",,
post,post/osx/gather/enum_chicken_vnc_profile,"OS X Gather Chicken of the VNC Profile",,
post,post/osx/gather/hashdump,"OS X Gather Mac OS X Password Hash Collector",,
post,post/osx/gather/enum_airport,"OS X Gather Airport Wireless Preferences",,
post,post/osx/gather/vnc_password_osx,"OS X Display Apple VNC Password",,
post,post/osx/capture/keylog_recorder,"OSX Capture Userspace Keylogger",,
post,post/osx/capture/screen,"OSX Screen Capture",,
post,post/osx/manage/sonic_pi,"OS X Manage Sonic Pi",,
post,post/osx/manage/mount_share,"OSX Network Share Mounter",,
post,post/osx/manage/record_mic,"OSX Manage Record Microphone",,
post,post/osx/manage/webcam,"OSX Manage Webcam",,
post,post/osx/manage/vpn,"OSX VPN Manager",,
post,post/networking/gather/enum_vyos,"VyOS Gather Device General Information",,
post,post/networking/gather/enum_juniper,"Juniper Gather Device General Information",,
post,post/networking/gather/enum_cisco,"Cisco Gather Device General Information",,
post,post/networking/gather/enum_brocade,"Brocade Gather Device General Information",,
post,post/networking/gather/enum_f5,"F5 Gather Device General Information",,
post,post/networking/gather/enum_mikrotik,"Mikrotik Gather Device General Information",,
post,post/firefox/gather/xss,"Firefox XSS",,
post,post/firefox/gather/cookies,"Firefox Gather Cookies from Privileged JavaScript Shell",,
post,post/firefox/gather/history,"Firefox Gather History from Privileged JavaScript Shell",,
post,post/firefox/gather/passwords,"Firefox Gather Passwords from Privileged JavaScript Shell",,
post,post/firefox/manage/webcam_chat,"Firefox Webcam Chat on Privileged JavaScript Shell",,
post,post/bsd/gather/hashdump,"BSD Dump Password Hashes",,
post,post/linux/gather/phpmyadmin_credsteal,"Phpmyadmin credentials stealer",,
post,post/linux/gather/enum_system,"Linux Gather System and User Information",,
post,post/linux/gather/gnome_keyring_dump,"Gnome-Keyring Dump",,
post,post/linux/gather/f5_loot_mcp,"F5 Big-IP Gather Information from MCP Datastore",,CVE-2022-41622;CVE-2022-41800
post,post/linux/gather/rancher_audit_log_leak,"Rancher Audit Log Sensitive Information Leak",,
post,post/linux/gather/enum_users_history,"Linux Gather User History",,
post,post/linux/gather/enum_configs,"Linux Gather Configurations",,
post,post/linux/gather/enum_protections,"Linux Gather Protection Enumeration",,
post,post/linux/gather/ecryptfs_creds,"Gather eCryptfs Metadata",,
post,post/linux/gather/checkcontainer,"Linux Gather Container Detection",,
post,post/linux/gather/tenable_security_center,"Tenable Security Center",,
post,post/linux/gather/tor_hiddenservices,"Linux Gather TOR Hidden Services",,
post,post/linux/gather/mount_cifs_creds,"Linux Gather Saved mount.cifs/mount.smbfs Credentials",,
post,post/linux/gather/enum_network,"Linux Gather Network Information",,
post,post/linux/gather/gnome_commander_creds,"Linux Gather Gnome-Commander Creds",,
post,post/linux/gather/haserl_read,"Haserl Arbitrary File Reader",,
post,post/linux/gather/igel_dump_file,"IGEL OS Dump File",,
post,post/linux/gather/grandstream_gxp1600_creds,"GrandStream GXP1600 Gather Credentials",,
post,post/linux/gather/vcenter_secrets_dump,"VMware vCenter Secrets Dump",,CVE-2022-22948
post,post/linux/gather/enum_psk,"Linux Gather NetworkManager 802-11-Wireless-Security Credentials",,
post,post/linux/gather/ansible,"Ansible Config Gather",,
post,post/linux/gather/manageengine_password_manager_creds,"Linux Gather ManageEngine Password Manager Pro Password Extractor",,
post,post/linux/gather/mimipenguin,"MimiPenguin",,
post,post/linux/gather/openvpn_credentials,"OpenVPN Gather Credentials",,
post,post/linux/gather/cve_2026_46333_chage,"Linux Kernel __ptrace_may_access() Exit Race chage File Disclosure",,CVE-2026-46333
post,post/linux/gather/checkvm,"Linux Gather Virtual Environment Detection",,
post,post/linux/gather/enum_nagios_xi,"Nagios XI Enumeration",,
post,post/linux/gather/hashdump,"Linux Gather Dump Password Hashes for Linux Systems",,
post,post/linux/gather/ansible_playbook_error_message_file_reader,"Ansible Playbook Error Message File Reader",,
post,post/linux/gather/enum_commands,"Gather Available Shell Commands",,
post,post/linux/gather/enum_containers,"Linux Container Enumeration",,
post,post/linux/gather/pptpd_chap_secrets,"Linux Gather PPTP VPN chap-secrets Credentials",,
post,post/linux/gather/puppet,"Puppet Config Gather",,
post,post/linux/gather/apache_nifi_credentials,"Apache NiFi Credentials Gather",,
post,post/linux/capture/grandstream_gxp1600_sip,"GrandStream GXP1600 proxy SIP traffic",,
post,post/linux/manage/disable_clamav,"Disable ClamAV",,
post,post/linux/manage/download_exec,"Linux Manage Download and Execute",,
post,post/linux/manage/pseudo_shell,"Pseudo-Shell Post-Exploitation Module",,
post,post/linux/manage/dns_spoofing,"Native DNS Spoofing module",,
post,post/linux/manage/iptables_removal,"IPTABLES rules removal",,
post,post/linux/manage/geutebruck_post_exp,"Geutebruck Camera Deface",,
post,post/linux/manage/adduser,"Add a new user to the system",,
post,post/linux/busybox/wget_exec,"BusyBox Download and Execute",,
post,post/linux/busybox/set_dns,"BusyBox DNS Configuration",,
post,post/linux/busybox/enum_hosts,"BusyBox Enumerate Host Names",,
post,post/linux/busybox/set_dmz,"BusyBox DMZ Configuration",,
post,post/linux/busybox/ping_net,"BusyBox Ping Network Enumeration",,
post,post/linux/busybox/jailbreak,"BusyBox Jailbreak ",,
post,post/linux/busybox/smb_share_root,"BusyBox SMB Sharing",,
post,post/linux/busybox/enum_connections,"BusyBox Enumerate Connections",,
post,post/linux/dos/xen_420_dos,"Linux DoS Xen 4.2.0 2012-5525",,
post,post/apple_ios/gather/ios_text_gather,"iOS Text Gatherer",,
post,post/apple_ios/gather/ios_image_gather,"iOS Image Gatherer",,
post,post/hardware/zigbee/zstumbler,"Sends Beacons to Scan for Active ZigBee Networks",,
post,post/hardware/rftransceiver/rfpwnon,"Brute Force AM/OOK (ie: Garage Doors)",,
post,post/hardware/rftransceiver/transmitter,"RF Transceiver Transmitter",,
post,post/hardware/automotive/identifymodules,"Scan CAN Bus for Diagnostic Modules",,
post,post/hardware/automotive/ecu_hard_reset,"ECU Hard Reset",,
post,post/hardware/automotive/mazda_ic_mover,"Mazda 2 Instrument Cluster Accelorometer Mover",,
post,post/hardware/automotive/malibu_overheat,"Sample Module to Flood Temp Gauge on 2006 Malibu",,
post,post/hardware/automotive/getvinfo,"Get the Vehicle Information Such as the VIN from the Target Module",,
post,post/hardware/automotive/canprobe,"Module to Probe Different Data Points in a CAN Packet",,
post,post/hardware/automotive/diagnostic_state,"Diagnostic State",,
post,post/hardware/automotive/can_flood,"CAN Flood",,
post,post/hardware/automotive/pdt,"Check For and Prep the Pyrotechnic Devices (Airbags, Battery Clamps, etc.)",,
post,post/windows/escalate/ms10_073_kbdlayout,"Windows Escalate NtUserLoadKeyboardLayoutEx Privilege Escalation",,
post,post/windows/escalate/golden_ticket,"Windows Escalate Golden Ticket",,
post,post/windows/escalate/screen_unlock,"Windows Escalate Locked Desktop Unlocker",,
post,post/windows/escalate/getsystem,"Windows Escalation",,
post,post/windows/escalate/unmarshal_cmd_exec,"Windows unmarshal post exploitation",,CVE-2018-0824
post,post/windows/escalate/droplnk,"Windows Escalate SMB Icon LNK Dropper",,
post,post/windows/gather/enum_services,"Windows Gather Service Info Enumeration",,
post,post/windows/gather/psreadline_history,"Windows Gather PSReadline History",,
post,post/windows/gather/enum_ad_groups,"Windows Gather Active Directory Groups",,
post,post/windows/gather/make_csv_orgchart,"Generate CSV Organizational Chart Data Using Manager Information",,
post,post/windows/gather/enum_computers,"Windows Gather Enumerate Computers",,
post,post/windows/gather/enum_ms_product_keys,"Windows Gather Product Key",,
post,post/windows/gather/enum_domain_tokens,"Windows Gather Enumerate Domain Tokens",,
post,post/windows/gather/enum_ad_service_principal_names,"Windows Gather Active Directory Service Principal Names",,
post,post/windows/gather/bloodhound,"BloodHound Ingestor",,
post,post/windows/gather/enum_termserv,"Windows Gather Terminal Server Client Connection Information Dumper",,
post,post/windows/gather/enum_muicache,"Windows Gather Enum User MUICache",,
post,post/windows/gather/enum_domain,"Windows Gather Enumerate Domain",,
post,post/windows/gather/enum_ad_computers,"Windows Gather Active Directory Computers",,
post,post/windows/gather/enum_domain_group_users,"Windows Gather Enumerate Domain Group",,
post,post/windows/gather/cachedump,"Windows Gather Credential Cache Dump",,
post,post/windows/gather/ad_to_sqlite,"AD Computer, Group and Recursive User Membership to Local SQLite DB",,
post,post/windows/gather/wmic_command,"Windows Gather Run WMIC Commands",,
post,post/windows/gather/enum_putty_saved_sessions,"PuTTY Saved Sessions Enumeration Module",,
post,post/windows/gather/enum_onedrive,"OneDrive Sync Provider Enumeration Module",,
post,post/windows/gather/enum_applications,"Windows Gather Installed Application Enumeration",,
post,post/windows/gather/enum_domain_users,"Windows Gather Enumerate Active Domain Users",,
post,post/windows/gather/enum_prefetch,"Windows Gather Prefetch File Information",,
post,post/windows/gather/resolve_sid,"Windows Gather Local User Account SID Lookup",,
post,post/windows/gather/enum_hostfile,"Windows Gather Windows Host File Enumeration",,
post,post/windows/gather/smart_hashdump,"Windows Gather Local and Domain Controller Account Password Hashes",,
post,post/windows/gather/enum_devices,"Windows Gather Hardware Enumeration",,
post,post/windows/gather/enum_db,"Windows Gather Database Instance Enumeration",,
post,post/windows/gather/local_admin_search_enum,"Windows Gather Local Admin Search",,
post,post/windows/gather/ntds_location,"Post Windows Gather NTDS.DIT Location",,
post,post/windows/gather/enum_ad_managedby_groups,"Windows Gather Active Directory Managed Groups",,
post,post/windows/gather/dumplinks,"Windows Gather Dump Recent Files lnk Info",,
post,post/windows/gather/phish_windows_credentials,"Windows Gather User Credentials (phishing)",,
post,post/windows/gather/arp_scanner,"Windows Gather ARP Scanner",,
post,post/windows/gather/enum_ie,"Windows Gather Internet Explorer User Data Enumeration",,
post,post/windows/gather/word_unc_injector,"Windows Gather Microsoft Office Word UNC Path Injector",,
post,post/windows/gather/enum_tomcat,"Windows Gather Apache Tomcat Enumeration",,
post,post/windows/gather/enum_snmp,"Windows Gather SNMP Settings",,
post,post/windows/gather/enum_av_excluded,"Windows Antivirus Exclusions Enumeration",,
post,post/windows/gather/exchange,"Windows Gather Exchange Server Mailboxes",,
post,post/windows/gather/tcpnetstat,"Windows Gather TCP Netstat",,
post,post/windows/gather/enum_dirperms,"Windows Gather Directory Permissions Enumeration",,
post,post/windows/gather/enum_emet,"Windows Gather EMET Protected Paths",,
post,post/windows/gather/enum_ad_user_comments,"Windows Gather Active Directory User Comments",,
post,post/windows/gather/ntds_grabber,"NTDS Grabber",,
post,post/windows/gather/bitlocker_fvek,"Bitlocker Master Key (FVEK) Extraction",,
post,post/windows/gather/enum_shares,"Windows Gather SMB Share Enumeration via Registry",,
post,post/windows/gather/enum_chocolatey_applications,"Windows Gather Installed Application Within Chocolatey Enumeration",,
post,post/windows/gather/enum_ad_to_wordlist,"Windows Active Directory Wordlist Builder",,
post,post/windows/gather/enum_files,"Windows Gather Generic File Collection",,
post,post/windows/gather/windows_kernel_pointer_enum,"Windows Kernel Pointer Exposure Enumerator",,
post,post/windows/gather/avast_memory_dump,"Avast AV Memory Dumping Utility",,
post,post/windows/gather/enum_ad_users,"Windows Gather Active Directory Users",,
post,post/windows/gather/enum_patches,"Windows Gather Applied Patches",,
post,post/windows/gather/bitcoin_jacker,"Windows Gather Bitcoin Wallet",,
post,post/windows/gather/enum_chrome,"Windows Gather Google Chrome User Data Enumeration",,
post,post/windows/gather/enum_ad_bitlocker,"Windows Gather Active Directory BitLocker Recovery",,
post,post/windows/gather/enum_browsers,"Advanced Browser Data Extraction for Chromium and Gecko Browsers",,
post,post/windows/gather/memory_dump,"Windows Process Memory Dump",,
post,post/windows/gather/screen_spy,"Windows Gather Screen Spy",,
post,post/windows/gather/enum_powershell_env,"Windows Gather PowerShell Environment Setting Enumeration",,
post,post/windows/gather/lsa_secrets,"Windows Enumerate LSA Secrets",,
post,post/windows/gather/enum_tokens,"Windows Gather Enumerate Domain Admin Tokens (Token Hunter)",,
post,post/windows/gather/memory_grep,"Windows Gather Process Memory Grep",,
post,post/windows/gather/checkvm,"Windows Gather Virtual Environment Detection",,
post,post/windows/gather/outlook,"Windows Gather Outlook Email Messages",,
post,post/windows/gather/usb_history,"Windows Gather USB Drive History",,
post,post/windows/gather/hashdump,"Windows Gather Local User Account Password Hashes (Registry)",,
post,post/windows/gather/file_from_raw_ntfs,"Windows File Gather File from Raw NTFS",,
post,post/windows/gather/netlm_downgrade,"Windows NetLM Downgrade Attack",,
post,post/windows/gather/enum_hyperv_vms,"Windows Hyper-V VM Enumeration",,
post,post/windows/gather/enum_proxy,"Windows Gather Proxy Setting",,
post,post/windows/gather/enum_trusted_locations,"Windows Gather Microsoft Office Trusted Locations",,
post,post/windows/gather/enum_logged_on_users,"Windows Gather Logged On User Enumeration (Registry)",,
post,post/windows/gather/enum_unattend,"Windows Gather Unattended Answer File Enumeration",,
post,post/windows/gather/enum_av,"Windows Installed AntiVirus Enumeration",,
post,post/windows/gather/enum_artifacts,"Windows Gather File and Registry Artifacts Enumeration",,
post,post/windows/gather/enum_domains,"Windows Gather Domain Enumeration",,
post,post/windows/gather/win_privs,"Windows Gather Privileges Enumeration",,
post,post/windows/gather/dnscache_dump,"Windows Gather DNS Cache",,
post,post/windows/gather/get_bookmarks,"Bookmarked Sites Retriever",,
post,post/windows/capture/keylog_recorder,"Windows Capture Keystroke Recorder",,
post,post/windows/capture/lockout_keylogger,"Windows Capture Winlogon Lockout Credential Keylogger",,
post,post/windows/recon/outbound_ports,"Windows Outbound-Filtering Rules",,
post,post/windows/recon/computer_browser_discovery,"Windows Recon Computer Browser Discovery",,
post,post/windows/wlan/wlan_current_connection,"Windows Gather Wireless Current Connection Info",,
post,post/windows/wlan/wlan_profile,"Windows Gather Wireless Profile",,
post,post/windows/wlan/wlan_disconnect,"Windows Disconnect Wireless Connection",,
post,post/windows/wlan/wlan_bss_list,"Windows Gather Wireless BSS Info",,
post,post/windows/wlan/wlan_probe_request,"Windows Send Probe Request Packets",,
post,post/windows/manage/archmigrate,"Architecture Migrate",,
post,post/windows/manage/reflective_dll_inject,"Windows Manage Reflective DLL Injection Module",,
post,post/windows/manage/enable_support_account,"Windows Manage Trojanize Support Account",,
post,post/windows/manage/multi_meterpreter_inject,"Windows Manage Inject in Memory Multiple Payloads",,
post,post/windows/manage/add_user,"Windows Manage Add User to the Domain and/or to a Domain Group",,
post,post/windows/manage/vss,"Windows Manage Volume Shadow Copies",,
post,post/windows/manage/ie_proxypac,"Windows Manage Proxy PAC File",,
post,post/windows/manage/run_as_psh,"run_as_psh",,
post,post/windows/manage/enable_rdp,"Windows Manage Enable Remote Desktop",,
post,post/windows/manage/mssql_local_auth_bypass,"Windows Manage Local Microsoft SQL Server Authorization Bypass",,
post,post/windows/manage/remove_host,"Windows Manage Host File Entry Removal",,
post,post/windows/manage/hashcarve,"Windows Local User Account Hash Carver",,
post,post/windows/manage/pxeexploit,"Windows Manage PXE Exploit Server",,
post,post/windows/manage/rid_hijack,"Windows Manage RID Hijacking",,
post,post/windows/manage/shellcode_inject,"Windows Manage Memory Shellcode Injection Module",,
post,post/windows/manage/portproxy,"Windows Manage Set Port Forwarding With PortProxy",,
post,post/windows/manage/nbd_server,"Windows Manage Local NBD Server for Remote Disks",,
post,post/windows/manage/inject_host,"Windows Manage Hosts File Injection",,
post,post/windows/manage/driver_loader,"Windows Manage Driver Loader",,
post,post/windows/manage/delete_user,"Windows Manage Local User Account Deletion",,
post,post/windows/manage/execute_dotnet_assembly,"Execute .NET Assembly",,
post,post/windows/manage/migrate,"Windows Manage Process Migration",,
post,post/windows/manage/peinjector,"Peinjector",,
post,post/windows/manage/pptp_tunnel,"Windows Manage Remote Point-to-Point Tunneling Protocol",,
post,post/windows/manage/killav,"Windows Post Kill Antivirus and Hips",,
post,post/windows/manage/vmdk_mount,"Windows Manage VMDK Mount Drive",,
post,post/windows/manage/install_ssh,"Install OpenSSH for Windows",,
post,post/windows/manage/download_exec,"Windows Manage Download and/or Execute",,
post,post/windows/manage/forward_pageant,"Forward SSH Agent Requests To Remote Pageant",,
post,post/windows/manage/priv_migrate,"Windows Manage Privilege Based Process Migration ",,
post,post/windows/manage/clone_proxy_settings,"Windows Manage Proxy Setting Cloner",,
post,post/windows/manage/wdigest_caching,"Windows Post Manage WDigest Credential Caching",,
post,post/windows/manage/rollback_defender_signatures,"Disable Windows Defender Signatures",,
post,post/windows/manage/webcam,"Windows Manage Webcam",,
post,post/windows/manage/smb_to_meterpreter,"SMB to Meterpreter Upgrade via PsExec",,
post,post/windows/manage/make_token,"Make Token Command",,
post,post/windows/manage/install_python,"Install Python for Windows",,
post,post/windows/manage/sdel,"Windows Manage Safe Delete",,
post,post/windows/manage/run_as,"Windows Manage Run Command As User",,
post,post/windows/manage/rpcapd_start,"Windows Manage Remote Packet Capture Service Starter",,
post,post/windows/manage/change_password,"Windows Manage Change Password",,
post,post/windows/manage/exec_powershell,"Windows PowerShell Execution Post Module",,
post,post/windows/manage/inject_ca,"Windows Manage Certificate Authority Injection",,
post,post/windows/manage/kerberos_tickets,"Kerberos Ticket Management",,
post,post/windows/manage/remove_ca,"Windows Manage Certificate Authority Removal",,
post,post/windows/manage/dell_memory_protect,"Dell DBUtilDrv2.sys Memory Protection Modifier",manual,CVE-2021-21551
post,post/windows/gather/forensics/imager,"Windows Gather Forensic Imaging",,
post,post/windows/gather/forensics/browser_history,"Windows Gather Skype, Firefox, and Chrome Artifacts",,
post,post/windows/gather/forensics/nbd_server,"Windows Gather Local NBD Server",,
post,post/windows/gather/forensics/fanny_bmp_check,"FannyBMP or DementiaWheel Detection Registry Check",,CVE-2010-2568
post,post/windows/gather/forensics/enum_drives,"Windows Gather Physical Drives and Logical Volumes",,
post,post/windows/gather/forensics/recovery_files,"Windows Gather Deleted Files Enumeration and Recovering",,
post,post/windows/gather/forensics/duqu_check,"Windows Gather Forensics Duqu Registry Check",,CVE-2011-3402
post,post/windows/gather/credentials/windows_autologin,"Windows Gather AutoLogin User Credential Extractor",,
post,post/windows/gather/credentials/plsql_developer,"Windows Gather PL/SQL Developer Connection Credentials",,
post,post/windows/gather/credentials/enum_laps,"Windows Gather Credentials Local Administrator Password Solution",,
post,post/windows/gather/credentials/epo_sql,"Windows Gather McAfee ePO 4.6 Config SQL Credentials",,
post,post/windows/gather/credentials/postbox,"Postbox Credential Gatherer",,
post,post/windows/gather/credentials/dynazip_log,"Windows Gather DynaZIP Saved Password Extraction",,
post,post/windows/gather/credentials/securecrt,"Windows SecureCRT Session Information Enumeration",,
post,post/windows/gather/credentials/avira_password,"Windows Gather Avira Password Extraction",,
post,post/windows/gather/credentials/maxthon,"Maxthon Credential Gatherer",,
post,post/windows/gather/credentials/aim,"Aim Credential Gatherer",,
post,post/windows/gather/credentials/xshell_xftp_password,"Windows Gather Xshell and Xftp Passwords",,
post,post/windows/gather/credentials/total_commander,"Windows Gather Total Commander Saved Password Extraction",,
post,post/windows/gather/credentials/safari,"Safari Credential Gatherer",,
post,post/windows/gather/credentials/pulse_secure,"Windows Pulse Secure Connect Client Saved Password Extractor",,CVE-2020-8956
post,post/windows/gather/credentials/smartermail,"Windows Gather SmarterMail Password Extraction",,
post,post/windows/gather/credentials/moba_xterm,"Windows Gather MobaXterm Passwords",,
post,post/windows/gather/credentials/opera,"Opera Credential Gatherer",,
post,post/windows/gather/credentials/mremote,"Windows Gather mRemote Saved Password Extraction",,
post,post/windows/gather/credentials/line,"LINE Credential Gatherer",,
post,post/windows/gather/credentials/filezilla_server,"Windows Gather FileZilla FTP Server Credential Collection",,
post,post/windows/gather/credentials/ie,"Internet Explorer Credential Gatherer",,
post,post/windows/gather/credentials/whatsupgold_credential_dump,"WhatsUp Gold Credentials Dump",manual,CVE-2022-29845;CVE-2022-29846;CVE-2022-29847;CVE-2022-29848
post,post/windows/gather/credentials/flashfxp,"Windows Gather FlashFXP Saved Password Extraction",,
post,post/windows/gather/credentials/ftpnavigator,"Windows Gather FTP Navigator Saved Password Extraction",,
post,post/windows/gather/credentials/gpp,"Windows Gather Group Policy Preference Saved Passwords",,
post,post/windows/gather/credentials/rdc_manager_creds,"Windows Gather Remote Desktop Connection Manager Saved Password Extraction",,
post,post/windows/gather/credentials/windowslivemail,"Windows Live Mail Credential Gatherer",,
post,post/windows/gather/credentials/kakaotalk,"KakaoTalk Credential Gatherer",,
post,post/windows/gather/credentials/gadugadu,"Gadugadu Credential Gatherer",,
post,post/windows/gather/credentials/halloy_irc,"Halloy IRC Credential Gatherer",,
post,post/windows/gather/credentials/incredimail,"Incredimail Credential Gatherer",,
post,post/windows/gather/credentials/xchat,"XChat Credential Gatherer",,
post,post/windows/gather/credentials/miranda,"Miranda Credential Gatherer",,
post,post/windows/gather/credentials/domain_hashdump,"Windows Domain Controller Hashdump",,
post,post/windows/gather/credentials/seamonkey,"Seamonkey Credential Gatherer",,
post,post/windows/gather/credentials/mcafee_vse_hashdump,"McAfee Virus Scan Enterprise Password Hashes Dump",,
post,post/windows/gather/credentials/windows_sam_hivenightmare,"Windows SAM secrets leak - HiveNightmare",,
post,post/windows/gather/credentials/enum_picasa_pwds,"Windows Gather Google Picasa Password Extractor",,
post,post/windows/gather/credentials/carotdav_ftp,"CarotDAV Credential Gatherer",,
post,post/windows/gather/credentials/thunderbird,"Thunderbird Credential Gatherer",,
post,post/windows/gather/credentials/vnc,"Windows Gather VNC Password Extraction",,
post,post/windows/gather/credentials/icq,"ICQ Credential Gatherer",,
post,post/windows/gather/credentials/steam,"Windows Gather Steam Client Session Collector.",,
post,post/windows/gather/credentials/navicat,"Windows Gather Navicat Passwords",,
post,post/windows/gather/credentials/veeam_credential_dump,"Veeam Backup and Replication Credentials Dump",manual,
post,post/windows/gather/credentials/tlen,"Tlen Credential Gatherer",,
post,post/windows/gather/credentials/winscp,"Windows Gather WinSCP Saved Password Extraction",,
post,post/windows/gather/credentials/thycotic_secretserver_dump,"Delinea Thycotic Secret Server Dump",manual,
post,post/windows/gather/credentials/nimbuzz,"Windows Gather Nimbuzz Instant Messenger Password Extractor",,
post,post/windows/gather/credentials/razer_synapse,"Windows Gather Razer Synapse Password Extraction",,
post,post/windows/gather/credentials/bulletproof_ftp,"Windows Gather BulletProof FTP Client Saved Password Extraction",,
post,post/windows/gather/credentials/viber,"Viber Credential Gatherer",,
post,post/windows/gather/credentials/credential_collector,"Windows Gather Credential Collector",,
post,post/windows/gather/credentials/imail,"Windows Gather IPSwitch iMail User Data Enumeration",,
post,post/windows/gather/credentials/tango,"Tango Credential Gatherer",,
post,post/windows/gather/credentials/chrome,"Chrome Credential Gatherer",,
post,post/windows/gather/credentials/qq,"QQ Credential Gatherer",,
post,post/windows/gather/credentials/teamviewer_passwords,"Windows Gather TeamViewer Passwords",,
post,post/windows/gather/credentials/imvu,"Windows Gather Credentials IMVU Game Client",,
post,post/windows/gather/credentials/skype,"Windows Gather Skype Saved Password Hash Extraction",,
post,post/windows/gather/credentials/quassel_irc,"Quassel IRC Credential Gatherer",,
post,post/windows/gather/credentials/razorsql,"Windows Gather RazorSQL Credentials",,
post,post/windows/gather/credentials/mdaemon_cred_collector,"Windows Gather MDaemonEmailServer Credential Cracking",excellent,
post,post/windows/gather/credentials/heidisql,"Windows Gather HeidiSQL Saved Password Extraction",,
post,post/windows/gather/credentials/coolnovo,"Coolnovo Credential Gatherer",,
post,post/windows/gather/credentials/ftpx,"Windows Gather FTP Explorer (FTPX) Credential Extraction",,
post,post/windows/gather/credentials/digsby,"Digsby Credential Gatherer",,
post,post/windows/gather/credentials/purevpn_cred_collector,"Windows Gather PureVPN Client Credential Collector",,
post,post/windows/gather/credentials/outlook,"Windows Gather Microsoft Outlook Saved Password Extraction",,
post,post/windows/gather/credentials/trillian,"Windows Gather Trillian Password Extractor",,
post,post/windows/gather/credentials/srware,"Srware Credential Gatherer",,
post,post/windows/gather/credentials/adi_irc,"Adi IRC Credential Gatherer",,
post,post/windows/gather/credentials/mssql_local_hashdump,"Windows Gather Local SQL Server Hash Dump",,
post,post/windows/gather/credentials/comodo,"Comodo Credential Gatherer",,
post,post/windows/gather/credentials/flock,"Flock Credential Gatherer",,
post,post/windows/gather/credentials/spark_im,"Windows Gather Spark IM Password Extraction",,
post,post/windows/gather/credentials/meebo,"Windows Gather Meebo Password Extractor",,
post,post/windows/gather/credentials/operamail,"Operamail Credential Gatherer",,
post,post/windows/gather/credentials/kmeleon,"K-Meleon Credential Gatherer",,
post,post/windows/gather/credentials/dyndns,"Windows Gather DynDNS Client Password Extractor",,
post,post/windows/gather/credentials/coreftp,"Windows Gather CoreFTP Saved Password Extraction",,
post,post/windows/gather/credentials/redis_desktop_manager,"RedisDesktopManager Credential Gatherer",,
post,post/windows/gather/credentials/idm,"Windows Gather Internet Download Manager (IDM) Password Extractor",,
post,post/windows/gather/credentials/enum_cred_store,"Windows Gather Credential Store Enumeration and Decryption Module",,
post,post/windows/gather/credentials/solarwinds_orion_dump,"SolarWinds Orion Secrets Dump",manual,
post,post/windows/gather/credentials/sso,"Windows Single Sign On Credential Collector (Mimikatz)",,
post,post/windows/gather/credentials/tortoisesvn,"Windows Gather TortoiseSVN Saved Password Extraction",,
post,post/windows/gather/credentials/winbox_settings,"Windows Gather Mikrotik Winbox 'Keep Password' Credentials Extractor",,
post,post/windows/gather/credentials/sylpheed,"Sylpheed Email Credential Gatherer",,
post,post/windows/gather/credentials/smartftp,"Windows Gather SmartFTP Saved Password Extraction",,
post,post/windows/gather/credentials/wsftp_client,"Windows Gather WS_FTP Saved Password Extraction",,
post,post/windows/manage/powershell/load_script,"Load Scripts Into PowerShell Session",,
post,post/windows/manage/powershell/build_net_code,"Powershell .NET Compiler",excellent,
post,post/windows/manage/powershell/exec_powershell,"Windows Manage PowerShell Download and/or Execute",,
payloads,payloads/stagers/php/reverse_tcp_uuid,"PHP Reverse TCP Stager",,
payloads,payloads/stagers/php/reverse_tcp,"PHP Reverse TCP Stager",,
payloads,payloads/stagers/php/bind_tcp_uuid,"Bind TCP Stager with UUID Support",,
payloads,payloads/stagers/php/bind_tcp_ipv6_uuid,"Bind TCP Stager IPv6 with UUID Support",,
payloads,payloads/stagers/php/bind_tcp_ipv6,"Bind TCP Stager IPv6",,
payloads,payloads/stagers/php/bind_tcp,"Bind TCP Stager",,
payloads,payloads/stagers/multi/reverse_http,"Reverse HTTP Stager (Multiple Architectures)",,
payloads,payloads/stagers/multi/reverse_https,"Reverse HTTPS Stager (Multiple Architectures)",,
payloads,payloads/stagers/android/reverse_http,"Android Reverse HTTP Stager",,
payloads,payloads/stagers/android/reverse_tcp,"Android Reverse TCP Stager",,
payloads,payloads/stagers/android/reverse_https,"Android Reverse HTTPS Stager",,
payloads,payloads/stagers/netware/reverse_tcp,"Reverse TCP Stager",,
payloads,payloads/stagers/python/reverse_tcp_ssl,"Python Reverse TCP SSL Stager",,
payloads,payloads/stagers/python/reverse_tcp_uuid,"Python Reverse TCP Stager with UUID Support",,
payloads,payloads/stagers/python/reverse_http,"Python Reverse HTTP Stager",,
payloads,payloads/stagers/python/reverse_tcp,"Python Reverse TCP Stager",,
payloads,payloads/stagers/python/bind_tcp_uuid,"Python Bind TCP Stager with UUID Support",,
payloads,payloads/stagers/python/reverse_https,"Python Reverse HTTPS Stager",,
payloads,payloads/stagers/python/bind_tcp,"Python Bind TCP Stager",,
payloads,payloads/stagers/java/reverse_http,"Java Reverse HTTP Stager",,
payloads,payloads/stagers/java/reverse_tcp,"Java Reverse TCP Stager",,
payloads,payloads/stagers/java/reverse_https,"Java Reverse HTTPS Stager",,
payloads,payloads/stagers/java/bind_tcp,"Java Bind TCP Stager",,
payloads,payloads/stagers/windows/bind_named_pipe,"Windows x86 Bind Named Pipe Stager",,
payloads,payloads/stagers/windows/bind_hidden_ipknock_tcp,"Hidden Bind Ipknock TCP Stager",,
payloads,payloads/stagers/windows/reverse_tcp_uuid,"Reverse TCP Stager with UUID Support",,
payloads,payloads/stagers/windows/bind_ipv6_tcp,"Bind IPv6 TCP Stager (Windows x86)",,
payloads,payloads/stagers/windows/reverse_http,"Windows Reverse HTTP Stager (wininet)",,
payloads,payloads/stagers/windows/reverse_nonx_tcp,"Reverse TCP Stager (No NX or Win7)",,
payloads,payloads/stagers/windows/reverse_winhttp,"Windows Reverse HTTP Stager (winhttp)",,
payloads,payloads/stagers/windows/reverse_tcp,"Reverse TCP Stager",,
payloads,payloads/stagers/windows/reverse_winhttps,"Windows Reverse HTTPS Stager (winhttp)",,
payloads,payloads/stagers/windows/reverse_tcp_rc4_dns,"Reverse TCP Stager (RC4 Stage Encryption DNS, Metasm)",,
payloads,payloads/stagers/windows/findtag_ord,"Find Tag Ordinal Stager",,
payloads,payloads/stagers/windows/reverse_tcp_allports,"Reverse All-Port TCP Stager",,
payloads,payloads/stagers/windows/bind_tcp_uuid,"Bind TCP Stager with UUID Support (Windows x86)",,
payloads,payloads/stagers/windows/reverse_https,"Windows Reverse HTTPS Stager (wininet)",,
payloads,payloads/stagers/windows/reverse_udp,"Reverse UDP Stager with UUID Support",,
payloads,payloads/stagers/windows/reverse_tcp_dns,"Reverse TCP Stager (DNS)",,
payloads,payloads/stagers/windows/reverse_named_pipe,"Windows x86 Reverse Named Pipe (SMB) Stager",,
payloads,payloads/stagers/windows/reverse_tcp_rc4,"Reverse TCP Stager (RC4 Stage Encryption, Metasm)",,
payloads,payloads/stagers/windows/bind_tcp_rc4,"Bind TCP Stager (RC4 Stage Encryption, Metasm)",,
payloads,payloads/stagers/windows/reverse_ord_tcp,"Reverse Ordinal TCP Stager (No NX or Win7)",,
payloads,payloads/stagers/windows/bind_nonx_tcp,"Bind TCP Stager (No NX or Win7)",,
payloads,payloads/stagers/windows/bind_hidden_tcp,"Hidden Bind TCP Stager",,
payloads,payloads/stagers/windows/bind_tcp,"Bind TCP Stager (Windows x86)",,
payloads,payloads/stagers/windows/bind_ipv6_tcp_uuid,"Bind IPv6 TCP Stager with UUID Support (Windows x86)",,
payloads,payloads/stagers/windows/reverse_ipv6_tcp,"Reverse TCP Stager (IPv6)",,
payloads,payloads/stagers/windows/reverse_http_proxy_pstore,"Reverse HTTP Stager Proxy",,
payloads,payloads/stagers/osx/aarch64/reverse_tcp,"Reverse TCP Stager",,
payloads,payloads/stagers/osx/x64/reverse_tcp_uuid,"Reverse TCP Stager with UUID Support (OSX x64)",,
payloads,payloads/stagers/osx/x64/reverse_tcp,"Reverse TCP Stager",,
payloads,payloads/stagers/osx/x64/bind_tcp,"Bind TCP Stager",,
payloads,payloads/stagers/osx/x86/reverse_tcp,"Reverse TCP Stager",,
payloads,payloads/stagers/osx/x86/bind_tcp,"Bind TCP Stager",,
payloads,payloads/stagers/osx/armle/reverse_tcp,"Reverse TCP Stager",,
payloads,payloads/stagers/osx/armle/bind_tcp,"Bind TCP Stager",,
payloads,payloads/stagers/osx/ppc/find_tag,"Find Tag Stager",,
payloads,payloads/stagers/osx/ppc/reverse_tcp,"Reverse TCP Stager",,
payloads,payloads/stagers/osx/ppc/bind_tcp,"Bind TCP Stager",,
payloads,payloads/stagers/bsdi/x86/reverse_tcp,"Reverse TCP Stager",,
payloads,payloads/stagers/bsdi/x86/bind_tcp,"Bind TCP Stager",,
payloads,payloads/stagers/bsd/x86/bind_ipv6_tcp,"Bind TCP Stager (IPv6)",,
payloads,payloads/stagers/bsd/x86/find_tag,"Find Tag Stager",,
payloads,payloads/stagers/bsd/x86/reverse_tcp,"Reverse TCP Stager",,
payloads,payloads/stagers/bsd/x86/bind_tcp,"Bind TCP Stager",,
payloads,payloads/stagers/bsd/x86/reverse_ipv6_tcp,"Reverse TCP Stager (IPv6)",,
payloads,payloads/stagers/linux/riscv32le/reverse_tcp,"Reverse TCP Stager",,
payloads,payloads/stagers/linux/riscv32le/bind_tcp,"Bind TCP Stager",,
payloads,payloads/stagers/linux/aarch64/reverse_tcp,"Reverse TCP Stager",,
payloads,payloads/stagers/linux/riscv64le/reverse_tcp,"Reverse TCP Stager",,
payloads,payloads/stagers/linux/riscv64le/bind_tcp,"Bind TCP Stager",,
payloads,payloads/stagers/linux/mipsle/reverse_tcp,"Reverse TCP Stager",,
payloads,payloads/stagers/linux/x64/reverse_tcp,"Reverse TCP Stager",,
payloads,payloads/stagers/linux/x64/reverse_sctp,"Reverse SCTP Stager",,
payloads,payloads/stagers/linux/x64/bind_tcp,"Bind TCP Stager",,
payloads,payloads/stagers/linux/mipsbe/reverse_tcp,"Reverse TCP Stager",,
payloads,payloads/stagers/linux/x86/reverse_tcp_uuid,"Reverse TCP Stager",,
payloads,payloads/stagers/linux/x86/bind_ipv6_tcp,"Bind IPv6 TCP Stager (Linux x86)",,
payloads,payloads/stagers/linux/x86/find_tag,"Find Tag Stager",,
payloads,payloads/stagers/linux/x86/reverse_nonx_tcp,"Reverse TCP Stager",,
payloads,payloads/stagers/linux/x86/reverse_tcp,"Reverse TCP Stager",,
payloads,payloads/stagers/linux/x86/bind_tcp_uuid,"Bind TCP Stager with UUID Support (Linux x86)",,
payloads,payloads/stagers/linux/x86/bind_nonx_tcp,"Bind TCP Stager",,
payloads,payloads/stagers/linux/x86/bind_tcp,"Bind TCP Stager (Linux x86)",,
payloads,payloads/stagers/linux/x86/bind_ipv6_tcp_uuid,"Bind IPv6 TCP Stager with UUID Support (Linux x86)",,
payloads,payloads/stagers/linux/x86/reverse_ipv6_tcp,"Reverse TCP Stager (IPv6)",,
payloads,payloads/stagers/linux/armle/reverse_tcp,"Reverse TCP Stager",,
payloads,payloads/stagers/linux/armle/bind_tcp,"Bind TCP Stager",,
payloads,payloads/stagers/windows/x64/bind_named_pipe,"Windows x64 Bind Named Pipe Stager",,
payloads,payloads/stagers/windows/x64/reverse_tcp_uuid,"Reverse TCP Stager with UUID Support (Windows x64)",,
payloads,payloads/stagers/windows/x64/bind_ipv6_tcp,"Windows x64 IPv6 Bind TCP Stager",,
payloads,payloads/stagers/windows/x64/reverse_http,"Windows x64 Reverse HTTP Stager (wininet)",,
payloads,payloads/stagers/windows/x64/reverse_winhttp,"Windows x64 Reverse HTTP Stager (winhttp)",,
payloads,payloads/stagers/windows/x64/reverse_tcp,"Windows x64 Reverse TCP Stager",,
payloads,payloads/stagers/windows/x64/reverse_winhttps,"Windows x64 Reverse HTTPS Stager (winhttp)",,
payloads,payloads/stagers/windows/x64/bind_tcp_uuid,"Bind TCP Stager with UUID Support (Windows x64)",,
payloads,payloads/stagers/windows/x64/reverse_https,"Windows x64 Reverse HTTP Stager (wininet)",,
payloads,payloads/stagers/windows/x64/reverse_named_pipe,"Windows x64 Reverse Named Pipe (SMB) Stager",,
payloads,payloads/stagers/windows/x64/reverse_tcp_rc4,"Reverse TCP Stager (RC4 Stage Encryption, Metasm)",,
payloads,payloads/stagers/windows/x64/bind_tcp_rc4,"Bind TCP Stager (RC4 Stage Encryption, Metasm)",,
payloads,payloads/stagers/windows/x64/bind_tcp,"Windows x64 Bind TCP Stager",,
payloads,payloads/stagers/windows/x64/bind_ipv6_tcp_uuid,"Windows x64 IPv6 Bind TCP Stager with UUID Support",,
payloads,payloads/stages/php/meterpreter,"PHP Meterpreter",,
payloads,payloads/stages/multi/meterpreter,"Architecture-Independent Meterpreter Stage",,
payloads,payloads/stages/android/shell,"Command Shell",,
payloads,payloads/stages/android/meterpreter,"Android Meterpreter",,
payloads,payloads/stages/netware/shell,"NetWare Command Shell",,
payloads,payloads/stages/python/meterpreter,"Python Meterpreter",,
payloads,payloads/stages/java/shell,"Command Shell",,
payloads,payloads/stages/java/meterpreter,"Java Meterpreter",,
payloads,payloads/stages/windows/patchupdllinject,"patchupdllinject",,
payloads,payloads/stages/windows/peinject,"Windows Inject PE Files",,
payloads,payloads/stages/windows/shell,"Windows Command Shell",,
payloads,payloads/stages/windows/patchupmeterpreter,"Windows Meterpreter (skape/jt Injection)",,
payloads,payloads/stages/windows/upexec,"Windows Upload/Execute",,
payloads,payloads/stages/windows/meterpreter,"Windows Meterpreter (Reflective Injection)",,
payloads,payloads/stages/windows/dllinject,"dllinject",,
payloads,payloads/stages/windows/vncinject,"VNC Server (Reflective Injection)",,
payloads,payloads/stages/windows/custom,"Windows shellcode stage",,
payloads,payloads/stages/osx/aarch64/meterpreter,"OSX Meterpreter",,
payloads,payloads/stages/osx/x64/meterpreter,"OSX Meterpreter",,
payloads,payloads/stages/osx/x64/dupandexecve,"OS X dup2 Command Shell",,
payloads,payloads/stages/osx/x86/isight,"Mac OS X x86 iSight Photo Capture",,
payloads,payloads/stages/osx/x86/vforkshell,"OS X (vfork) Command Shell",,
payloads,payloads/stages/osx/x86/bundleinject,"bundleinject",,
payloads,payloads/stages/osx/armle/shell,"OS X Command Shell",,
payloads,payloads/stages/osx/armle/execute,"OS X Write and Execute Binary",,
payloads,payloads/stages/osx/ppc/shell,"OS X Command Shell",,
payloads,payloads/stages/bsdi/x86/shell,"BSDi Command Shell",,
payloads,payloads/stages/bsd/x86/shell,"BSD Command Shell",,
payloads,payloads/stages/linux/riscv32le/shell,"Linux dup2 Command Shell",,
payloads,payloads/stages/linux/aarch64/shell,"Linux dup2 Command Shell",,
payloads,payloads/stages/linux/aarch64/meterpreter,"Linux Meterpreter",,
payloads,payloads/stages/linux/riscv64le/shell,"Linux dup2 Command Shell",,
payloads,payloads/stages/linux/mipsle/shell,"Linux Command Shell",,
payloads,payloads/stages/linux/mipsle/meterpreter,"Linux Meterpreter",,
payloads,payloads/stages/linux/x64/shell,"Linux Command Shell",,
payloads,payloads/stages/linux/x64/meterpreter,"Linux Mettle x64",,
payloads,payloads/stages/linux/mipsbe/shell,"Linux Command Shell",,
payloads,payloads/stages/linux/mipsbe/meterpreter,"Linux Meterpreter",,
payloads,payloads/stages/linux/x86/shell,"Linux Command Shell",,
payloads,payloads/stages/linux/x86/meterpreter,"Linux Mettle x86",,
payloads,payloads/stages/linux/armle/shell,"Linux dup2 Command Shell",,
payloads,payloads/stages/linux/armle/meterpreter,"Linux Meterpreter",,
payloads,payloads/stages/windows/x64/peinject,"Windows Inject Reflective PE Files",,
payloads,payloads/stages/windows/x64/shell,"Windows x64 Command Shell",,
payloads,payloads/stages/windows/x64/meterpreter,"Windows Meterpreter (Reflective Injection x64)",,
payloads,payloads/stages/windows/x64/vncinject,"Windows x64 VNC Server (Reflective Injection)",,
payloads,payloads/stages/windows/x64/custom,"Windows shellcode stage",,
payloads,payloads/adapters/cmd/unix/python,"Python Exec",,
payloads,payloads/adapters/cmd/unix/php,"PHP Exec",,
payloads,payloads/adapters/cmd/windows/powershell,"Powershell Exec",,
payloads,payloads/adapters/cmd/windows/python,"Python Exec",,
payloads,payloads/adapters/cmd/linux/https/armle,"HTTPS Fetch",,
payloads,payloads/adapters/cmd/linux/https/ppc64,"HTTPS Fetch",,
payloads,payloads/adapters/cmd/linux/https/riscv64le,"HTTPS Fetch",,
payloads,payloads/adapters/cmd/linux/https/aarch64,"HTTPS Fetch",,
payloads,payloads/adapters/cmd/linux/https/x86,"HTTPS Fetch",,
payloads,payloads/adapters/cmd/linux/https/mips64,"HTTPS Fetch",,
payloads,payloads/adapters/cmd/linux/https/ppc,"HTTPS Fetch",,
payloads,payloads/adapters/cmd/linux/https/x64,"HTTPS Fetch",,
payloads,payloads/adapters/cmd/linux/https/riscv32le,"HTTPS Fetch",,
payloads,payloads/adapters/cmd/linux/https/mipsle,"HTTPS Fetch",,
payloads,payloads/adapters/cmd/linux/https/multi,"HTTPS Fetch",,
payloads,payloads/adapters/cmd/linux/https/armbe,"HTTPS Fetch",,
payloads,payloads/adapters/cmd/linux/https/mipsbe,"HTTPS Fetch",,
payloads,payloads/adapters/cmd/linux/ftp/armle,"FTP Fetch",,
payloads,payloads/adapters/cmd/linux/ftp/ppc64,"FTP Fetch",,
payloads,payloads/adapters/cmd/linux/ftp/riscv64le,"FTP Fetch",,
payloads,payloads/adapters/cmd/linux/ftp/aarch64,"FTP Fetch",,
payloads,payloads/adapters/cmd/linux/ftp/x86,"FTP Fetch",,
payloads,payloads/adapters/cmd/linux/ftp/mips64,"FTP Fetch",,
payloads,payloads/adapters/cmd/linux/ftp/ppc,"FTP Fetch",,
payloads,payloads/adapters/cmd/linux/ftp/x64,"FTP Fetch",,
payloads,payloads/adapters/cmd/linux/ftp/riscv32le,"FTP Fetch",,
payloads,payloads/adapters/cmd/linux/ftp/mipsle,"FTP Fetch",,
payloads,payloads/adapters/cmd/linux/ftp/armbe,"FTP Fetch",,
payloads,payloads/adapters/cmd/linux/ftp/mipsbe,"FTP Fetch",,
payloads,payloads/adapters/cmd/linux/tftp/armle,"TFTP Fetch",,
payloads,payloads/adapters/cmd/linux/tftp/ppc64,"TFTP Fetch",,
payloads,payloads/adapters/cmd/linux/tftp/riscv64le,"TFTP Fetch",,
payloads,payloads/adapters/cmd/linux/tftp/aarch64,"TFTP Fetch",,
payloads,payloads/adapters/cmd/linux/tftp/x86,"TFTP Fetch",,
payloads,payloads/adapters/cmd/linux/tftp/mips64,"TFTP Fetch",,
payloads,payloads/adapters/cmd/linux/tftp/ppc,"TFTP Fetch",,
payloads,payloads/adapters/cmd/linux/tftp/x64,"TFTP Fetch",,
payloads,payloads/adapters/cmd/linux/tftp/riscv32le,"TFTP Fetch",,
payloads,payloads/adapters/cmd/linux/tftp/mipsle,"TFTP Fetch",,
payloads,payloads/adapters/cmd/linux/tftp/armbe,"TFTP Fetch",,
payloads,payloads/adapters/cmd/linux/tftp/mipsbe,"TFTP Fetch",,
payloads,payloads/adapters/cmd/linux/http/armle,"HTTP Fetch",,
payloads,payloads/adapters/cmd/linux/http/ppc64,"HTTP Fetch",,
payloads,payloads/adapters/cmd/linux/http/riscv64le,"HTTP Fetch",,
payloads,payloads/adapters/cmd/linux/http/aarch64,"HTTP Fetch",,
payloads,payloads/adapters/cmd/linux/http/x86,"HTTP Fetch",,
payloads,payloads/adapters/cmd/linux/http/mips64,"HTTP Fetch",,
payloads,payloads/adapters/cmd/linux/http/ppc,"HTTP Fetch",,
payloads,payloads/adapters/cmd/linux/http/x64,"HTTP Fetch",,
payloads,payloads/adapters/cmd/linux/http/riscv32le,"HTTP Fetch",,
payloads,payloads/adapters/cmd/linux/http/mipsle,"HTTP Fetch",,
payloads,payloads/adapters/cmd/linux/http/multi,"HTTP Fetch",,
payloads,payloads/adapters/cmd/linux/http/armbe,"HTTP Fetch",,
payloads,payloads/adapters/cmd/linux/http/mipsbe,"HTTP Fetch",,
payloads,payloads/adapters/cmd/windows/https/x86,"HTTPS Fetch",,
payloads,payloads/adapters/cmd/windows/https/x64,"HTTPS Fetch",,
payloads,payloads/adapters/cmd/windows/ftp/x86,"FTP Fetch",,
payloads,payloads/adapters/cmd/windows/ftp/x64,"FTP Fetch",,
payloads,payloads/adapters/cmd/windows/powershell/x64,"Powershell Exec",,
payloads,payloads/adapters/cmd/windows/tftp/x64,"TFTP Fetch",,
payloads,payloads/adapters/cmd/windows/http/x86,"HTTP Fetch",,
payloads,payloads/adapters/cmd/windows/http/x64,"HTTP Fetch",,
payloads,payloads/adapters/cmd/windows/smb/x64,"SMB Fetch",,
payloads,payloads/adapters/php/unix/cmd,"OS Command Exec",,
payloads,payloads/singles/r/shell_reverse_tcp,"R Command Shell, Reverse TCP",,
payloads,payloads/singles/r/shell_bind_tcp,"R Command Shell, Bind TCP",,
payloads,payloads/singles/mainframe/shell_reverse_tcp,"Z/OS (MVS) Command Shell, Reverse TCP Inline",,
payloads,payloads/singles/php/meterpreter_reverse_tcp,"PHP Meterpreter, Reverse TCP Inline",,
payloads,payloads/singles/php/shell_findsock,"PHP Command Shell, Find Sock",,
payloads,payloads/singles/php/reverse_php,"PHP Command Shell, Reverse TCP (via PHP)",,
payloads,payloads/singles/php/exec,"PHP Execute Command ",,
payloads,payloads/singles/php/bind_php,"PHP Command Shell, Bind TCP (via PHP)",,
payloads,payloads/singles/php/download_exec,"PHP Executable Download and Execute",,
payloads,payloads/singles/php/bind_php_ipv6,"PHP Command Shell, Bind TCP (via php) IPv6",,
payloads,payloads/singles/generic/shell_reverse_tcp,"Generic Command Shell, Reverse TCP Inline",,
payloads,payloads/singles/generic/debug_trap,"Generic x86 Debug Trap",,
payloads,payloads/singles/generic/shell_bind_tcp,"Generic Command Shell, Bind TCP Inline",,
payloads,payloads/singles/generic/tight_loop,"Generic x86 Tight Loop",,
payloads,payloads/singles/generic/shell_bind_aws_ssm,"Command Shell, Bind SSM (via AWS API)",,
payloads,payloads/singles/generic/custom,"Custom Payload",,
payloads,payloads/singles/android/meterpreter_reverse_tcp,"Android Meterpreter Shell, Reverse TCP Inline",,
payloads,payloads/singles/android/meterpreter_reverse_http,"Android Meterpreter Shell, Reverse HTTP Inline",,
payloads,payloads/singles/android/meterpreter_reverse_https,"Android Meterpreter Shell, Reverse HTTPS Inline",,
payloads,payloads/singles/nodejs/shell_reverse_tcp,"Command Shell, Reverse TCP (via nodejs)",,
payloads,payloads/singles/nodejs/shell_bind_tcp,"Command Shell, Bind TCP (via nodejs)",,
payloads,payloads/singles/nodejs/shell_reverse_tcp_ssl,"Command Shell, Reverse TCP SSL (via nodejs)",,
payloads,payloads/singles/ruby/shell_reverse_tcp,"Ruby Command Shell, Reverse TCP",,
payloads,payloads/singles/ruby/pingback_bind_tcp,"Ruby Pingback, Bind TCP",,
payloads,payloads/singles/ruby/shell_bind_tcp,"Ruby Command Shell, Bind TCP",,
payloads,payloads/singles/ruby/pingback_reverse_tcp,"Ruby Pingback, Reverse TCP",,
payloads,payloads/singles/ruby/shell_reverse_tcp_ssl,"Ruby Command Shell, Reverse TCP SSL",,
payloads,payloads/singles/ruby/shell_bind_tcp_ipv6,"Ruby Command Shell, Bind TCP IPv6",,
payloads,payloads/singles/python/meterpreter_bind_tcp,"Python Meterpreter Shell, Bind TCP Inline",,
payloads,payloads/singles/python/shell_reverse_tcp,"Command Shell, Reverse TCP (via python)",,
payloads,payloads/singles/python/pingback_bind_tcp,"Python Pingback, Bind TCP (via python)",,
payloads,payloads/singles/python/meterpreter_reverse_tcp,"Python Meterpreter Shell, Reverse TCP Inline",,
payloads,payloads/singles/python/shell_bind_tcp,"Command Shell, Bind TCP (via python)",,
payloads,payloads/singles/python/pingback_reverse_tcp,"Python Pingback, Reverse TCP (via python)",,
payloads,payloads/singles/python/shell_reverse_tcp_ssl,"Command Shell, Reverse TCP SSL (via python)",,
payloads,payloads/singles/python/exec,"Python Execute Command",,
payloads,payloads/singles/python/meterpreter_reverse_http,"Python Meterpreter Shell, Reverse HTTP Inline",,
payloads,payloads/singles/python/shell_reverse_sctp,"Command Shell, Reverse SCTP (via python)",,
payloads,payloads/singles/python/meterpreter_reverse_https,"Python Meterpreter Shell, Reverse HTTPS Inline",,
payloads,payloads/singles/python/shell_reverse_udp,"Command Shell, Reverse UDP (via python)",,
payloads,payloads/singles/firefox/shell_reverse_tcp,"Command Shell, Reverse TCP (via Firefox XPCOM script)",,
payloads,payloads/singles/firefox/shell_bind_tcp,"Command Shell, Bind TCP (via Firefox XPCOM script)",,
payloads,payloads/singles/firefox/exec,"Firefox XPCOM Execute Command",,
payloads,payloads/singles/java/shell_reverse_tcp,"Java Command Shell, Reverse TCP Inline",,
payloads,payloads/singles/java/jsp_shell_bind_tcp,"Java JSP Command Shell, Bind TCP Inline",,
payloads,payloads/singles/java/jsp_shell_reverse_tcp,"Java JSP Command Shell, Reverse TCP Inline",,
payloads,payloads/singles/windows/loadlibrary,"loadlibrary",,
payloads,payloads/singles/windows/meterpreter_bind_tcp,"Windows Meterpreter Shell, Bind TCP Inline",,
payloads,payloads/singles/windows/speak_pwned,"Windows Speech API - Say 'You Got Pwned!'",,
payloads,payloads/singles/windows/shell_reverse_tcp,"Windows Command Shell, Reverse TCP Inline",,
payloads,payloads/singles/windows/pingback_bind_tcp,"Windows x86 Pingback, Bind TCP Inline",,
payloads,payloads/singles/windows/meterpreter_reverse_tcp,"Windows Meterpreter Shell, Reverse TCP Inline",,
payloads,payloads/singles/windows/shell_bind_tcp,"Windows Command Shell, Bind TCP Inline",,
payloads,payloads/singles/windows/metsvc_reverse_tcp,"Windows Meterpreter Service, Reverse TCP Inline",,
payloads,payloads/singles/windows/pingback_reverse_tcp,"Windows x86 Pingback, Reverse TCP Inline",,
payloads,payloads/singles/windows/powershell_reverse_tcp_ssl,"Windows Interactive Powershell Session, Reverse TCP SSL",,
payloads,payloads/singles/windows/shell_bind_tcp_xpfw,"Windows Disable Windows ICF, Command Shell, Bind TCP Inline",,
payloads,payloads/singles/windows/format_all_drives,"Windows Drive Formatter",manual,
payloads,payloads/singles/windows/exec,"exec",,
payloads,payloads/singles/windows/download_exec,"Windows Executable Download (http,https,ftp) and Execute",,
payloads,payloads/singles/windows/powershell_bind_tcp,"Windows Interactive Powershell Session, Bind TCP",,
payloads,payloads/singles/windows/meterpreter_reverse_http,"Windows Meterpreter Shell, Reverse HTTP Inline",,
payloads,payloads/singles/windows/shell_hidden_bind_tcp,"Windows Command Shell, Hidden Bind TCP Inline",,
payloads,payloads/singles/windows/messagebox,"Windows MessageBox",,
payloads,payloads/singles/windows/powershell_reverse_tcp,"Windows Interactive Powershell Session, Reverse TCP",,
payloads,payloads/singles/windows/meterpreter_reverse_ipv6_tcp,"Windows Meterpreter Shell, Reverse TCP Inline (IPv6)",,
payloads,payloads/singles/windows/meterpreter_reverse_https,"Windows Meterpreter Shell, Reverse HTTPS Inline",,
payloads,payloads/singles/windows/meterpreter_bind_named_pipe,"Windows Meterpreter Shell, Bind Named Pipe Inline",,
payloads,payloads/singles/windows/dns_txt_query_exec,"DNS TXT Record Payload Download and Execution",,
payloads,payloads/singles/windows/adduser,"Windows Execute net user /ADD",,
payloads,payloads/singles/windows/metsvc_bind_tcp,"Windows Meterpreter Service, Bind TCP",,
payloads,payloads/singles/cmd/mainframe/apf_privesc_jcl,"JCL to Escalate Privileges",,
payloads,payloads/singles/cmd/mainframe/bind_shell_jcl,"Z/OS (MVS) Command Shell, Bind TCP",,
payloads,payloads/singles/cmd/mainframe/reverse_shell_jcl,"Z/OS (MVS) Command Shell, Reverse TCP",,
payloads,payloads/singles/cmd/mainframe/generic_jcl,"Generic JCL Test for Mainframe Exploits",,
payloads,payloads/singles/cmd/unix/reverse_perl,"Unix Command Shell, Reverse TCP (via Perl)",,
payloads,payloads/singles/cmd/unix/reverse_ksh,"Unix Command Shell, Reverse TCP (via Ksh)",,
payloads,payloads/singles/cmd/unix/reverse_r,"Unix Command Shell, Reverse TCP (via R)",,
payloads,payloads/singles/cmd/unix/bind_netcat,"Unix Command Shell, Bind TCP (via netcat)",,
payloads,payloads/singles/cmd/unix/generic,"Unix Command, Generic Command Execution",,
payloads,payloads/singles/cmd/unix/bind_socat_tcp,"Unix Command Shell, Bind TCP (via socat)",,CVE-2026-0826
payloads,payloads/singles/cmd/unix/bind_inetd,"Unix Command Shell, Bind TCP (inetd)",,
payloads,payloads/singles/cmd/unix/bind_ruby,"Unix Command Shell, Bind TCP (via Ruby)",,
payloads,payloads/singles/cmd/unix/bind_lua,"Unix Command Shell, Bind TCP (via Lua)",,
payloads,payloads/singles/cmd/unix/bind_socat_udp,"Unix Command Shell, Bind UDP (via socat)",,
payloads,payloads/singles/cmd/unix/reverse_netcat_gaping,"Unix Command Shell, Reverse TCP (via netcat -e)",,
payloads,payloads/singles/cmd/unix/bind_awk,"Unix Command Shell, Bind TCP (via AWK)",,
payloads,payloads/singles/cmd/unix/bind_perl_ipv6,"Unix Command Shell, Bind TCP (via perl) IPv6",,
payloads,payloads/singles/cmd/unix/reverse_nodejs,"Unix Command Shell, Reverse TCP (via nodejs)",,
payloads,payloads/singles/cmd/unix/bind_aws_instance_connect,"Unix SSH Shell, Bind Instance Connect (via AWS API)",,
payloads,payloads/singles/cmd/unix/reverse_ruby,"Unix Command Shell, Reverse TCP (via Ruby)",,
payloads,payloads/singles/cmd/unix/interact,"Unix Command, Interact with Established Connection",,
payloads,payloads/singles/cmd/unix/bind_netcat_gaping_ipv6,"Unix Command Shell, Bind TCP (via netcat -e) IPv6",,
payloads,payloads/singles/cmd/unix/bind_ruby_ipv6,"Unix Command Shell, Bind TCP (via Ruby) IPv6",,
payloads,payloads/singles/cmd/unix/reverse_bash_telnet_ssl,"Unix Command Shell, Reverse TCP SSL (telnet)",,
payloads,payloads/singles/cmd/unix/reverse_socat_tcp,"Unix Command Shell, Reverse TCP (via socat)",,
payloads,payloads/singles/cmd/unix/reverse_ncat_ssl,"Unix Command Shell, Reverse TCP (via ncat)",,
payloads,payloads/singles/cmd/unix/reverse_ssh,"Unix Command Shell, Reverse TCP SSH",,
payloads,payloads/singles/cmd/unix/bind_socat_sctp,"Unix Command Shell, Bind SCTP (via socat)",,
payloads,payloads/singles/cmd/unix/reverse_perl_ssl,"Unix Command Shell, Reverse TCP SSL (via perl)",,
payloads,payloads/singles/cmd/unix/reverse_socat_udp,"Unix Command Shell, Reverse UDP (via socat)",,
payloads,payloads/singles/cmd/unix/reverse_socat_sctp,"Unix Command Shell, Reverse SCTP (via socat)",,
payloads,payloads/singles/cmd/unix/bind_zsh,"Unix Command Shell, Bind TCP (via Zsh)",,
payloads,payloads/singles/cmd/unix/reverse_lua,"Unix Command Shell, Reverse TCP (via Lua)",,
payloads,payloads/singles/cmd/unix/reverse_ruby_ssl,"Unix Command Shell, Reverse TCP SSL (via Ruby)",,
payloads,payloads/singles/cmd/unix/bind_perl,"Unix Command Shell, Bind TCP (via Perl)",,
payloads,payloads/singles/cmd/unix/reverse_zsh,"Unix Command Shell, Reverse TCP (via Zsh)",,
payloads,payloads/singles/cmd/unix/bind_r,"Unix Command Shell, Bind TCP (via R)",,
payloads,payloads/singles/cmd/unix/reverse_ssl_double_telnet,"Unix Command Shell, Double Reverse TCP SSL (telnet)",,
payloads,payloads/singles/cmd/unix/reverse_python,"Unix Command Shell, Reverse TCP (via Python)",,
payloads,payloads/singles/cmd/unix/reverse_stub,"Unix Command Shell, Reverse TCP (stub)",,
payloads,payloads/singles/cmd/unix/reverse_python_ssl,"Unix Command Shell, Reverse TCP SSL (via python)",,
payloads,payloads/singles/cmd/unix/pingback_bind,"Unix Command Shell, Pingback Bind TCP (via netcat)",,
payloads,payloads/singles/cmd/unix/reverse_php_ssl,"Unix Command Shell, Reverse TCP SSL (via php)",,
payloads,payloads/singles/cmd/unix/reverse_awk,"Unix Command Shell, Reverse TCP (via AWK)",,
payloads,payloads/singles/cmd/unix/pingback_reverse,"Unix Command Shell, Pingback Reverse TCP (via netcat)",,
payloads,payloads/singles/cmd/unix/reverse_openssl,"Unix Command Shell, Double Reverse TCP SSL (openssl)",,
payloads,payloads/singles/cmd/unix/reverse_tclsh,"Unix Command Shell, Reverse TCP (via Tclsh)",,
payloads,payloads/singles/cmd/unix/bind_stub,"Unix Command Shell, Bind TCP (stub)",,
payloads,payloads/singles/cmd/unix/bind_netcat_gaping,"Unix Command Shell, Bind TCP (via netcat -e)",,
payloads,payloads/singles/cmd/unix/reverse_bash_udp,"Unix Command Shell, Reverse UDP (/dev/udp)",,
payloads,payloads/singles/cmd/unix/reverse_netcat,"Unix Command Shell, Reverse TCP (via netcat)",,
payloads,payloads/singles/cmd/unix/bind_jjs,"Unix Command Shell, Bind TCP (via jjs)",,
payloads,payloads/singles/cmd/unix/bind_nodejs,"Unix Command Shell, Bind TCP (via nodejs)",,
payloads,payloads/singles/cmd/unix/reverse_bash,"Unix Command Shell, Reverse TCP (/dev/tcp)",,
payloads,payloads/singles/cmd/unix/reverse,"Unix Command Shell, Double Reverse TCP (telnet)",,
payloads,payloads/singles/cmd/unix/reverse_jjs,"Unix Command Shell, Reverse TCP (via jjs)",,
payloads,payloads/singles/cmd/unix/adduser,"Add user with useradd",,
payloads,payloads/singles/cmd/unix/bind_busybox_telnetd,"Unix Command Shell, Bind TCP (via BusyBox telnetd)",,
payloads,payloads/singles/cmd/windows/reverse_powershell,"Windows Command Shell, Reverse TCP (via Powershell)",,
payloads,payloads/singles/cmd/windows/reverse_perl,"Windows Command, Double Reverse TCP Connection (via Perl)",,
payloads,payloads/singles/cmd/windows/generic,"Windows Command, Generic Command Execution",,
payloads,payloads/singles/cmd/windows/bind_ruby,"Windows Command Shell, Bind TCP (via Ruby)",,
payloads,payloads/singles/cmd/windows/bind_lua,"Windows Command Shell, Bind TCP (via Lua)",,
payloads,payloads/singles/cmd/windows/bind_perl_ipv6,"Windows Command Shell, Bind TCP (via perl) IPv6",,
payloads,payloads/singles/cmd/windows/powershell_reverse_tcp_ssl,"Windows Interactive Powershell Session, Reverse TCP SSL",,
payloads,payloads/singles/cmd/windows/reverse_ruby,"Windows Command Shell, Reverse TCP (via Ruby)",,
payloads,payloads/singles/cmd/windows/download_exec_vbs,"Windows Executable Download and Execute (via .vbs)",,
payloads,payloads/singles/cmd/windows/jjs_reverse_tcp,"Windows Shell, Reverse TCP (via jjs)",,
payloads,payloads/singles/cmd/windows/reverse_lua,"Windows Command Shell, Reverse TCP (via Lua)",,
payloads,payloads/singles/cmd/windows/powershell_bind_tcp,"Windows Interactive Powershell Session, Bind TCP",,
payloads,payloads/singles/cmd/windows/download_eval_vbs,"Windows Executable Download and Evaluate VBS",,
payloads,payloads/singles/cmd/windows/bind_perl,"Windows Command Shell, Bind TCP (via Perl)",,
payloads,payloads/singles/cmd/windows/powershell_reverse_tcp,"Windows Interactive Powershell Session, Reverse TCP",,
payloads,payloads/singles/cmd/windows/adduser,"Windows Execute net user /ADD CMD",,
payloads,payloads/singles/generic/ssh/interact,"Interact with Established SSH Connection",,
payloads,payloads/singles/solaris/x86/shell_reverse_tcp,"Solaris Command Shell, Reverse TCP Inline",,
payloads,payloads/singles/solaris/x86/shell_find_port,"Solaris Command Shell, Find Port Inline",,
payloads,payloads/singles/solaris/x86/shell_bind_tcp,"Solaris Command Shell, Bind TCP Inline",,
payloads,payloads/singles/solaris/sparc/shell_reverse_tcp,"Solaris Command Shell, Reverse TCP Inline",,
payloads,payloads/singles/solaris/sparc/shell_find_port,"Solaris Command Shell, Find Port Inline",,
payloads,payloads/singles/solaris/sparc/shell_bind_tcp,"Solaris Command Shell, Bind TCP Inline",,
payloads,payloads/singles/tty/unix/interact,"Unix TTY, Interact with Established Connection",,
payloads,payloads/singles/osx/aarch64/shell_reverse_tcp,"OSX aarch64 Shell Reverse TCP",,
payloads,payloads/singles/osx/aarch64/meterpreter_reverse_tcp,"OSX Meterpreter, Reverse TCP Inline",,
payloads,payloads/singles/osx/aarch64/shell_bind_tcp,"OS X x64 Shell Bind TCP",,
payloads,payloads/singles/osx/aarch64/exec,"OSX aarch64 Execute Command",,
payloads,payloads/singles/osx/aarch64/meterpreter_reverse_http,"OSX Meterpreter, Reverse HTTP Inline",,
payloads,payloads/singles/osx/aarch64/meterpreter_reverse_https,"OSX Meterpreter, Reverse HTTPS Inline",,
payloads,payloads/singles/osx/x64/shell_reverse_tcp,"OS X x64 Shell Reverse TCP",,
payloads,payloads/singles/osx/x64/meterpreter_reverse_tcp,"OSX Meterpreter, Reverse TCP Inline",,
payloads,payloads/singles/osx/x64/shell_bind_tcp,"OS X x64 Shell Bind TCP",,
payloads,payloads/singles/osx/x64/shell_find_tag,"OSX Command Shell, Find Tag Inline",,
payloads,payloads/singles/osx/x64/say,"OS X x64 say Shellcode",,
payloads,payloads/singles/osx/x64/exec,"OS X x64 Execute Command",,
payloads,payloads/singles/osx/x64/meterpreter_reverse_http,"OSX Meterpreter, Reverse HTTP Inline",,
payloads,payloads/singles/osx/x64/meterpreter_reverse_https,"OSX Meterpreter, Reverse HTTPS Inline",,
payloads,payloads/singles/osx/x86/shell_reverse_tcp,"OS X Command Shell, Reverse TCP Inline",,
payloads,payloads/singles/osx/x86/vforkshell_reverse_tcp,"OS X (vfork) Command Shell, Reverse TCP Inline",,
payloads,payloads/singles/osx/x86/shell_find_port,"OS X Command Shell, Find Port Inline",,
payloads,payloads/singles/osx/x86/shell_bind_tcp,"OS X Command Shell, Bind TCP Inline",,
payloads,payloads/singles/osx/x86/vforkshell_bind_tcp,"OS X (vfork) Command Shell, Bind TCP Inline",,
payloads,payloads/singles/osx/x86/exec,"OS X Execute Command",,
payloads,payloads/singles/osx/armle/shell_reverse_tcp,"Apple iOS Command Shell, Reverse TCP Inline",,
payloads,payloads/singles/osx/armle/shell_bind_tcp,"Apple iOS Command Shell, Bind TCP Inline",,
payloads,payloads/singles/osx/armle/vibrate,"Apple iOS iPhone Vibrate",,
payloads,payloads/singles/osx/ppc/shell_reverse_tcp,"OS X Command Shell, Reverse TCP Inline",,
payloads,payloads/singles/osx/ppc/shell_bind_tcp,"OS X Command Shell, Bind TCP Inline",,
payloads,payloads/singles/bsdi/x86/shell_reverse_tcp,"BSDi Command Shell, Reverse TCP Inline",,
payloads,payloads/singles/bsdi/x86/shell_find_port,"BSDi Command Shell, Find Port Inline",,
payloads,payloads/singles/bsdi/x86/shell_bind_tcp,"BSDi Command Shell, Bind TCP Inline",,
payloads,payloads/singles/bsd/x64/shell_reverse_tcp_small,"BSD x64 Command Shell, Reverse TCP Inline",,
payloads,payloads/singles/bsd/x64/shell_reverse_tcp,"BSD x64 Shell Reverse TCP",,
payloads,payloads/singles/bsd/x64/shell_bind_tcp,"BSD x64 Shell Bind TCP",,
payloads,payloads/singles/bsd/x64/shell_reverse_ipv6_tcp,"BSD x64 Command Shell, Reverse TCP Inline (IPv6)",,
payloads,payloads/singles/bsd/x64/shell_bind_ipv6_tcp,"BSD x64 Command Shell, Bind TCP Inline (IPv6)",,
payloads,payloads/singles/bsd/x64/shell_bind_tcp_small,"BSD x64 Command Shell, Bind TCP Inline",,
payloads,payloads/singles/bsd/x64/exec,"BSD x64 Execute Command",,
payloads,payloads/singles/bsd/vax/shell_reverse_tcp,"BSD Command Shell, Reverse TCP Inline",,
payloads,payloads/singles/bsd/x86/shell_reverse_tcp,"BSD Command Shell, Reverse TCP Inline",,
payloads,payloads/singles/bsd/x86/shell_reverse_tcp_ipv6,"BSD Command Shell, Reverse TCP Inline (IPv6)",,
payloads,payloads/singles/bsd/x86/shell_find_port,"BSD Command Shell, Find Port Inline",,
payloads,payloads/singles/bsd/x86/shell_bind_tcp,"BSD Command Shell, Bind TCP Inline",,
payloads,payloads/singles/bsd/x86/metsvc_reverse_tcp,"FreeBSD Meterpreter Service, Reverse TCP Inline",,
payloads,payloads/singles/bsd/x86/shell_find_tag,"BSD Command Shell, Find Tag Inline",,
payloads,payloads/singles/bsd/x86/exec,"BSD Execute Command",,
payloads,payloads/singles/bsd/x86/shell_bind_tcp_ipv6,"BSD Command Shell, Bind TCP Inline (IPv6)",,
payloads,payloads/singles/bsd/x86/metsvc_bind_tcp,"FreeBSD Meterpreter Service, Bind TCP",,
payloads,payloads/singles/bsd/sparc/shell_reverse_tcp,"BSD Command Shell, Reverse TCP Inline",,
payloads,payloads/singles/bsd/sparc/shell_bind_tcp,"BSD Command Shell, Bind TCP Inline",,
payloads,payloads/singles/linux/riscv32le/shell_reverse_tcp,"Linux Command Shell, Reverse TCP Inline",,
payloads,payloads/singles/linux/riscv32le/shell_bind_tcp,"Linux Command Shell, Bind TCP Inline",,
payloads,payloads/singles/linux/riscv32le/chmod,"Linux Chmod",,
payloads,payloads/singles/linux/riscv32le/exec,"Linux Execute Command",,
payloads,payloads/singles/linux/riscv32le/reboot,"Linux Reboot",,
payloads,payloads/singles/linux/armbe/meterpreter_reverse_tcp,"Linux Meterpreter, Reverse TCP Inline",,
payloads,payloads/singles/linux/armbe/shell_bind_tcp,"Linux ARM Big Endian Command Shell, Bind TCP Inline",,
payloads,payloads/singles/linux/armbe/meterpreter_reverse_http,"Linux Meterpreter, Reverse HTTP Inline",,
payloads,payloads/singles/linux/armbe/meterpreter_reverse_https,"Linux Meterpreter, Reverse HTTPS Inline",,
payloads,payloads/singles/linux/zarch/meterpreter_reverse_tcp,"Linux Meterpreter, Reverse TCP Inline",,
payloads,payloads/singles/linux/zarch/meterpreter_reverse_http,"Linux Meterpreter, Reverse HTTP Inline",,
payloads,payloads/singles/linux/zarch/meterpreter_reverse_https,"Linux Meterpreter, Reverse HTTPS Inline",,
payloads,payloads/singles/linux/aarch64/shell_reverse_tcp,"Linux Command Shell, Reverse TCP Inline",,
payloads,payloads/singles/linux/aarch64/meterpreter_reverse_tcp,"Linux Meterpreter, Reverse TCP Inline",,
payloads,payloads/singles/linux/aarch64/chmod,"Linux Chmod",,
payloads,payloads/singles/linux/aarch64/exec,"Linux Execute Command",,
payloads,payloads/singles/linux/aarch64/meterpreter_reverse_http,"Linux Meterpreter, Reverse HTTP Inline",,
payloads,payloads/singles/linux/aarch64/meterpreter_reverse_https,"Linux Meterpreter, Reverse HTTPS Inline",,
payloads,payloads/singles/linux/riscv64le/shell_reverse_tcp,"Linux Command Shell, Reverse TCP Inline",,
payloads,payloads/singles/linux/riscv64le/shell_bind_tcp,"Linux Command Shell, Bind TCP Inline",,
payloads,payloads/singles/linux/riscv64le/chmod,"Linux Chmod",,
payloads,payloads/singles/linux/riscv64le/exec,"Linux Execute Command",,
payloads,payloads/singles/linux/riscv64le/reboot,"Linux Reboot",,
payloads,payloads/singles/linux/mipsle/shell_reverse_tcp,"Linux Command Shell, Reverse TCP Inline",,
payloads,payloads/singles/linux/mipsle/meterpreter_reverse_tcp,"Linux Meterpreter, Reverse TCP Inline",,
payloads,payloads/singles/linux/mipsle/shell_bind_tcp,"Linux Command Shell, Bind TCP Inline",,
payloads,payloads/singles/linux/mipsle/exec,"Linux Execute Command",,
payloads,payloads/singles/linux/mipsle/meterpreter_reverse_http,"Linux Meterpreter, Reverse HTTP Inline",,
payloads,payloads/singles/linux/mipsle/reboot,"Linux Reboot",,
payloads,payloads/singles/linux/mipsle/meterpreter_reverse_https,"Linux Meterpreter, Reverse HTTPS Inline",,
payloads,payloads/singles/linux/multi/meterpreter_reverse_tcp,"Linux Meterpreter, Reverse TCP Inline",,
payloads,payloads/singles/linux/x64/shell_reverse_tcp,"Linux Command Shell, Reverse TCP Inline",,
payloads,payloads/singles/linux/x64/pingback_bind_tcp,"Linux x64 Pingback, Bind TCP Inline",,
payloads,payloads/singles/linux/x64/shell_find_port,"Linux Command Shell, Find Port Inline",,
payloads,payloads/singles/linux/x64/meterpreter_reverse_tcp,"Linux Meterpreter, Reverse TCP Inline",,
payloads,payloads/singles/linux/x64/shell_bind_tcp,"Linux Command Shell, Bind TCP Inline",,
payloads,payloads/singles/linux/x64/pingback_reverse_tcp,"Linux x64 Pingback, Reverse TCP Inline",,
payloads,payloads/singles/linux/x64/shell_reverse_ipv6_tcp,"Linux x64 Command Shell, Reverse TCP Inline (IPv6)",,
payloads,payloads/singles/linux/x64/shell_bind_ipv6_tcp,"Linux x64 Command Shell, Bind TCP Inline (IPv6)",,
payloads,payloads/singles/linux/x64/exec,"Linux Execute Command",,
payloads,payloads/singles/linux/x64/meterpreter_reverse_http,"Linux Meterpreter, Reverse HTTP Inline",,
payloads,payloads/singles/linux/x64/meterpreter_reverse_https,"Linux Meterpreter, Reverse HTTPS Inline",,
payloads,payloads/singles/linux/x64/shell_bind_tcp_random_port,"Linux Command Shell, Bind TCP Random Port Inline",,
payloads,payloads/singles/linux/x64/set_hostname,"Linux Set Hostname",,
payloads,payloads/singles/linux/mipsbe/shell_reverse_tcp,"Linux Command Shell, Reverse TCP Inline",,
payloads,payloads/singles/linux/mipsbe/meterpreter_reverse_tcp,"Linux Meterpreter, Reverse TCP Inline",,
payloads,payloads/singles/linux/mipsbe/shell_bind_tcp,"Linux Command Shell, Bind TCP Inline",,
payloads,payloads/singles/linux/mipsbe/exec,"Linux Execute Command",,
payloads,payloads/singles/linux/mipsbe/meterpreter_reverse_http,"Linux Meterpreter, Reverse HTTP Inline",,
payloads,payloads/singles/linux/mipsbe/reboot,"Linux Reboot",,
payloads,payloads/singles/linux/mipsbe/meterpreter_reverse_https,"Linux Meterpreter, Reverse HTTPS Inline",,
payloads,payloads/singles/linux/mips64/meterpreter_reverse_tcp,"Linux Meterpreter, Reverse TCP Inline",,
payloads,payloads/singles/linux/mips64/meterpreter_reverse_http,"Linux Meterpreter, Reverse HTTP Inline",,
payloads,payloads/singles/linux/mips64/meterpreter_reverse_https,"Linux Meterpreter, Reverse HTTPS Inline",,
payloads,payloads/singles/linux/ppc64/shell_reverse_tcp,"Linux Command Shell, Reverse TCP Inline",,
payloads,payloads/singles/linux/ppc64/shell_find_port,"Linux Command Shell, Find Port Inline",,
payloads,payloads/singles/linux/ppc64/shell_bind_tcp,"Linux Command Shell, Bind TCP Inline",,
payloads,payloads/singles/linux/x86/shell_reverse_tcp,"Linux Command Shell, Reverse TCP Inline",,
payloads,payloads/singles/linux/x86/shell_reverse_tcp_ipv6,"Linux Command Shell, Reverse TCP Inline (IPv6)",,
payloads,payloads/singles/linux/x86/shell_find_port,"Linux Command Shell, Find Port Inline",,
payloads,payloads/singles/linux/x86/meterpreter_reverse_tcp,"Linux Meterpreter, Reverse TCP Inline",,
payloads,payloads/singles/linux/x86/shell_bind_tcp,"Linux Command Shell, Bind TCP Inline",,
payloads,payloads/singles/linux/x86/chmod,"Linux Chmod",,
payloads,payloads/singles/linux/x86/metsvc_reverse_tcp,"Linux Meterpreter Service, Reverse TCP Inline",,
payloads,payloads/singles/linux/x86/shell_find_tag,"Linux Command Shell, Find Tag Inline",,
payloads,payloads/singles/linux/x86/shell_bind_ipv6_tcp,"Linux Command Shell, Bind TCP Inline (IPv6)",,
payloads,payloads/singles/linux/x86/exec,"Linux Execute Command",,
payloads,payloads/singles/linux/x86/meterpreter_reverse_http,"Linux Meterpreter, Reverse HTTP Inline",,
payloads,payloads/singles/linux/x86/meterpreter_reverse_https,"Linux Meterpreter, Reverse HTTPS Inline",,
payloads,payloads/singles/linux/x86/read_file,"Linux Read File",,
payloads,payloads/singles/linux/x86/shell_bind_tcp_random_port,"Linux Command Shell, Bind TCP Random Port Inline",,
payloads,payloads/singles/linux/x86/adduser,"Linux Add User",,
payloads,payloads/singles/linux/x86/metsvc_bind_tcp,"Linux Meterpreter Service, Bind TCP",,
payloads,payloads/singles/linux/armle/shell_reverse_tcp,"Linux Command Shell, Reverse TCP Inline",,
payloads,payloads/singles/linux/armle/meterpreter_reverse_tcp,"Linux Meterpreter, Reverse TCP Inline",,
payloads,payloads/singles/linux/armle/shell_bind_tcp,"Linux Command Shell, Reverse TCP Inline",,
payloads,payloads/singles/linux/armle/chmod,"Linux Chmod",,
payloads,payloads/singles/linux/armle/exec,"Linux Execute Command",,
payloads,payloads/singles/linux/armle/meterpreter_reverse_http,"Linux Meterpreter, Reverse HTTP Inline",,
payloads,payloads/singles/linux/armle/meterpreter_reverse_https,"Linux Meterpreter, Reverse HTTPS Inline",,
payloads,payloads/singles/linux/armle/adduser,"Linux Add User",,
payloads,payloads/singles/linux/loongarch64/chmod,"Linux Chmod",,
payloads,payloads/singles/linux/loongarch64/exec,"Linux Execute Command",,
payloads,payloads/singles/linux/loongarch64/reboot,"Linux Reboot",,
payloads,payloads/singles/linux/ppc/shell_reverse_tcp,"Linux Command Shell, Reverse TCP Inline",,
payloads,payloads/singles/linux/ppc/shell_find_port,"Linux Command Shell, Find Port Inline",,
payloads,payloads/singles/linux/ppc/shell_bind_tcp,"Linux Command Shell, Bind TCP Inline",,
payloads,payloads/singles/apple_ios/aarch64/shell_reverse_tcp,"Apple iOS aarch64 Command Shell, Reverse TCP Inline",,
payloads,payloads/singles/apple_ios/aarch64/meterpreter_reverse_tcp,"Apple_iOS Meterpreter, Reverse TCP Inline",,
payloads,payloads/singles/apple_ios/aarch64/meterpreter_reverse_http,"Apple_iOS Meterpreter, Reverse HTTP Inline",,
payloads,payloads/singles/apple_ios/aarch64/meterpreter_reverse_https,"Apple_iOS Meterpreter, Reverse HTTPS Inline",,
payloads,payloads/singles/apple_ios/armle/meterpreter_reverse_tcp,"Apple_iOS Meterpreter, Reverse TCP Inline",,
payloads,payloads/singles/apple_ios/armle/meterpreter_reverse_http,"Apple_iOS Meterpreter, Reverse HTTP Inline",,
payloads,payloads/singles/apple_ios/armle/meterpreter_reverse_https,"Apple_iOS Meterpreter, Reverse HTTPS Inline",,
payloads,payloads/singles/aix/ppc/shell_reverse_tcp,"AIX Command Shell, Reverse TCP Inline",,
payloads,payloads/singles/aix/ppc/shell_find_port,"AIX Command Shell, Find Port Inline",,
payloads,payloads/singles/aix/ppc/shell_interact,"AIX execve Shell for inetd",,
payloads,payloads/singles/aix/ppc/shell_bind_tcp,"AIX Command Shell, Bind TCP Inline",,
payloads,payloads/singles/windows/aarch64/exec,"Windows AArch64 Command Execution",,
payloads,payloads/singles/windows/x64/loadlibrary,"Windows x64 LoadLibrary Path",,
payloads,payloads/singles/windows/x64/meterpreter_bind_tcp,"Windows Meterpreter Shell, Bind TCP Inline (x64)",,
payloads,payloads/singles/windows/x64/shell_reverse_tcp,"Windows x64 Command Shell, Reverse TCP Inline",,
payloads,payloads/singles/windows/x64/meterpreter_reverse_tcp,"Windows Meterpreter Shell, Reverse TCP Inline x64",,
payloads,payloads/singles/windows/x64/shell_bind_tcp,"Windows x64 Command Shell, Bind TCP Inline",,
payloads,payloads/singles/windows/x64/pingback_reverse_tcp,"Windows x64 Pingback, Reverse TCP Inline",,
payloads,payloads/singles/windows/x64/powershell_reverse_tcp_ssl,"Windows Interactive Powershell Session, Reverse TCP SSL",,
payloads,payloads/singles/windows/x64/exec,"exec",,
payloads,payloads/singles/windows/x64/download_exec,"Windows Download Execute",,
payloads,payloads/singles/windows/x64/powershell_bind_tcp,"Windows Interactive Powershell Session, Bind TCP",,
payloads,payloads/singles/windows/x64/meterpreter_reverse_http,"Windows Meterpreter Shell, Reverse HTTP Inline (x64)",,
payloads,payloads/singles/windows/x64/messagebox,"Windows MessageBox x64",,
payloads,payloads/singles/windows/x64/powershell_reverse_tcp,"Windows Interactive Powershell Session, Reverse TCP",,
payloads,payloads/singles/windows/x64/meterpreter_reverse_ipv6_tcp,"Windows Meterpreter Shell, Reverse TCP Inline (IPv6) (x64)",,
payloads,payloads/singles/windows/x64/meterpreter_reverse_https,"Windows Meterpreter Shell, Reverse HTTPS Inline (x64)",,
payloads,payloads/singles/windows/x64/meterpreter_bind_named_pipe,"Windows Meterpreter Shell, Bind Named Pipe Inline (x64)",,
encoders,encoders/riscv32le/longxor_tag,"Dword XOR Encoder (Tag-based)",low,
encoders,encoders/riscv32le/longxor_feedback,"XOR Encoder with Cipher Feedback",normal,
encoders,encoders/riscv32le/longxor,"XOR Encoder",normal,
encoders,encoders/riscv32le/byte_xori,"Byte XORi Encoder",normal,
encoders,encoders/cmd/base64,"Base64 Command Encoder",good,
encoders,encoders/cmd/generic_sh,"Generic Shell Variable Substitution Command Encoder",manual,
encoders,encoders/cmd/brace,"Bash Brace Expansion Command Encoder",low,
encoders,encoders/cmd/echo,"Echo Command Encoder",good,
encoders,encoders/cmd/printf_php_mq,"printf(1) via PHP magic_quotes Utility Command Encoder",manual,
encoders,encoders/cmd/ifs,"Bourne ${IFS} Substitution Command Encoder",low,
encoders,encoders/cmd/perl,"Perl Command Encoder",normal,
encoders,encoders/cmd/powershell_base64,"Powershell Base64 Command Encoder",excellent,
encoders,encoders/riscv64le/longxor_tag,"Dword XOR Encoder (Tag-based)",low,
encoders,encoders/riscv64le/longxor_feedback,"XOR Encoder with Cipher Feedback",normal,
encoders,encoders/riscv64le/longxor,"XOR Encoder",normal,
encoders,encoders/riscv64le/byte_xori,"Byte XORi Encoder",normal,
encoders,encoders/php/base64,"PHP Base64 Encoder",great,
encoders,encoders/php/minify,"PHP Minify Encoder",great,
encoders,encoders/php/hex,"PHP Hex Encoder",great,
encoders,encoders/mipsle/longxor,"XOR Encoder",,
encoders,encoders/mipsle/byte_xori,"Byte XORi Encoder",normal,
encoders,encoders/generic/eicar,"The EICAR Encoder",manual,
encoders,encoders/generic/none,"The 'none' Encoder",,
encoders,encoders/x64/xor_dynamic,"Dynamic key XOR Encoder",,
encoders,encoders/x64/xor_context,"Hostname-based Context Keyed Payload Encoder",,
encoders,encoders/x64/xor,"XOR Encoder",,
encoders,encoders/x64/zutto_dekiru,"Zutto Dekiru",manual,
encoders,encoders/mipsbe/longxor,"XOR Encoder",,
encoders,encoders/mipsbe/byte_xori,"Byte XORi Encoder",normal,
encoders,encoders/ruby/base64,"Ruby Base64 Encoder",great,
encoders,encoders/x86/opt_sub,"Sub Encoder (optimised)",manual,
encoders,encoders/x86/nonalpha,"Non-Alpha Encoder",low,
encoders,encoders/x86/service,"Register Service",manual,
encoders,encoders/x86/shikata_ga_nai,"Polymorphic XOR Additive Feedback Encoder",excellent,
encoders,encoders/x86/fnstenv_mov,"Variable-length Fnstenv/mov Dword XOR Encoder",,
encoders,encoders/x86/xor_dynamic,"Dynamic Key XOR Encoder",,
encoders,encoders/x86/call4_dword_xor,"Call+4 Dword XOR Encoder",,
encoders,encoders/x86/context_stat,"stat(2)-based Context Keyed Payload Encoder",manual,
encoders,encoders/x86/alpha_upper,"Alpha2 Alphanumeric Uppercase Encoder",low,
encoders,encoders/x86/alpha_mixed,"Alpha2 Alphanumeric Mixedcase Encoder",low,
encoders,encoders/x86/single_static_bit,"Single Static Bit",manual,
encoders,encoders/x86/avoid_utf8_tolower,"Avoid UTF8/tolower",manual,
encoders,encoders/x86/avoid_underscore_tolower,"Avoid underscore/tolower",manual,CVE-2012-2329
encoders,encoders/x86/countdown,"Single-byte XOR Countdown Encoder",,
encoders,encoders/x86/context_cpuid,"CPUID-based Context Keyed Payload Encoder",manual,
encoders,encoders/x86/unicode_mixed,"Alpha2 Alphanumeric Unicode Mixedcase Encoder",manual,
encoders,encoders/x86/jmp_call_additive,"Jump/Call XOR Additive Feedback Encoder",great,
encoders,encoders/x86/bmp_polyglot,"BMP Polyglot",manual,
encoders,encoders/x86/nonupper,"Non-Upper Encoder",low,
encoders,encoders/x86/xor_poly,"XOR POLY Encoder",,
encoders,encoders/x86/add_sub,"Add/Sub Encoder",manual,
encoders,encoders/x86/bloxor,"BloXor - A Metamorphic Block Based XOR Encoder",manual,
encoders,encoders/x86/context_time,"time(2)-based Context Keyed Payload Encoder",manual,
encoders,encoders/x86/unicode_upper,"Alpha2 Alphanumeric Unicode Uppercase Encoder",manual,
encoders,encoders/sparc/longxor_tag,"SPARC DWORD XOR Encoder",,
encoders,encoders/ppc/longxor_tag,"PPC LongXOR Encoder",,
encoders,encoders/ppc/longxor,"PPC LongXOR Encoder",,
nops,nops/riscv32le/simple,"Simple",,
nops,nops/cmd/generic,"Generic Command Nop Generator",,
nops,nops/aarch64/simple,"Simple",,
nops,nops/riscv64le/simple,"Simple",,
nops,nops/php/generic,"PHP Nop Generator",,
nops,nops/x64/simple,"Simple",,
nops,nops/mipsbe/better,"Better",,
nops,nops/tty/generic,"TTY Nop Generator",,
nops,nops/x86/single_byte,"Single Byte",,
nops,nops/x86/opty2,"Opty2",,
nops,nops/armle/simple,"Simple",,
nops,nops/sparc/random,"SPARC NOP Generator",,
nops,nops/loongarch64/simple,"Simple",,
nops,nops/ppc/simple,"Simple",,
evasion,evasion/windows/applocker_evasion_workflow_compiler,"Applocker Evasion - Microsoft Workflow Compiler",,
evasion,evasion/windows/applocker_evasion_msbuild,"Applocker Evasion - MSBuild",,
evasion,evasion/windows/windows_defender_exe,"Microsoft Windows Defender Evasive Executable",,
evasion,evasion/windows/windows_defender_js_hta,"Microsoft Windows Defender Evasive JS.Net and HTA",,
evasion,evasion/windows/applocker_evasion_regasm_regsvcs,"Applocker Evasion - Microsoft .NET Assembly Registration Utility",,
evasion,evasion/windows/syscall_inject,"Direct windows syscall evasion technique",,
evasion,evasion/windows/applocker_evasion_install_util,"Applocker Evasion - .NET Framework Installation Utility",,
evasion,evasion/windows/applocker_evasion_presentationhost,"Applocker Evasion - Windows Presentation Foundation Host",,
evasion,evasion/windows/process_herpaderping,"Process Herpaderping evasion technique",,
evasion,evasion/linux/aarch64/rc4_packer,"Linux RC4 Packer with In-Memory Execution",,
evasion,evasion/linux/x64/rc4_packer,"Linux RC4 Encrypted Payload Generator",,
evasion,evasion/linux/x86/rc4_packer,"Linux RC4 Packer with In-Memory Execution (x86)",,
